archive,index,name,offset,size,magic,sha256_head16
actors,0,Alfred.bdae,4248,520904,bin,7d9f3af7a0f0bfc0
actors,1,Alfred_low.bdae,525152,281984,bin,80720bb1cdcb4882
actors,2,bane.bdae,807136,567624,bin,0467e82aa9fdbc21
actors,3,bane_low.bdae,1374760,304780,bin,778591293083e2aa
actors,4,Bane_mercenary.bdae,1679540,1229264,bin,f06f9c456886e2a4
actors,5,Bane_mercenary_low.bdae,2908804,750064,bin,00e4d6ac034030ae
actors,6,Batarang.bdae,3658868,10708,bin,727f7d036e0f7588
actors,7,BatarangEMP.bdae,3669576,12680,bin,25a0495dc5526c1a
actors,8,BatarangEMP_Anim.bdae,3682256,13236,bin,3f505eed67449d9e
actors,9,Batarang_Anim.bdae,3695492,14400,bin,359d113ebf881a56
actors,10,batman.bdae,3709892,450892,bin,3f75c25a68284574
actors,11,batman_anims.bdae,4160784,43683488,bin,e4c1112c2f918061
actors,12,batman_anims_low.bdae,47844272,29126256,bin,8b9f8c4346bcb3cb
actors,13,batman_dummies.bdae,76970528,1140,bin,d7b2a2498c2b0925
actors,14,batman_low.bdae,76971668,307412,bin,1be1c6f9fbd7bc3f
actors,15,Blind_prisoner.bdae,77279080,560612,bin,519c5ae4f420c42f
actors,16,Blind_prisoner_low.bdae,77839692,323936,bin,3c6eb6ee907587e0
actors,17,Boy_with_jaket.bdae,78163628,480180,bin,b20a478e0c825ffb
actors,18,Boy_with_jaket_low.bdae,78643808,261276,bin,1d6dea1f31c24765
actors,19,Boy_with_jeans.bdae,78905084,427592,bin,a5a5a768936d0659
actors,20,Boy_with_jeans_low.bdae,79332676,240796,bin,6c111ad5e2241207
actors,21,BrucePit.bdae,79573472,248656,bin,ef8ee7a237db1e94
actors,22,BrucePit_low.bdae,79822128,145096,bin,df223592a213e610
actors,23,Catwoman.bdae,79967224,637104,bin,7d4d7a1a971d9470
actors,24,Catwoman_anims.bdae,80604328,5986832,bin,b314a64e0f94c36e
actors,25,Catwoman_anims_low.bdae,86591160,3799156,bin,02e5415570df0b94
actors,26,Catwoman_low.bdae,90390316,374092,bin,e362b2fbbb2e95a3
actors,27,Checkpoint.bdae,90764408,6736,bin,54e9fb756783e8b2
actors,28,Checkpoint_Green.bdae,90771144,57716,bin,6be0edb0f7d204cd
actors,29,Checkpoint_New.bdae,90828860,30804,bin,660500d9ef8db305
actors,30,Checkpoint_New_orange.bdae,90859664,5216,bin,68ed7c2f48d179f8
actors,31,Checkpoint_New_Red.bdae,90864880,36632,bin,a2ffbbd0cb246668
actors,32,Checkpoint_User.bdae,90901512,31992,bin,8e92b5268f01bf5b
actors,33,collectibles_Blueprint.bdae,90933504,6304,bin,a75f83c0cd0de2a0
actors,34,collectibles_Blueprint_Anim.bdae,90939808,11396,bin,fb0c683e48a3ee72
actors,35,collectibles_Briefcase.bdae,90951204,12976,bin,aa1aa725cfc99942
actors,36,collectibles_Briefcase_Anim.bdae,90964180,17548,bin,1853d7b2caaa55a1
actors,37,collectibles_Graffiti.bdae,90981728,5644,bin,5099109b4d928a5b
actors,38,collectibles_Graffiti2.bdae,90987372,5644,bin,5099109b4d928a5b
actors,39,collectibles_Graffiti2_Anim.bdae,90993016,12068,bin,4cfaba1c1d05b5a2
actors,40,collectibles_Graffiti_Anim.bdae,91005084,12196,bin,af57cf0eabb5150e
actors,41,collectibles_PoliceFile.bdae,91017280,5720,bin,0f7b8aa16518e0c6
actors,42,collectibles_PoliceFile_Anim.bdae,91023000,10620,bin,0791080a1d2f8c22
actors,43,collectibles_USBStick.bdae,91033620,12204,bin,8d5d4815f9b3fd6d
actors,44,collectibles_USBStick_Anim.bdae,91045824,16756,bin,141eb6e15cfd0495
actors,45,crowbar.bdae,91062580,8008,bin,63ba73dca8b19b90
actors,46,Escaped_convict.bdae,91070588,587684,bin,eacfa61e4b758979
actors,47,Escaped_convict_low.bdae,91658272,331048,bin,a3810f18415f29c2
actors,48,flashGrenade.bdae,91989320,19564,bin,835389b13cc79618
actors,49,GC_Gargoyle_Test.bdae,92008884,63548,bin,1ee21cc0142fc4f7
actors,50,GC_Gargoyle_Test_Collision.bdae,92072432,90480,bin,f4c98f0a0733febf
actors,51,GC_StockExchange_Props_Gargoyle.bdae,92162912,19460,bin,ab669d64257b0f89
actors,52,GC_StockExchange_Props_Gargoyle_Collision.bdae,92182372,97312,bin,ea444f92a4ad881e
actors,53,GC_StockExchange_Props_Stand.bdae,92279684,39152,bin,b7d3b4394821540e
actors,54,GC_StockExchange_Props_Stand_Collision.bdae,92318836,84712,bin,13f4d5646bb47bce
actors,55,GC_StockExchange_Props_Stand_mic.bdae,92403548,39192,bin,dcaff037a4aaeac4
actors,56,GC_StockExchange_Props_Stand_mic_Collision.bdae,92442740,97360,bin,192d82065e721112
actors,57,Generic_Male_Suit.bdae,92540100,508096,bin,0ae1e1f397d20be6
actors,58,Generic_Male_Suit_low.bdae,93048196,276628,bin,191b4f448f6e3147
actors,59,Girl_with_jacket.bdae,93324824,491964,bin,2f1150d269109dd2
actors,60,Girl_with_jacket_low.bdae,93816788,275588,bin,837a5e4ea263b8f2
actors,61,Girl_with_jeans.bdae,94092376,468144,bin,576e4647a49797ce
actors,62,Girl_with_jeans_low.bdae,94560520,253324,bin,d71d6745c8b0f21e
actors,63,Grapnel_Gun.bdae,94813844,51572,bin,f4c2da06b57acb4f
actors,64,Guard.bdae,94865416,531296,bin,fd69b17e8c1ea3a4
actors,65,Guard_low.bdae,95396712,285748,bin,aa43300567ee9fad
actors,66,Heckler_Koch_Assault_Rifle.bdae,95682460,45836,bin,ebb65a7ab40506ff
actors,67,Heckler_Koch_Assault_Rifle_Anim.bdae,95728296,115228,bin,f8139c413ce07718
actors,68,HE_grenade.bdae,95843524,18744,bin,9d08017fda21fa9e
actors,69,JamesGordon.bdae,95862268,548996,bin,70c0549e3a69bfad
actors,70,JamesGordon_low.bdae,96411264,337452,bin,c181729c68f3aa3b
actors,71,JohnBlake.bdae,96748716,477044,bin,45b874a87b81419f
actors,72,JohnBlake_low.bdae,97225760,266216,bin,6d953fa606759f47
actors,73,LuciusFox.bdae,97491976,437444,bin,de19fab0a51053d5
actors,74,LuciusFox_low.bdae,97929420,269636,bin,ea8d22369534adc0
actors,75,MC_Shadow.bdae,98199056,2328,bin,3b5ed5d86183bfc6
actors,76,MirandaTate.bdae,98201384,541492,bin,7284ff8fb0a42918
actors,77,MirandaTate_low.bdae,98742876,315708,bin,10c32bb2d1a0379c
actors,78,muzzleflash_01.bdae,99058584,2108,bin,a75d9dc820ee6d50
actors,79,ObjectiveArrow.bdae,99060692,3288,bin,856f3a38883f8378
actors,80,Occluder.bdae,99063980,9112,bin,1c636e844a2e75a5
actors,81,OccluderBox.bdae,99073092,9120,bin,2d458c9b8f3e52b8
actors,82,OccluderCylinder.bdae,99082212,9716,bin,9db4bc338514f5d8
actors,83,OccluderPlane.bdae,99091928,8428,bin,3398ce78bc47b758
actors,84,PitConvict.bdae,99100356,531848,bin,9e3201f05901bec9
actors,85,PitConvict_low.bdae,99632204,266244,bin,f59f1e6c49f59117
actors,86,PlayerCamera.bdae,99898448,15844,bin,f7299b225c664698
actors,87,QuestIcon_counterattack.bdae,99914292,25304,bin,8d775f252d718ae8
actors,88,rock.bdae,99939596,4704,bin,306514b74b931251
actors,89,rocket.bdae,99944300,3824,bin,2e8f7868b181decf
actors,90,RocketLauncher.bdae,99948124,16908,bin,861bc3e2367fb056
actors,91,rocket_Anim.bdae,99965032,5268,bin,38b35f4439b352bc
actors,92,rockpile.bdae,99970300,61944,bin,0bb0146d2d139c39
actors,93,rockpile_collision.bdae,100032244,101632,bin,04e6a4b1ffb9355b
actors,94,rock_anim.bdae,100133876,1928,bin,c005abaf483bfe7b
actors,95,Scarecrow.bdae,100135804,534444,bin,56691e903cd97df9
actors,96,Scarecrow_low.bdae,100670248,349704,bin,b01f14a8ad715038
actors,97,SelinaKyle.bdae,101019952,562872,bin,8d6afeeae2ad88f6
actors,98,SelinaKyle_low.bdae,101582824,315732,bin,7425ce2df70a1ebd
actors,99,SmokeGrenade.bdae,101898556,26020,bin,c94501127904d900
actors,100,SniperRifel.bdae,101924576,43400,bin,f35335b24e5fe35c
actors,101,SniperRifel_Anim.bdae,101967976,122108,bin,9e1f343698e245b1
actors,102,Stryver.bdae,102090084,499944,bin,4a2283a818e33c88
actors,103,Stryver_low.bdae,102590028,278244,bin,57e58a4c5691a6e1
actors,104,StunGrenade.bdae,102868272,26020,bin,c94501127904d900
actors,105,Trail.bdae,102894292,4500,bin,1a01ea8e368d4a98
actors,106,turret_Anim.bdae,102898792,165780,bin,2a5073e970cbcf67
actors,107,turret_collision.bdae,103064572,9440,bin,3dbc049a4972392a
actors,108,turret_mesh.bdae,103074012,70964,bin,c02d130fdb0291d6
actors,109,Umbrella_Anim.bdae,103144976,14560,bin,0ae5acc13f5c341f
actors,110,Umbrella_morph.bdae,103159536,12840,bin,a00e94ad8bdd610a
actors,111,WalkingStick.bdae,103172376,11172,bin,b64603a4d581cf3f
actors,112,weapons_knife.bdae,103183548,7924,bin,a160a63b3738069f
cinematics,0,cam_simple_0-100_anim.bdae,2055,2268,bin,f75ab42e1cbdf997
cinematics,1,cam_simple_0-100_mesh.bdae,4323,2268,bin,f75ab42e1cbdf997
cinematics,2,Cutscene_01_City_Survey_anim.bdae,6591,1637428,bin,37220ecaf1205a1a
cinematics,3,Cutscene_01_City_Survey_cam.bdae,1644019,34476,bin,83c44ea324d17d36
cinematics,4,Cutscene_01_City_Survey_cam2.bdae,1678495,24952,bin,b21ad5cf32b6198f
cinematics,5,Cutscene_01_City_Survey_cam3.bdae,1703447,34488,bin,08f4592b155d5660
cinematics,6,Cutscene_01_City_Survey_cam4.bdae,1737935,34488,bin,08f4592b155d5660
cinematics,7,Cutscene_01_City_Survey_cam_turn_arround.bdae,1772423,10380,bin,ddbb61496382b88e
cinematics,8,Cutscene_01_City_Survey_mesh.bdae,1782803,304708,bin,74413fff7b26c20f
cinematics,9,Cutscene_02_Fall_On_Car_anim.bdae,2087511,658908,bin,fc1df1fdf460275c
cinematics,10,Cutscene_02_Fall_On_Car_cam.bdae,2746419,3044,bin,e14a182f9dfa01ca
cinematics,11,Cutscene_02_Fall_On_Car_mesh.bdae,2749463,304704,bin,13a09e49b49d89f8
cinematics,12,Cutscene_03_Heli_SE_Entrance_anim.bdae,3054167,475596,bin,ee616cbcc0e56816
cinematics,13,Cutscene_03_Heli_SE_Entrance_anim_01.bdae,3529763,423616,bin,a2bab6c9fbe05ca0
cinematics,14,Cutscene_03_Heli_SE_Entrance_anim_01_TEST.bdae,3953379,762844,bin,1e2eea5999fc144a
cinematics,15,Cutscene_03_Heli_SE_Entrance_anim_02.bdae,4716223,49744,bin,4d36691103e630b7
cinematics,16,Cutscene_03_Heli_SE_Entrance_camera.bdae,4765967,160108,bin,29aaf10de950252a
cinematics,17,Cutscene_03_Heli_SE_Entrance_camera_01.bdae,4926075,24792,bin,7c97cfc9515f8e6f
cinematics,18,Cutscene_03_Heli_SE_Entrance_camera_02.bdae,4950867,6192,bin,b3a50d12880d24fc
cinematics,19,Cutscene_03_Heli_SE_Entrance_Cam_01_TEST.bdae,4957059,447996,bin,a3f3e1a1e0d72ffb
cinematics,20,Cutscene_03_Heli_SE_Entrance_mesh.bdae,5405055,366072,bin,889f3192ffe5da7b
cinematics,21,Cutscene_03_Heli_SE_Entrance_mesh_01.bdae,5771127,662724,bin,37c8cd727429e448
cinematics,22,Cutscene_03_Heli_SE_Entrance_mesh_01_TEST.bdae,6433851,343396,bin,db08c10b34ff4c7d
cinematics,23,Cutscene_03_Heli_SE_Entrance_mesh_02.bdae,6777247,358912,bin,4cd82da6b1ade276
cinematics,24,Cutscene_03_Seq02_anim_TEST.bdae,7136159,390788,bin,baaa54814226fc5a
cinematics,25,Cutscene_03_Seq02_Cam_anim.bdae,7526947,11368,bin,1eeda462c1f41fdf
cinematics,26,Cutscene_03_Seq02_Cam_TEST.bdae,7538315,62868,bin,72505bf2d5e63246
cinematics,27,Cutscene_03_Seq02_Mesh.bdae,7601183,662724,bin,37c8cd727429e448
cinematics,28,Cutscene_03_Seq02_Mesh_Anim.bdae,8263907,1028844,bin,2f1e6729df7c1ac7
cinematics,29,Cutscene_03_Seq02_Mesh_TEST.bdae,9292751,343396,bin,db08c10b34ff4c7d
cinematics,30,Cutscene_Bane_talk_thepit_anim.bdae,9636147,1749036,bin,c974d72710fff7e0
cinematics,31,Cutscene_Bane_talk_thepit_cam.bdae,11385183,844936,bin,552bc6dd7ea63935
cinematics,32,Cutscene_Bane_talk_thepit_mesh.bdae,12230119,270856,bin,e0b0f500d2646508
cinematics,33,Cutscene_ThePit_anim.bdae,12500975,1170688,bin,d11a825cff5938d4
cinematics,34,Cutscene_ThePit_cam.bdae,13671663,887320,bin,baec917fd8602699
cinematics,35,Cutscene_ThePit_mesh.bdae,14558983,246808,bin,0bc19d920026c22f
cinematics,36,testClimb_anim.bdae,14805791,1122168,bin,edfe41554821ab05
cinematics,37,testClimb_cam.bdae,15927959,812668,bin,243f521082c29348
cinematics,38,testClimb_mesh.bdae,16740627,246892,bin,9cececae170e6e7f
cinematics,39,test_anim.bdae,16987519,18136,bin,ad4e122b1b7197f4
cinematics,40,test_mesh.bdae,17005655,18136,bin,ad4e122b1b7197f4
commons,0,Alert_Post.bdae,4806,16432,bin,b4300b4377614340
commons,1,Alert_Post_Anim.bdae,21238,4140,bin,90045a6704667694
commons,2,Alert_Post_Collision.bdae,25378,84056,bin,a10710f85b128635
commons,3,Barricade.bdae,109434,33024,bin,bfcdd31e2f3373ef
commons,4,Barricade2.bdae,142458,33040,bin,816ef1a965eb77ee
commons,5,Barricade2_Anim.bdae,175498,16696,bin,2646fe77be678e8a
commons,6,Barricade_Anim.bdae,192194,16684,bin,4bdb5cdf6c459f2d
commons,7,Barricade_Collision_Final.bdae,208878,65424,bin,ca8b0fba68bdc517
commons,8,Barricade_Collision_Start.bdae,274302,65304,bin,160d55fd3446767f
commons,9,batarangEMP_pickup.bdae,339606,50672,bin,97f543e2226b5463
commons,10,batarangEMP_pickup_Anim.bdae,390278,63092,bin,2b7ef7f293443272
commons,11,batarang_pickup.bdae,453370,22748,bin,f6503481f7b00ae3
commons,12,batarang_pickup_Anim.bdae,476118,31936,bin,d11a350a2ed83594
commons,13,debug_irradiance_sphere.bdae,508054,18492,bin,1aae8e6dea24009c
commons,14,destroyable_crates_anim.bdae,526546,133624,bin,5c4c269b359fb796
commons,15,destroyable_crates_collision.bdae,660170,65640,bin,b10afd5d2480af9b
commons,16,destroyable_crates_mesh.bdae,725810,80664,bin,8077a4ae7f7ae484
commons,17,destroyable_crates_mesh_end.bdae,806474,41232,bin,a3a3565636385fd4
commons,18,destroyable_crate_anim.bdae,847706,63352,bin,4617f5d864dcedae
commons,19,destroyable_crate_collision.bdae,911058,65140,bin,76ae62824194ebb8
commons,20,destroyable_crate_mesh.bdae,976198,41888,bin,1faef1b9477167f1
commons,21,destroyable_crate_mesh_end.bdae,1018086,25824,bin,dd07f62e6d035b85
commons,22,Detonator.bdae,1043910,11744,bin,2cc6c318f204a9d3
commons,23,distort_gadgetvision.bdae,1055654,2808,bin,6dc8b519ba0a350b
commons,24,distort_punch.bdae,1058462,3060,bin,9e021621b7a2e064
commons,25,distort_water.bdae,1061522,49708,bin,1ce28553e27529ee
commons,26,distort_water_morph_anim1.bdae,1111230,95852,bin,5b5ca0fd9e23e4c5
commons,27,distort_water_morph_anim2.bdae,1207082,102188,bin,4273d0c61ec6a59d
commons,28,distort_water_morph_anim3.bdae,1309270,102188,bin,4273d0c61ec6a59d
commons,29,distort_water_morph_anim4.bdae,1411458,92684,bin,cfac8b9908b7d238
commons,30,distort_water_morph_anim5.bdae,1504142,95852,bin,5b5ca0fd9e23e4c5
commons,31,distort_water_morph_anim6.bdae,1599994,11096,bin,2e79be009129c2fb
commons,32,distort_water_morph_anim7.bdae,1611090,11096,bin,2e79be009129c2fb
commons,33,distort_water_morph_anim8.bdae,1622186,12680,bin,25a0495dc5526c1a
commons,34,distort_water_morph_anim9.bdae,1634866,12648,bin,8991c12b1af3bd54
commons,35,electric_pannell.bdae,1647514,12896,bin,f00ab2c715140795
commons,36,electric_pannell_anim.bdae,1660410,2820,bin,d3078e527b250845
commons,37,electric_pannell_anim_morph.bdae,1663230,2824,bin,a54c98d21e05df80
commons,38,electric_pannell_morph.bdae,1666054,12880,bin,908d8bfdcefb93ab
commons,39,electric_pannel_morph.bdae,1678934,12936,bin,721336c31ad5781e
commons,40,electric_pannel_morph_anim.bdae,1691870,2824,bin,a54c98d21e05df80
commons,41,ExhaustFan.bdae,1694694,20504,bin,001549a7efe9e0b3
commons,42,ExhaustFan_collision.bdae,1715198,2780,bin,7ce0d6649c2f5df6
commons,43,Explosive_Pack.bdae,1717978,44404,bin,990cee571ae4ffdd
commons,44,Explosive_Pack_Anim.bdae,1762382,684,bin,b03c706405d7230a
commons,45,Explosive_Pack_Collision.bdae,1763066,84512,bin,c2bc18aa31d0876e
commons,46,Explosive_Pack_green.bdae,1847578,44424,bin,b262ddda8b406c8c
commons,47,flashBangs_pickup.bdae,1892002,58828,bin,1412b1ac8e818582
commons,48,flashBangs_pickup_anim.bdae,1950830,65536,bin,add0e0ce473fa15a
commons,49,FlippedPlane.bdae,2016366,9672,bin,0dd493bb1b6f7d87
commons,50,forcefield_nopass.bdae,2026038,3032,bin,f69b4adce9d27173
commons,51,FX_Rain.bdae,2029070,8308,bin,13e84a2b09fd1062
commons,52,FX_Rain_Plane.bdae,2037378,2184,bin,9c3eec541051aa05
commons,53,garbagecan_round_onfire.bdae,2039562,5500,bin,7533d395c4177675
commons,54,garbagecan_round_onfire_anim.bdae,2045062,364,bin,ccd88f16d629b607
commons,55,garbagecan_round_onfire_Collision.bdae,2045426,96876,bin,7b2d79771b4b4e9b
commons,56,garbagecan_taper_onfire.bdae,2142302,5468,bin,893e168cd876ad9e
commons,57,garbagecan_taper_onfire_anim.bdae,2147770,364,bin,ccd88f16d629b607
commons,58,garbagecan_taper_onfire_Collision.bdae,2148134,96876,bin,7b2d79771b4b4e9b
commons,59,garbage_shelter.bdae,2245010,29876,bin,b204c87f83eeba86
commons,60,GC_FX_Corona_v01.bdae,2274886,5448,bin,75e390f914c9ee36
commons,61,GC_FX_Corona_v02.bdae,2280334,5448,bin,75e390f914c9ee36
commons,62,GC_FX_Corona_v03.bdae,2285782,5448,bin,75e390f914c9ee36
commons,63,GC_FX_Corona_v04.bdae,2291230,5448,bin,75e390f914c9ee36
commons,64,GC_FX_Corona_v05.bdae,2296678,5448,bin,75e390f914c9ee36
commons,65,gc_irr.bdae,2302126,2712,bin,80d22c81187658ff
commons,66,GC_Residential_Prop_Streetlight_Corona.bdae,2304838,7912,bin,838f0a77b884a238
commons,67,GC_Residential_Prop_Streetlight_Corona_Animated.bdae,2312750,10024,bin,d9f7bc12d4f5177f
commons,68,GC_Residential_Prop_Streetlight_Corona_v2.bdae,2322774,8072,bin,421b95b086815500
commons,69,GC_Residential_Prop_Streetlight_Corona_v2_Animated.bdae,2330846,10184,bin,c8b2c693c0f7f491
commons,70,GC_Residential_Prop_Streetlight_Corona_v3.bdae,2341030,7912,bin,838f0a77b884a238
commons,71,GC_Residential_Prop_Streetlight_Corona_v3_Animated.bdae,2348942,10024,bin,d9f7bc12d4f5177f
commons,72,GC_Skybox.bdae,2358966,28768,bin,02253c211ff66f01
commons,73,GC_Skybox_Island2.bdae,2387734,28812,bin,708f0af242ca9d30
commons,74,GC_Skybox_WithFog.bdae,2416546,14816,bin,fb0e7fc23f1211fc
commons,75,GroundOilTank.bdae,2431362,21136,bin,bd533c6b31b8752c
commons,76,heliOilTank.bdae,2452498,33572,bin,54e742598d5face6
commons,77,MilitaryLaser_anim.bdae,2486070,280532,bin,a29208cb93931cf8
commons,78,MilitaryLaser_Beam.bdae,2766602,5428,bin,2a8f4a617eea34af
commons,79,MilitaryLaser_collision.bdae,2772030,90172,bin,4510c4f5e7f7c799
commons,80,MilitaryLaser_morph.bdae,2862202,426968,bin,fdab0c824f4bb1a0
commons,81,Military_Streetlight_Corona.bdae,3289170,5200,bin,ae79836199847e47
commons,82,Military_Streetlight_Corona_Animated.bdae,3294370,6192,bin,b3a50d12880d24fc
commons,83,mine_blue.bdae,3300562,33876,bin,61795f61170cc202
commons,84,mine_collision.bdae,3334438,94236,bin,9d75b50575504ecf
commons,85,mine_red.bdae,3428674,33876,bin,61795f61170cc202
commons,86,securityDevice.bdae,3462550,9568,bin,2da0153f8d45e219
commons,87,securityDevice_Anim.bdae,3472118,12140,bin,e59d92ee78642f17
commons,88,Simple_C4.bdae,3484258,15340,bin,dda3b7981a892a29
commons,89,Simple_C4_Collision.bdae,3499598,83900,bin,08e23fede79d0d6d
commons,90,smokeGrenades_pickup.bdae,3583498,10576,bin,82f07b9f9c8498b7
commons,91,smokeGrenades_pickup_Anim.bdae,3594074,16788,bin,76f6a987de33b742
commons,92,Stash.bdae,3610862,9528,bin,c9bf38a398e31329
commons,93,Stash_Anim.bdae,3620390,1788,bin,4290423a97abdacf
commons,94,Stash_cable_anim.bdae,3622178,4808,bin,d869847abfa712e2
commons,95,Stash_cable_mesh.bdae,3626986,37208,bin,4d310a462afcbbbd
commons,96,Stash_Collision.bdae,3664194,84060,bin,211171ab00816fea
commons,97,Stash_released.bdae,3748254,22928,bin,85d3639e1dcc275f
commons,98,Stash_released_anim.bdae,3771182,856,bin,4f5e8e1f4f24ff38
commons,99,Stash_released_collision.bdae,3772038,65148,bin,97595debb22da69c
commons,100,StorageBox.bdae,3837186,39992,bin,de5441d8a0a4173b
commons,101,StorageBox_Anim.bdae,3877178,53952,bin,cea431ef84ce0b3e
commons,102,StorageBox_Collision.bdae,3931130,84216,bin,2ef2ec0085f51031
commons,103,stunGrenades_pickup.bdae,4015346,17480,bin,72733275e338afc3
commons,104,stunGrenades_pickup_Anim.bdae,4032826,24252,bin,f9793e900b163178
commons,105,surveillance_camera.bdae,4057078,19104,bin,5938e9ad587d2829
commons,106,surveillance_camera_anim.bdae,4076182,26388,bin,4e220e82431eb75c
commons,107,ThePitCargo.bdae,4102570,27268,bin,c9f3a63505308b12
commons,108,ThePitCargo_Anim.bdae,4129838,9500,bin,2f20468e6981615d
commons,109,ThePitCargo_Collision.bdae,4139338,86968,bin,d5894564624a7e50
commons,110,WaterDrop.bdae,4226306,2332,bin,5b2bb727481e1eaa
commons,111,WaterSplash.bdae,4228638,2952,bin,4fa1700ea8ce82ca
commons,112,wayneTechPoints.bdae,4231590,5488,bin,391d0001d8ec34b8
commons,113,wayneTechPoints_Anim.bdae,4237078,10076,bin,c41b8669b9c9874a
effects,0,AlphaMasking.bdae,5767,48057,bin,fe6023b12355373b
effects,1,Anim_UV.bdae,53824,63773,bin,1826caf1315336f8
effects,2,Cape.bdae,117597,25431,bin,8e4fb3a9fb6c80b6
effects,3,DiffuseSpecular.bdae,143028,56386,bin,020f210de193fac5
effects,4,Effects.bdae,199414,26013,bin,69afb660a1dcc939
effects,5,LightMapDC.bdae,225427,91735,bin,5aa26deb4cd45572
effects,6,LightmapVCBlendDC.bdae,317162,41294,bin,25aa0f11b98561bc
effects,7,MultiTexturing.bdae,358456,40826,bin,9e1ba6ba4be33e70
effects,8,NormalMap.bdae,399282,76626,bin,c3036a3408207617
effects,9,NV_Coronas.bdae,475908,21222,bin,84f61d293cb6b736
effects,10,NV_Distorsion.bdae,497130,38877,bin,6cc66c9f36bbf8c7
effects,11,NV_Glass.bdae,536007,92946,bin,2b08b0dd9f31d4a2
effects,12,Objectives.bdae,628953,22347,bin,79146dda852e2646
effects,13,PostEffect.bdae,651300,123202,bin,c4a68053291392c8
effects,14,Reflections.bdae,774502,11418,bin,d3f464eec15ab9e1
effects,15,SimpleAdditive.bdae,785920,32248,bin,d8298582b7fca6a3
effects,16,SimpleColor.bdae,818168,13793,bin,4995477d6c2a5bbb
effects,17,SimpleIrradiance.bdae,831961,19023,bin,133da04b2ca4dd9b
effects,18,SimpleModulateAll.bdae,850984,39473,bin,91225ca27ff374d2
effects,19,SkinCharacterSpecularMapDC.bdae,890457,37174,bin,3e53756242665eb2
effects,20,Skybox.bdae,927631,15303,bin,64396e6c9f38cb42
effects,21,StandardDiffuseAll.bdae,942934,37907,bin,31fad662e72049a4
effects,22,TDKR-Vehicles.bdae,980841,27090,bin,b284aa9bb34a3051
effects,23,TerrainEffects.bdae,1007931,39947,bin,ae4ec4e4e6c3584e
effects,24,Weapons.bdae,1047878,29895,bin,9a2d8d0bb71565e0
effects,25,WetMan.bdae,1077773,25016,bin,915c3576ee1a77a1
effects,26,material_maps.xml,1102789,675,bin,cf64f20b95e5f64a
effects,27,AlphaMasking-f.glsl,1103464,4143,bin,70d69a5cd83f9ae0
effects,28,AlphaMasking-v.glsl,1107607,5011,bin,70d69a5cd83f9ae0
effects,29,Anim_Uv-f.glsl,1112618,3062,bin,78060d78be01f72e
effects,30,Anim_UV-v.glsl,1115680,2690,bin,d1e350b14c51333f
effects,31,BatSonar-f.glsl,1118370,2218,bin,769511c2249495cd
effects,32,BatSonar-v.glsl,1120588,1598,bin,769511c2249495cd
effects,33,DiffuseLightSpecRef-f.glsl,1122186,6317,bin,70d69a5cd83f9ae0
effects,34,DiffuseLightSpecRef-v.glsl,1128503,5507,bin,70d69a5cd83f9ae0
effects,35,DiffuseSpec-f.glsl,1134010,5963,bin,70d69a5cd83f9ae0
effects,36,DiffuseSpec-v.glsl,1139973,6609,bin,70d69a5cd83f9ae0
effects,37,Effects-f.glsl,1146582,1237,bin,78060d78be01f72e
effects,38,Effects-v.glsl,1147819,1621,bin,a0ca7c22575e1369
effects,39,LightMapDC-f.glsl,1149440,9138,bin,70d69a5cd83f9ae0
effects,40,LightMapDC-v.glsl,1158578,5582,bin,70d69a5cd83f9ae0
effects,41,LightmapVCBlendDC-f.glsl,1164160,4057,bin,70d69a5cd83f9ae0
effects,42,LightmapVCBlendDC-v.glsl,1168217,4258,bin,70d69a5cd83f9ae0
effects,43,MultiTexturing-f.glsl,1172475,1747,bin,7b375befe113de36
effects,44,MultiTexturing-v.glsl,1174222,2060,bin,d1e350b14c51333f
effects,45,NV_Coronas_FS.glsl,1176282,2057,bin,4376cfd081573ec5
effects,46,NV_Coronas_VS.glsl,1178339,431,bin,3a38787ab40b484b
effects,47,NV_Distortion_FS.glsl,1178770,2694,bin,374fa25b155d2d75
effects,48,NV_Distortion_VS.glsl,1181464,1455,bin,e0b02c24b298ad8f
effects,49,NV_Glass_FS.glsl,1182919,8198,bin,70d69a5cd83f9ae0
effects,50,NV_Glass_VS.glsl,1191117,5503,bin,08e4aa14ce61a58d
effects,51,Reflections-f.glsl,1196620,2079,bin,2b29d4a0787722b1
effects,52,Reflections-v.glsl,1198699,870,bin,d1e350b14c51333f
effects,53,SimpleAdditive-f.glsl,1199569,1929,bin,a15210e4f0dafe77
effects,54,SimpleAdditive-v.glsl,1201498,1516,bin,915ffdb62f795f79
effects,55,SimpleColor-f.glsl,1203014,158,bin,78f836dce87443ca
effects,56,SimpleColor-v.glsl,1203172,771,bin,d1e350b14c51333f
effects,57,SimpleIrradiance-f.glsl,1203943,508,bin,374fa25b155d2d75
effects,58,SimpleIrradiance-v.glsl,1204451,2118,bin,d1e350b14c51333f
effects,59,SimpleModulateDC-f.glsl,1206569,3477,bin,70d69a5cd83f9ae0
effects,60,SimpleModulateDC-v.glsl,1210046,4166,bin,70d69a5cd83f9ae0
effects,61,SkinCharacterSpecularMapDC-f.glsl,1214212,3994,bin,70d69a5cd83f9ae0
effects,62,SkinCharacterSpecularMapDC-v.glsl,1218206,7115,bin,d74e2297235909d6
effects,63,Skybox-f.glsl,1225321,1372,bin,147626c45d541f80
effects,64,Skybox-v.glsl,1226693,991,bin,8c6bccdd9689ce9a
effects,65,StandardDiffuseDC-f.glsl,1227684,2847,bin,7593919bb4abc372
effects,66,StandardDiffuseDC-v.glsl,1230531,4464,bin,d1e350b14c51333f
effects,67,StopLight-f.glsl,1234995,1688,bin,7b375befe113de36
effects,68,StopLight-v.glsl,1236683,1335,bin,d1e350b14c51333f
effects,69,Vehicle-f.glsl,1238018,4140,bin,70d69a5cd83f9ae0
effects,70,Vehicle-v.glsl,1242158,5777,bin,70d69a5cd83f9ae0
effects,71,Water-f.glsl,1247935,3005,bin,eed1c48a5cb19eae
effects,72,Water-v.glsl,1250940,2233,bin,eed1c48a5cb19eae
effects,73,WetMan-f.glsl,1253173,7371,bin,a7683f0dafc80f99
effects,74,WetMan-v.glsl,1260544,7374,bin,d74e2297235909d6
effects,75,glsl.config,1267918,139,bin,81c511cb055e55e7
effects,76,glsl_editor.config,1268057,2055,bin,78b240b935d3b3bd
effects,77,BlendFS.glsl,1270112,818,bin,81ec5d6a2c311641
effects,78,BlendVS.glsl,1270930,249,bin,e0b02c24b298ad8f
effects,79,BloomFS.glsl,1271179,751,bin,611135b3b5f08ab4
effects,80,BloomHDFS.glsl,1271930,1078,bin,611135b3b5f08ab4
effects,81,BloomHDVS.glsl,1273008,1098,bin,e0b02c24b298ad8f
effects,82,BloomVS.glsl,1274106,677,bin,e0b02c24b298ad8f
effects,83,BlurFS.glsl,1274783,1192,bin,7a4c3ac7bd1689ab
effects,84,BlurVS.glsl,1275975,261,bin,e0b02c24b298ad8f
effects,85,CCFS.glsl,1276236,669,bin,a206ed00bdfb1525
effects,86,CCFS2.glsl,1276905,564,bin,34c90932b0f94e3b
effects,87,CCVS.glsl,1277469,253,bin,e0b02c24b298ad8f
effects,88,ColorLevelsFS.glsl,1277722,252,bin,a4f47935f23d5140
effects,89,ColorLevelsVS.glsl,1277974,255,bin,e0b02c24b298ad8f
effects,90,DepthOfFieldFS.glsl,1278229,2464,bin,3ac0fe5db3ecbfd3
effects,91,DepthOfFieldVS.glsl,1280693,245,bin,d1e350b14c51333f
effects,92,FilterFS.glsl,1280938,1008,bin,611135b3b5f08ab4
effects,93,FilterVS.glsl,1281946,986,bin,e0b02c24b298ad8f
effects,94,FlashFS.glsl,1282932,722,bin,34c90932b0f94e3b
effects,95,FlashVS.glsl,1283654,677,bin,e0b02c24b298ad8f
effects,96,GrayFS.glsl,1284331,325,bin,34c90932b0f94e3b
effects,97,GrayVS.glsl,1284656,253,bin,e0b02c24b298ad8f
effects,98,HeatHazeFS.glsl,1284909,1308,bin,a206ed00bdfb1525
effects,99,HeatHazeVS.glsl,1286217,643,bin,e0b02c24b298ad8f
effects,100,HurtFS.glsl,1286860,623,bin,611135b3b5f08ab4
effects,101,HurtVS.glsl,1287483,344,bin,e0b02c24b298ad8f
effects,102,LensFS.glsl,1287827,357,bin,34c90932b0f94e3b
effects,103,LensVS.glsl,1288184,488,bin,e0b02c24b298ad8f
effects,104,NullFS.glsl,1288672,487,bin,34c90932b0f94e3b
effects,105,NullVS.glsl,1289159,253,bin,e0b02c24b298ad8f
effects,106,PhotoFS.glsl,1289412,380,bin,611135b3b5f08ab4
effects,107,PhotoVS.glsl,1289792,497,bin,e0b02c24b298ad8f
effects,108,RadialBlur2FP.glsl,1290289,2041,bin,b7bfa5ddabe2f580
effects,109,RadialBlur2VP.glsl,1292330,250,bin,e0b02c24b298ad8f
effects,110,SepiaFS.glsl,1292580,374,bin,a4f47935f23d5140
effects,111,SepiaVS.glsl,1292954,255,bin,e0b02c24b298ad8f
effects,112,ShockFP.glsl,1293209,746,bin,611135b3b5f08ab4
effects,113,ShockVP.glsl,1293955,251,bin,e0b02c24b298ad8f
effects,114,AlphaTest.bdae,1294206,26423,bin,2eb9d588fee09a7d
effects,115,CascadedShadow.bdae,1320629,41852,bin,a020b99ea22420af
effects,116,DefaultEffects.bdae,1362481,551047,bin,0cfb0c25156f6827
effects,117,dot3.bdae,1913528,31878,bin,7b97ec8c6c5a7238
effects,118,MultiPassDeferredShading.bdae,1945406,72646,bin,ca2eda85bdccf82f
effects,119,PVSTest.bdae,2018052,12109,bin,55fc855cc7456b9d
effects,120,QueryPassThrough.bdae,2030161,14958,bin,3822f548a53853d2
effects,121,RadialBlur.bdae,2045119,15198,bin,09fd93affca6115c
effects,122,ShadowMapDepth.bdae,2060317,9578,bin,2e29efef7b4e1bf0
effects,123,ShadowMapNoDepth.bdae,2069895,16043,bin,97b82827a2032af3
effects,124,ShadowProjection.bdae,2085938,62221,bin,b33ace096ed91782
effects,125,ShadowVolume.bdae,2148159,159145,bin,a0878046c91f3156
effects,126,SSAODeferred.bdae,2307304,35063,bin,4c71e40bc5243f48
effects,127,SSDeferredShading.bdae,2342367,46299,bin,9a0e4337c3d297af
effects,128,UnlitCubeMapReflection.bdae,2388666,23995,bin,08adb0ffbf3a87f4
effects,129,UnlitCubeMapShadow.bdae,2412661,40404,bin,5f6f328cc09a081f
effects,130,UnlitTextured3D.bdae,2453065,27306,bin,62b2a77da5926b9f
effects,131,CascadedShadow.glsl,2480371,13608,bin,fe90f8d5de13a85c
effects,132,DepthCubeFP.glsl,2493979,68,bin,4a4d90b1843357cd
effects,133,DepthCubeVP.glsl,2494047,193,bin,e0b02c24b298ad8f
effects,134,ForceCommitTextureFS.glsl,2494240,1638,bin,ccf907119b4f9382
effects,135,ForceCommitTextureVS.glsl,2495878,871,bin,ccf907119b4f9382
effects,136,MultiPassDeferredShadingPasteNormal.glsl,2496749,15578,bin,375aef95fd17d396
effects,137,passFP.glsl,2512327,65,bin,be2d4088a19c00e7
effects,138,passVP.glsl,2512392,303,bin,e0b02c24b298ad8f
effects,139,ProfileCOMMON_emul_FS.glsl,2512695,2423,bin,1943b33b23da4bd4
effects,140,ProfileCOMMON_emul_VS.glsl,2515118,8227,bin,1943b33b23da4bd4
effects,141,PVSTest_FP.glsl,2523345,296,bin,4bbe8e14998bc7e8
effects,142,PVSTest_VP.glsl,2523641,298,bin,e0b02c24b298ad8f
effects,143,RadialBlurFP.glsl,2523939,2492,bin,34c90932b0f94e3b
effects,144,RadialBlurVP.glsl,2526431,258,bin,e0b02c24b298ad8f
effects,145,SSAODeferred.glsl,2526689,9044,bin,fe90f8d5de13a85c
effects,146,SSDeferredShading.glsl,2535733,8039,bin,fe90f8d5de13a85c
effects,147,TwoTextureBlendFP.glsl,2543772,339,bin,34c90932b0f94e3b
effects,148,TwoTextureBlendNoViewProjVP.glsl,2544111,170,bin,e0b02c24b298ad8f
effects,149,UnlitCubeMapReflectionFP.glsl,2544281,807,bin,c04f944178d58ac4
effects,150,UnlitCubeMapReflectionVP.glsl,2545088,1018,bin,e0b02c24b298ad8f
effects,151,UnlitCubeMapShadowFP.glsl,2546106,883,bin,c04f944178d58ac4
effects,152,UnlitCubeMapShadowMapFP.glsl,2546989,2721,bin,435f5caeec53ae56
effects,153,UnlitCubeMapShadowMapVP.glsl,2549710,2131,bin,e0b02c24b298ad8f
effects,154,UnlitCubeMapShadowVP.glsl,2551841,619,bin,e0b02c24b298ad8f
effects,155,UnlitMaterialColorFP.glsl,2552460,78,bin,53ad0c003b07a938
effects,156,UnlitMaterialColorVP.glsl,2552538,249,bin,e0b02c24b298ad8f
effects,157,UnlitMultiTexturedFP.glsl,2552787,1004,bin,611135b3b5f08ab4
effects,158,UnlitOneTextureAndVertexColorVP.glsl,2553791,2630,bin,ccf907119b4f9382
effects,159,UnlitTexturedAlphaTestFP.glsl,2556421,278,bin,34c90932b0f94e3b
effects,160,UnlitTexturedBlendTextureAlphaFP.glsl,2556699,531,bin,611135b3b5f08ab4
effects,161,UnlitTexturedFP.glsl,2557230,2741,bin,ccf907119b4f9382
effects,162,UnlitVertexColorFP.glsl,2559971,78,bin,53ad0c003b07a938
effects,163,UnlitVertexColorVP.glsl,2560049,249,bin,e0b02c24b298ad8f
game_config,0,gol.bin,1744,1270660,bin,b9a414a9ceca6267
game_config,1,locations.bin,1272404,470,bin,ba310681262430f4
game_config,2,eventParameters.xml,1272874,5088,bin,99f8d3d662fdc83c
game_config,3,achievementsDescriptor.bin,1277962,10476,bin,042e20fbf023b3c9
game_config,4,Upgrades.bin,1288438,721,bin,6753d404951bdb15
game_config,5,Rewards.bin,1289159,354,bin,492e2d506757e152
game_config,6,Missions.bin,1289513,160,bin,e805ba0257eb3768
game_config,7,hosts.txt,1289673,16,bin,d85b5769d38d3804
game_config,8,shop.lvc,1289689,29747,bin,a0722dc0713fdf57
game_config,9,BatCave.lvc,1319436,528083,bin,1a78768704929c4c
game_config,10,BatCave.index,1847519,17,bin,77139a822127c2f0
game_config,11,batcave.edge,1847536,4486,bin,16ea32015dd6002d
game_config,12,BatCave_313590_navdata.nm,1852022,55629,bin,fc14d0766dd4d0ab
game_config,13,GothamCity.lvc,1907651,7421731,bin,86850a2aed97eeb1
game_config,14,GothamCity_Island2.lvc,9329382,5995015,bin,7135d245d9a82ba1
game_config,15,Test.lvc,15324397,966080,bin,aad03dbcd05ccfc0
game_config,16,GothamCity.index,16290477,303,bin,068a07a61175ab0d
game_config,17,GothamCity_Island2.index,16290780,108,bin,1893173ba37bcb76
game_config,18,Test.index,16290888,43,bin,f4a99a47bb319d7e
game_config,19,gothamcity.edge,16290931,495886,bin,d27719e8738df8bb
game_config,20,gothamcity_island2.edge,16786817,507290,bin,278f99e679bd6826
game_config,21,test.edge,17294107,87820,bin,2125d38ae6d9cfc9
game_config,22,GothamCity_502299_navdata.nm,17381927,1208898,bin,386de72b6a679886
game_config,23,GothamCity_Island2_86001_navdata.nm,18590825,1248757,bin,d4c4e7ad3371e51d
game_config,24,Test_500036_navdata.nm,19839582,257540,bin,38804ae8ed963426
game_config,25,l_menu.lvc,20097122,5121,bin,11ec019b22daea22
game_config,26,l_menu.index,20102243,17,bin,cf1188fba1178356
game_config,27,Military.lvc,20102260,590931,bin,c2026e983a6c538e
game_config,28,Military.index,20693191,121,bin,9310815a35c4ecd9
game_config,29,military.edge,20693312,19206,bin,3cfa833fa0d18fc7
game_config,30,Military_700266_navdata.nm,20712518,141231,bin,c41a17aaf8101138
game_config,31,Police_Station.lvc,20853749,459060,bin,571570c0d814cec3
game_config,32,Police_Station.index,21312809,69,bin,21b12264c1c0dfae
game_config,33,police_station.edge,21312878,10900,bin,2e0190544320876e
game_config,34,Police_Station_600213_navdata.nm,21323778,126428,bin,5a52cf78c7fa36e9
game_config,35,Stadion.lvc,21450206,275683,bin,5026b3b90722202b
game_config,36,Stadion.index,21725889,17,bin,b83b61bb0bfe9f2e
game_config,37,stadion.edge,21725906,7104,bin,3d8ac3c8617534a4
game_config,38,Stadion_800003_navdata.nm,21733010,89370,bin,d7ea341002631c1c
game_config,39,StockExchange.lvc,21822380,484326,bin,df10e12048dedbdf
game_config,40,StockExchange.index,22306706,17,bin,c1e923b5b8f72985
game_config,41,stockexchange.edge,22306723,314,bin,7a91431708c07c1c
game_config,42,StockExchange_800001_navdata.nm,22307037,43466,bin,8ca816db3453c99d
game_config,43,ThePit.lvc,22350503,2286195,bin,f52b915b8e413506
game_config,44,ThePit.index,24636698,147,bin,42f7e14e14a95058
game_config,45,thepit.edge,24636845,14274,bin,e1a2479dfa63442e
game_config,46,ThePit_1500197_navdata.nm,24651119,113202,bin,e842f57ca3cb63db
game_config,47,Underground.lvc,24764321,1411228,bin,45421f73481efea1
game_config,48,Underground.index,26175549,134,bin,fc74a57e1a350c79
game_config,49,underground.edge,26175683,5366,bin,5d559267dae22a4d
game_config,50,Underground_300093_navdata.nm,26181049,100086,bin,ec0233975a685fe0
gameswf_hires,0,BatmanHUD.swf,244,387354,bin,985a6c15da5f48fa
gameswf_hires,1,BatmanHUD_atlas132.tga,387598,10486160,bin,15d253d51fdab1d7
gameswf_hires,2,BatmanHUD_atlas9.tga,10873758,10486160,bin,7b60cae531c7a087
gameswf_hires,3,Shop.swf,21359918,168934,bin,6d24c4069ba91c2a
gameswf_hires,4,Shop_atlas1.tga,21528852,10486160,bin,a6a42b4ece169ab1
gameswf_hires,5,Shop_atlas37.tga,32015012,10486160,bin,7b60cae531c7a087
gameswf_hires,6,Shop_atlas7.tga,42501172,10486160,bin,ef35929ec1bff4fa
gameswf_i9000,0,batcave_minimap.swf,4928,254,bin,c6bfaa99d2292cec
gameswf_i9000,1,batcave_minimap_atlas1.tga,5182,262544,bin,72d6dcbd8db42489
gameswf_i9000,2,BatmanHUD.swf,267726,387465,bin,24776a19383d3230
gameswf_i9000,3,BatmanHUD_atlas11.tga,655191,262544,bin,72d6dcbd8db42489
gameswf_i9000,4,BatmanHUD_atlas38.tga,917735,262544,bin,72d6dcbd8db42489
gameswf_i9000,5,BatmanHUD_atlas49.tga,1180279,262544,bin,72d6dcbd8db42489
gameswf_i9000,6,BatmanHUD_atlas792.tga,1442823,262544,bin,72d6dcbd8db42489
gameswf_i9000,7,BatmanHUD_atlas9.tga,1705367,262544,bin,72d6dcbd8db42489
gameswf_i9000,8,gamemenu.swf,1967911,49995,bin,dd9b402cc733ab2e
gameswf_i9000,9,gamemenu_atlas2.tga,2017906,262544,bin,72d6dcbd8db42489
gameswf_i9000,10,gothamcity2_minimap.swf,2280450,840,bin,3ee60e4caa56d504
gameswf_i9000,11,gothamcity2_minimap_atlas1.tga,2281290,524340,bin,9172d64449fce391
gameswf_i9000,12,gothamcity_minimap.swf,2805630,840,bin,3ee60e4caa56d504
gameswf_i9000,13,gothamcity_minimap_atlas1.tga,2806470,524340,bin,9172d64449fce391
gameswf_i9000,14,hud.swf,3330810,29756,bin,83c1909292759b2c
gameswf_i9000,15,hud_atlas1.tga,3360566,262544,bin,613b65d5fc725dd5
gameswf_i9000,16,IntroLogos.swf,3623110,46,bin,e6fa60529cbc5420
gameswf_i9000,17,Loading.swf,3623156,38180,bin,51273c9d0d115a90
gameswf_i9000,18,Loading_atlas1.tga,3661336,262544,bin,613b65d5fc725dd5
gameswf_i9000,19,MainMenu.swf,3923880,211169,bin,688679b99582b819
gameswf_i9000,20,MainMenu2.swf,4135049,205749,bin,3ab8f32ff8573c58
gameswf_i9000,21,MainMenu2_atlas1.tga,4340798,262544,bin,3ff574e8d03a2bcd
gameswf_i9000,22,MainMenu2_atlas10.tga,4603342,262544,bin,3ff574e8d03a2bcd
gameswf_i9000,23,MainMenu2_atlas198.tga,4865886,262544,bin,3ff574e8d03a2bcd
gameswf_i9000,24,MainMenu2_atlas233.tga,5128430,262544,bin,7dc642702bb4b5a3
gameswf_i9000,25,MainMenu2_atlas69.tga,5390974,262544,bin,7dc642702bb4b5a3
gameswf_i9000,26,MainMenu_atlas106.tga,5653518,262544,bin,7dc642702bb4b5a3
gameswf_i9000,27,MainMenu_atlas133.tga,5916062,262544,bin,7dc642702bb4b5a3
gameswf_i9000,28,MainMenu_atlas273.tga,6178606,262544,bin,4a1d4091de917b55
gameswf_i9000,29,MainMenu_atlas45.tga,6441150,262544,bin,4a1d4091de917b55
gameswf_i9000,30,MainMenu_atlas63.tga,6703694,262544,bin,4a1d4091de917b55
gameswf_i9000,31,MenuLevelLoadingBar.swf,6966238,13825,bin,6d6fc49f0c4765b7
gameswf_i9000,32,MenuLevelLoadingBar_atlas6.tga,6980063,1424,bin,4a1d4091de917b55
gameswf_i9000,33,MenuLoadingBar.swf,6981487,47,bin,2003ed4295a6e29b
gameswf_i9000,34,MenuPressKey.swf,6981534,11804,bin,b23dc40e624fff46
gameswf_i9000,35,MenuPressKey_atlas1.tga,6993338,262544,bin,ee7616b93eb3b0dd
gameswf_i9000,36,menu_bg_batcave.swf,7255882,164,bin,832f98c674995513
gameswf_i9000,37,menu_bg_batcave_atlas1.tga,7256046,262544,bin,ee7616b93eb3b0dd
gameswf_i9000,38,menu_bg_CHAP1_M1.swf,7518590,745,bin,13e010b704d2e62c
gameswf_i9000,39,menu_bg_CHAP1_M1_atlas1.tga,7519335,262544,bin,ee7616b93eb3b0dd
gameswf_i9000,40,menu_bg_CHAP2_M1.swf,7781879,745,bin,13e010b704d2e62c
gameswf_i9000,41,menu_bg_CHAP2_M1_atlas1.tga,7782624,262544,bin,ee7616b93eb3b0dd
gameswf_i9000,42,menu_bg_CHAP2_M2.swf,8045168,745,bin,13e010b704d2e62c
gameswf_i9000,43,menu_bg_CHAP2_M2_atlas1.tga,8045913,262544,bin,ee7616b93eb3b0dd
gameswf_i9000,44,menu_bg_CHAP2_M3.swf,8308457,745,bin,13e010b704d2e62c
gameswf_i9000,45,menu_bg_CHAP2_M3_atlas1.tga,8309202,262544,bin,ee7616b93eb3b0dd
gameswf_i9000,46,menu_bg_CHAP2_M4.swf,8571746,745,bin,13e010b704d2e62c
gameswf_i9000,47,menu_bg_CHAP2_M4_atlas1.tga,8572491,262544,bin,79a348551db9f176
gameswf_i9000,48,menu_bg_CHAP3_M1.swf,8835035,745,bin,13e010b704d2e62c
gameswf_i9000,49,menu_bg_CHAP3_M1_atlas1.tga,8835780,262544,bin,79a348551db9f176
gameswf_i9000,50,menu_bg_CHAP3_M2.swf,9098324,745,bin,13e010b704d2e62c
gameswf_i9000,51,menu_bg_CHAP3_M2_atlas1.tga,9099069,262544,bin,79a348551db9f176
gameswf_i9000,52,menu_bg_CHAP3_M3.swf,9361613,745,bin,13e010b704d2e62c
gameswf_i9000,53,menu_bg_CHAP3_M3_atlas1.tga,9362358,262544,bin,79a348551db9f176
gameswf_i9000,54,menu_bg_CHAP3_M4.swf,9624902,745,bin,13e010b704d2e62c
gameswf_i9000,55,menu_bg_CHAP3_M4_atlas1.tga,9625647,262544,bin,4c7da6d8c63ee001
gameswf_i9000,56,menu_bg_CHAP3_M5.swf,9888191,745,bin,13e010b704d2e62c
gameswf_i9000,57,menu_bg_CHAP3_M5_atlas1.tga,9888936,262544,bin,4c7da6d8c63ee001
gameswf_i9000,58,menu_bg_CHAP4_M1.swf,10151480,745,bin,13e010b704d2e62c
gameswf_i9000,59,menu_bg_CHAP4_M1_atlas1.tga,10152225,262544,bin,4c7da6d8c63ee001
gameswf_i9000,60,menu_bg_CHAP4_M2.swf,10414769,745,bin,13e010b704d2e62c
gameswf_i9000,61,menu_bg_CHAP4_M2_atlas1.tga,10415514,262544,bin,4c7da6d8c63ee001
gameswf_i9000,62,menu_bg_CHAP4_M3.swf,10678058,745,bin,13e010b704d2e62c
gameswf_i9000,63,menu_bg_CHAP4_M3_atlas1.tga,10678803,262544,bin,4c7da6d8c63ee001
gameswf_i9000,64,menu_bg_CHAP5_M1.swf,10941347,745,bin,13e010b704d2e62c
gameswf_i9000,65,menu_bg_CHAP5_M1_atlas1.tga,10942092,262544,bin,4c7da6d8c63ee001
gameswf_i9000,66,menu_bg_CHAP5_M2.swf,11204636,745,bin,13e010b704d2e62c
gameswf_i9000,67,menu_bg_CHAP5_M2_atlas1.tga,11205381,262544,bin,4c7da6d8c63ee001
gameswf_i9000,68,menu_bg_CHAP5_M3.swf,11467925,745,bin,13e010b704d2e62c
gameswf_i9000,69,menu_bg_CHAP5_M3_atlas1.tga,11468670,262544,bin,34d0c887a088201f
gameswf_i9000,70,menu_bg_CHAP6_M1.swf,11731214,745,bin,13e010b704d2e62c
gameswf_i9000,71,menu_bg_CHAP6_M1_atlas1.tga,11731959,262544,bin,34d0c887a088201f
gameswf_i9000,72,menu_bg_CHAP6_M2.swf,11994503,745,bin,13e010b704d2e62c
gameswf_i9000,73,menu_bg_CHAP6_M2_atlas1.tga,11995248,262544,bin,34d0c887a088201f
gameswf_i9000,74,menu_bg_CHAP6_M3.swf,12257792,745,bin,13e010b704d2e62c
gameswf_i9000,75,menu_bg_CHAP6_M3_atlas1.tga,12258537,262544,bin,34d0c887a088201f
gameswf_i9000,76,menu_bg_CHAP6_M4.swf,12521081,745,bin,13e010b704d2e62c
gameswf_i9000,77,menu_bg_CHAP6_M4_atlas1.tga,12521826,262544,bin,3f76b282fbd7de85
gameswf_i9000,78,menu_bg_gotham.swf,12784370,743,bin,daee9fbae8dec61a
gameswf_i9000,79,menu_bg_gotham2.swf,12785113,164,bin,832f98c674995513
gameswf_i9000,80,menu_bg_gotham2_atlas1.tga,12785277,262544,bin,3f76b282fbd7de85
gameswf_i9000,81,menu_bg_gothamb.swf,13047821,164,bin,832f98c674995513
gameswf_i9000,82,menu_bg_gothamb_atlas1.tga,13047985,262544,bin,3f76b282fbd7de85
gameswf_i9000,83,menu_bg_gotham_atlas1.tga,13310529,262544,bin,3f76b282fbd7de85
gameswf_i9000,84,menu_bg_militaryBase.swf,13573073,154,bin,c64951500e17bb9b
gameswf_i9000,85,menu_bg_militaryBase_atlas1.tga,13573227,262544,bin,0ffd0d5dd19e44a8
gameswf_i9000,86,menu_bg_policestation.swf,13835771,155,bin,0fdd6141471045d8
gameswf_i9000,87,menu_bg_policestation_atlas1.tga,13835926,262544,bin,0ffd0d5dd19e44a8
gameswf_i9000,88,menu_bg_stadium.swf,14098470,744,bin,84d826a79ec7b31d
gameswf_i9000,89,menu_bg_stadium_atlas1.tga,14099214,262544,bin,0ffd0d5dd19e44a8
gameswf_i9000,90,menu_bg_stockexchange.swf,14361758,170,bin,46fb9a3f19b36f83
gameswf_i9000,91,menu_bg_stockexchange_atlas1.tga,14361928,262544,bin,0ffd0d5dd19e44a8
gameswf_i9000,92,menu_bg_thepit.swf,14624472,148,bin,eb454eb7628d021b
gameswf_i9000,93,menu_bg_thepit_atlas1.tga,14624620,262544,bin,4745104926c737d3
gameswf_i9000,94,menu_bg_underground.swf,14887164,153,bin,53e3399bb2dfa1ac
gameswf_i9000,95,menu_bg_underground_atlas1.tga,14887317,262544,bin,4745104926c737d3
gameswf_i9000,96,military_minimap.swf,15149861,835,bin,6e072157b4c0b364
gameswf_i9000,97,military_minimap_atlas1.tga,15150696,131124,bin,02b6f584177adba1
gameswf_i9000,98,minigame.swf,15281820,53613,bin,3a52cec4476bd155
gameswf_i9000,99,minigame_atlas1.tga,15335433,1048976,bin,f14b7af53bc27816
gameswf_i9000,100,police_station_minimap.swf,16384409,841,bin,cfb272991521b5a2
gameswf_i9000,101,police_station_minimap_atlas1.tga,16385250,131124,bin,02b6f584177adba1
gameswf_i9000,102,Shop.swf,16516374,169293,bin,d3f56c33ef8de470
gameswf_i9000,103,Shop_atlas1.tga,16685667,262544,bin,f14b7af53bc27816
gameswf_i9000,104,Shop_atlas109.tga,16948211,262544,bin,f14b7af53bc27816
gameswf_i9000,105,Shop_atlas128.tga,17210755,262544,bin,5ebd762e3dbef60a
gameswf_i9000,106,Shop_atlas154.tga,17473299,262544,bin,5ebd762e3dbef60a
gameswf_i9000,107,Shop_atlas238.tga,17735843,262544,bin,5ebd762e3dbef60a
gameswf_i9000,108,Shop_atlas256.tga,17998387,262544,bin,874a4619ac84d91d
gameswf_i9000,109,Shop_atlas274.tga,18260931,262544,bin,874a4619ac84d91d
gameswf_i9000,110,Shop_atlas303.tga,18523475,262544,bin,874a4619ac84d91d
gameswf_i9000,111,Shop_atlas37.tga,18786019,262544,bin,874a4619ac84d91d
gameswf_i9000,112,Shop_atlas40.tga,19048563,262544,bin,cfe0df781e6982ec
gameswf_i9000,113,Shop_atlas43.tga,19311107,262544,bin,cfe0df781e6982ec
gameswf_i9000,114,Shop_atlas58.tga,19573651,262544,bin,cfe0df781e6982ec
gameswf_i9000,115,Shop_atlas7.tga,19836195,262544,bin,2714b75d41b2e015
gameswf_i9000,116,Shop_atlas99.tga,20098739,262544,bin,2714b75d41b2e015
gameswf_i9000,117,stadium_minimap.swf,20361283,834,bin,43bdd5ef7413e125
gameswf_i9000,118,stadium_minimap_atlas1.tga,20362117,131124,bin,02b6f584177adba1
gameswf_i9000,119,stockexchange_minimap.swf,20493241,840,bin,3ee60e4caa56d504
gameswf_i9000,120,stockexchange_minimap_atlas1.tga,20494081,131124,bin,02b6f584177adba1
gameswf_i9000,121,StoryboardPlayer.swf,20625205,42548,bin,0c737c5808c4ea57
gameswf_i9000,122,StoryboardPlayer_atlas4.tga,20667753,1048976,bin,beb3eedae347410e
gameswf_i9000,123,thepit_minimap.swf,21716729,835,bin,6e072157b4c0b364
gameswf_i9000,124,thepit_minimap_atlas1.tga,21717564,524340,bin,9172d64449fce391
gameswf_i9000,125,underground_minimap.swf,22241904,838,bin,0ccf17fb1cef6210
gameswf_i9000,126,underground_minimap_atlas1.tga,22242742,131124,bin,02b6f584177adba1
gameswf_i9100,0,batcave_minimap.swf,4928,254,bin,c6bfaa99d2292cec
gameswf_i9100,1,batcave_minimap_atlas1.tga,5182,655760,bin,a9b31c27ca4d4d85
gameswf_i9100,2,BatmanHUD.swf,660942,387465,bin,24776a19383d3230
gameswf_i9100,3,BatmanHUD_atlas11.tga,1048407,655760,bin,a9b31c27ca4d4d85
gameswf_i9100,4,BatmanHUD_atlas38.tga,1704167,655760,bin,a9b31c27ca4d4d85
gameswf_i9100,5,BatmanHUD_atlas49.tga,2359927,655760,bin,a9b31c27ca4d4d85
gameswf_i9100,6,BatmanHUD_atlas792.tga,3015687,655760,bin,d20c77fd4aeef71e
gameswf_i9100,7,BatmanHUD_atlas9.tga,3671447,655760,bin,d20c77fd4aeef71e
gameswf_i9100,8,gamemenu.swf,4327207,49995,bin,dd9b402cc733ab2e
gameswf_i9100,9,gamemenu_atlas2.tga,4377202,655760,bin,d20c77fd4aeef71e
gameswf_i9100,10,gothamcity2_minimap.swf,5032962,840,bin,3ee60e4caa56d504
gameswf_i9100,11,gothamcity2_minimap_atlas1.tga,5033802,2097204,bin,8d5a1521800b72b7
gameswf_i9100,12,gothamcity_minimap.swf,7131006,840,bin,3ee60e4caa56d504
gameswf_i9100,13,gothamcity_minimap_atlas1.tga,7131846,2097204,bin,8d5a1521800b72b7
gameswf_i9100,14,hud.swf,9229050,29756,bin,83c1909292759b2c
gameswf_i9100,15,hud_atlas1.tga,9258806,655760,bin,90fb9f3e6369aa99
gameswf_i9100,16,IntroLogos.swf,9914566,46,bin,e6fa60529cbc5420
gameswf_i9100,17,Loading.swf,9914612,38180,bin,51273c9d0d115a90
gameswf_i9100,18,Loading_atlas1.tga,9952792,655760,bin,90fb9f3e6369aa99
gameswf_i9100,19,MainMenu.swf,10608552,211169,bin,688679b99582b819
gameswf_i9100,20,MainMenu2.swf,10819721,205749,bin,3ab8f32ff8573c58
gameswf_i9100,21,MainMenu2_atlas1.tga,11025470,655760,bin,777671914bf5b8ce
gameswf_i9100,22,MainMenu2_atlas10.tga,11681230,655760,bin,777671914bf5b8ce
gameswf_i9100,23,MainMenu2_atlas198.tga,12336990,655760,bin,757ea6024eea306d
gameswf_i9100,24,MainMenu2_atlas233.tga,12992750,655760,bin,e10db0d1abfe6f4a
gameswf_i9100,25,MainMenu2_atlas69.tga,13648510,655760,bin,e10db0d1abfe6f4a
gameswf_i9100,26,MainMenu_atlas106.tga,14304270,655760,bin,2656181dc8fb6c38
gameswf_i9100,27,MainMenu_atlas133.tga,14960030,655760,bin,2656181dc8fb6c38
gameswf_i9100,28,MainMenu_atlas273.tga,15615790,655760,bin,b8888ece16de01ca
gameswf_i9100,29,MainMenu_atlas45.tga,16271550,655760,bin,b8888ece16de01ca
gameswf_i9100,30,MainMenu_atlas63.tga,16927310,655760,bin,3996b36f95fdccdf
gameswf_i9100,31,MenuLevelLoadingBar.swf,17583070,13825,bin,6d6fc49f0c4765b7
gameswf_i9100,32,MenuLevelLoadingBar_atlas6.tga,17596895,2960,bin,b8888ece16de01ca
gameswf_i9100,33,MenuLoadingBar.swf,17599855,47,bin,2003ed4295a6e29b
gameswf_i9100,34,MenuPressKey.swf,17599902,11804,bin,b23dc40e624fff46
gameswf_i9100,35,MenuPressKey_atlas1.tga,17611706,655760,bin,8acf0fcd3d826152
gameswf_i9100,36,menu_bg_batcave.swf,18267466,164,bin,832f98c674995513
gameswf_i9100,37,menu_bg_batcave_atlas1.tga,18267630,655760,bin,8acf0fcd3d826152
gameswf_i9100,38,menu_bg_CHAP1_M1.swf,18923390,745,bin,13e010b704d2e62c
gameswf_i9100,39,menu_bg_CHAP1_M1_atlas1.tga,18924135,655760,bin,8acf0fcd3d826152
gameswf_i9100,40,menu_bg_CHAP2_M1.swf,19579895,745,bin,13e010b704d2e62c
gameswf_i9100,41,menu_bg_CHAP2_M1_atlas1.tga,19580640,655760,bin,7bd3f62bef8bee00
gameswf_i9100,42,menu_bg_CHAP2_M2.swf,20236400,745,bin,13e010b704d2e62c
gameswf_i9100,43,menu_bg_CHAP2_M2_atlas1.tga,20237145,655760,bin,ac11333961567557
gameswf_i9100,44,menu_bg_CHAP2_M3.swf,20892905,745,bin,13e010b704d2e62c
gameswf_i9100,45,menu_bg_CHAP2_M3_atlas1.tga,20893650,655760,bin,ac11333961567557
gameswf_i9100,46,menu_bg_CHAP2_M4.swf,21549410,745,bin,13e010b704d2e62c
gameswf_i9100,47,menu_bg_CHAP2_M4_atlas1.tga,21550155,655760,bin,ac11333961567557
gameswf_i9100,48,menu_bg_CHAP3_M1.swf,22205915,745,bin,13e010b704d2e62c
gameswf_i9100,49,menu_bg_CHAP3_M1_atlas1.tga,22206660,655760,bin,870560d5f31f4b7f
gameswf_i9100,50,menu_bg_CHAP3_M2.swf,22862420,745,bin,13e010b704d2e62c
gameswf_i9100,51,menu_bg_CHAP3_M2_atlas1.tga,22863165,655760,bin,bd2e0883387ee142
gameswf_i9100,52,menu_bg_CHAP3_M3.swf,23518925,745,bin,13e010b704d2e62c
gameswf_i9100,53,menu_bg_CHAP3_M3_atlas1.tga,23519670,655760,bin,bd2e0883387ee142
gameswf_i9100,54,menu_bg_CHAP3_M4.swf,24175430,745,bin,13e010b704d2e62c
gameswf_i9100,55,menu_bg_CHAP3_M4_atlas1.tga,24176175,655760,bin,bd2e0883387ee142
gameswf_i9100,56,menu_bg_CHAP3_M5.swf,24831935,745,bin,13e010b704d2e62c
gameswf_i9100,57,menu_bg_CHAP3_M5_atlas1.tga,24832680,655760,bin,641ad510e7bd12cf
gameswf_i9100,58,menu_bg_CHAP4_M1.swf,25488440,745,bin,13e010b704d2e62c
gameswf_i9100,59,menu_bg_CHAP4_M1_atlas1.tga,25489185,655760,bin,0cd4bdf337c8c345
gameswf_i9100,60,menu_bg_CHAP4_M2.swf,26144945,745,bin,13e010b704d2e62c
gameswf_i9100,61,menu_bg_CHAP4_M2_atlas1.tga,26145690,655760,bin,5a3a55149cddd9e3
gameswf_i9100,62,menu_bg_CHAP4_M3.swf,26801450,745,bin,13e010b704d2e62c
gameswf_i9100,63,menu_bg_CHAP4_M3_atlas1.tga,26802195,655760,bin,5a3a55149cddd9e3
gameswf_i9100,64,menu_bg_CHAP5_M1.swf,27457955,745,bin,13e010b704d2e62c
gameswf_i9100,65,menu_bg_CHAP5_M1_atlas1.tga,27458700,655760,bin,572e5701d2244c9d
gameswf_i9100,66,menu_bg_CHAP5_M2.swf,28114460,745,bin,13e010b704d2e62c
gameswf_i9100,67,menu_bg_CHAP5_M2_atlas1.tga,28115205,655760,bin,49eaa600771bd34c
gameswf_i9100,68,menu_bg_CHAP5_M3.swf,28770965,745,bin,13e010b704d2e62c
gameswf_i9100,69,menu_bg_CHAP5_M3_atlas1.tga,28771710,655760,bin,49eaa600771bd34c
gameswf_i9100,70,menu_bg_CHAP6_M1.swf,29427470,745,bin,13e010b704d2e62c
gameswf_i9100,71,menu_bg_CHAP6_M1_atlas1.tga,29428215,655760,bin,49eaa600771bd34c
gameswf_i9100,72,menu_bg_CHAP6_M2.swf,30083975,745,bin,13e010b704d2e62c
gameswf_i9100,73,menu_bg_CHAP6_M2_atlas1.tga,30084720,655760,bin,becfbbbe7e614e46
gameswf_i9100,74,menu_bg_CHAP6_M3.swf,30740480,745,bin,13e010b704d2e62c
gameswf_i9100,75,menu_bg_CHAP6_M3_atlas1.tga,30741225,655760,bin,823599e1e3679805
gameswf_i9100,76,menu_bg_CHAP6_M4.swf,31396985,745,bin,13e010b704d2e62c
gameswf_i9100,77,menu_bg_CHAP6_M4_atlas1.tga,31397730,655760,bin,94776040be5d743e
gameswf_i9100,78,menu_bg_gotham.swf,32053490,743,bin,daee9fbae8dec61a
gameswf_i9100,79,menu_bg_gotham2.swf,32054233,164,bin,832f98c674995513
gameswf_i9100,80,menu_bg_gotham2_atlas1.tga,32054397,655760,bin,94776040be5d743e
gameswf_i9100,81,menu_bg_gothamb.swf,32710157,164,bin,832f98c674995513
gameswf_i9100,82,menu_bg_gothamb_atlas1.tga,32710321,655760,bin,9830f25a3c592a0a
gameswf_i9100,83,menu_bg_gotham_atlas1.tga,33366081,655760,bin,9830f25a3c592a0a
gameswf_i9100,84,menu_bg_militaryBase.swf,34021841,154,bin,c64951500e17bb9b
gameswf_i9100,85,menu_bg_militaryBase_atlas1.tga,34021995,655760,bin,7c6945ed009fe35b
gameswf_i9100,86,menu_bg_policestation.swf,34677755,155,bin,0fdd6141471045d8
gameswf_i9100,87,menu_bg_policestation_atlas1.tga,34677910,655760,bin,7c6945ed009fe35b
gameswf_i9100,88,menu_bg_stadium.swf,35333670,744,bin,84d826a79ec7b31d
gameswf_i9100,89,menu_bg_stadium_atlas1.tga,35334414,655760,bin,6cb579b02f051da5
gameswf_i9100,90,menu_bg_stockexchange.swf,35990174,170,bin,46fb9a3f19b36f83
gameswf_i9100,91,menu_bg_stockexchange_atlas1.tga,35990344,655760,bin,6cb579b02f051da5
gameswf_i9100,92,menu_bg_thepit.swf,36646104,148,bin,eb454eb7628d021b
gameswf_i9100,93,menu_bg_thepit_atlas1.tga,36646252,655760,bin,bdfe59fa55f385c7
gameswf_i9100,94,menu_bg_underground.swf,37302012,153,bin,53e3399bb2dfa1ac
gameswf_i9100,95,menu_bg_underground_atlas1.tga,37302165,655760,bin,bdfe59fa55f385c7
gameswf_i9100,96,military_minimap.swf,37957925,835,bin,6e072157b4c0b364
gameswf_i9100,97,military_minimap_atlas1.tga,37958760,524340,bin,9172d64449fce391
gameswf_i9100,98,minigame.swf,38483100,53613,bin,3a52cec4476bd155
gameswf_i9100,99,minigame_atlas1.tga,38536713,2621840,bin,eb610cfb099994ff
gameswf_i9100,100,police_station_minimap.swf,41158553,841,bin,cfb272991521b5a2
gameswf_i9100,101,police_station_minimap_atlas1.tga,41159394,524340,bin,9172d64449fce391
gameswf_i9100,102,Shop.swf,41683734,169293,bin,d3f56c33ef8de470
gameswf_i9100,103,Shop_atlas1.tga,41853027,655760,bin,331313cb9244f998
gameswf_i9100,104,Shop_atlas109.tga,42508787,655760,bin,d073f2b2405090e2
gameswf_i9100,105,Shop_atlas128.tga,43164547,655760,bin,d073f2b2405090e2
gameswf_i9100,106,Shop_atlas154.tga,43820307,655760,bin,25ffcab9c0f86788
gameswf_i9100,107,Shop_atlas238.tga,44476067,655760,bin,3983559b55f4a1d3
gameswf_i9100,108,Shop_atlas256.tga,45131827,655760,bin,bb83d4d39fe82152
gameswf_i9100,109,Shop_atlas274.tga,45787587,655760,bin,bb83d4d39fe82152
gameswf_i9100,110,Shop_atlas303.tga,46443347,655760,bin,bb83d4d39fe82152
gameswf_i9100,111,Shop_atlas37.tga,47099107,655760,bin,af6498b1b0445818
gameswf_i9100,112,Shop_atlas40.tga,47754867,655760,bin,1e71fcee60801be9
gameswf_i9100,113,Shop_atlas43.tga,48410627,655760,bin,1e71fcee60801be9
gameswf_i9100,114,Shop_atlas58.tga,49066387,655760,bin,1e71fcee60801be9
gameswf_i9100,115,Shop_atlas7.tga,49722147,655760,bin,bf4264fa89198046
gameswf_i9100,116,Shop_atlas99.tga,50377907,655760,bin,bf4264fa89198046
gameswf_i9100,117,stadium_minimap.swf,51033667,834,bin,43bdd5ef7413e125
gameswf_i9100,118,stadium_minimap_atlas1.tga,51034501,524340,bin,9172d64449fce391
gameswf_i9100,119,stockexchange_minimap.swf,51558841,840,bin,3ee60e4caa56d504
gameswf_i9100,120,stockexchange_minimap_atlas1.tga,51559681,524340,bin,9172d64449fce391
gameswf_i9100,121,StoryboardPlayer.swf,52084021,42548,bin,0c737c5808c4ea57
gameswf_i9100,122,StoryboardPlayer_atlas4.tga,52126569,2621840,bin,0cf65a19274d4fbe
gameswf_i9100,123,thepit_minimap.swf,54748409,835,bin,6e072157b4c0b364
gameswf_i9100,124,thepit_minimap_atlas1.tga,54749244,2097204,bin,8d5a1521800b72b7
gameswf_i9100,125,underground_minimap.swf,56846448,838,bin,0ccf17fb1cef6210
gameswf_i9100,126,underground_minimap_atlas1.tga,56847286,524340,bin,9172d64449fce391
gameswf_i9220,0,batcave_minimap.swf,4928,254,bin,c6bfaa99d2292cec
gameswf_i9220,1,batcave_minimap_atlas1.tga,5182,655760,bin,423ae0672a2b317c
gameswf_i9220,2,BatmanHUD.swf,660942,387465,bin,24776a19383d3230
gameswf_i9220,3,BatmanHUD_atlas11.tga,1048407,655760,bin,423ae0672a2b317c
gameswf_i9220,4,BatmanHUD_atlas38.tga,1704167,655760,bin,423ae0672a2b317c
gameswf_i9220,5,BatmanHUD_atlas49.tga,2359927,655760,bin,423ae0672a2b317c
gameswf_i9220,6,BatmanHUD_atlas792.tga,3015687,655760,bin,2ffe9286ce09dba8
gameswf_i9220,7,BatmanHUD_atlas9.tga,3671447,655760,bin,2ffe9286ce09dba8
gameswf_i9220,8,gamemenu.swf,4327207,49995,bin,dd9b402cc733ab2e
gameswf_i9220,9,gamemenu_atlas2.tga,4377202,655760,bin,2ffe9286ce09dba8
gameswf_i9220,10,gothamcity2_minimap.swf,5032962,840,bin,3ee60e4caa56d504
gameswf_i9220,11,gothamcity2_minimap_atlas1.tga,5033802,2097204,bin,8d5a1521800b72b7
gameswf_i9220,12,gothamcity_minimap.swf,7131006,840,bin,3ee60e4caa56d504
gameswf_i9220,13,gothamcity_minimap_atlas1.tga,7131846,2097204,bin,8d5a1521800b72b7
gameswf_i9220,14,hud.swf,9229050,29756,bin,83c1909292759b2c
gameswf_i9220,15,hud_atlas1.tga,9258806,655760,bin,eadeb8daded3c231
gameswf_i9220,16,IntroLogos.swf,9914566,46,bin,e6fa60529cbc5420
gameswf_i9220,17,Loading.swf,9914612,38180,bin,51273c9d0d115a90
gameswf_i9220,18,Loading_atlas1.tga,9952792,655760,bin,eadeb8daded3c231
gameswf_i9220,19,MainMenu.swf,10608552,211169,bin,688679b99582b819
gameswf_i9220,20,MainMenu2.swf,10819721,205749,bin,3ab8f32ff8573c58
gameswf_i9220,21,MainMenu2_atlas1.tga,11025470,655760,bin,3d8a04bb5180133b
gameswf_i9220,22,MainMenu2_atlas10.tga,11681230,655760,bin,3d8a04bb5180133b
gameswf_i9220,23,MainMenu2_atlas198.tga,12336990,655760,bin,3d8a04bb5180133b
gameswf_i9220,24,MainMenu2_atlas233.tga,12992750,655760,bin,dad30084409477a6
gameswf_i9220,25,MainMenu2_atlas69.tga,13648510,655760,bin,dad30084409477a6
gameswf_i9220,26,MainMenu_atlas106.tga,14304270,655760,bin,dad30084409477a6
gameswf_i9220,27,MainMenu_atlas133.tga,14960030,655760,bin,f6059fb1e96e7f5d
gameswf_i9220,28,MainMenu_atlas273.tga,15615790,655760,bin,213a00890034c066
gameswf_i9220,29,MainMenu_atlas45.tga,16271550,655760,bin,74d06622a4c02471
gameswf_i9220,30,MainMenu_atlas63.tga,16927310,655760,bin,213a00890034c066
gameswf_i9220,31,MenuLevelLoadingBar.swf,17583070,13825,bin,6d6fc49f0c4765b7
gameswf_i9220,32,MenuLevelLoadingBar_atlas6.tga,17596895,2960,bin,213a00890034c066
gameswf_i9220,33,MenuLoadingBar.swf,17599855,47,bin,2003ed4295a6e29b
gameswf_i9220,34,MenuPressKey.swf,17599902,11804,bin,b23dc40e624fff46
gameswf_i9220,35,MenuPressKey_atlas1.tga,17611706,655760,bin,36e73f3ab7c8df8e
gameswf_i9220,36,menu_bg_batcave.swf,18267466,164,bin,832f98c674995513
gameswf_i9220,37,menu_bg_batcave_atlas1.tga,18267630,655760,bin,4668edb3acb84037
gameswf_i9220,38,menu_bg_CHAP1_M1.swf,18923390,745,bin,13e010b704d2e62c
gameswf_i9220,39,menu_bg_CHAP1_M1_atlas1.tga,18924135,655760,bin,ba37a306b7dcba46
gameswf_i9220,40,menu_bg_CHAP2_M1.swf,19579895,745,bin,13e010b704d2e62c
gameswf_i9220,41,menu_bg_CHAP2_M1_atlas1.tga,19580640,655760,bin,ba37a306b7dcba46
gameswf_i9220,42,menu_bg_CHAP2_M2.swf,20236400,745,bin,13e010b704d2e62c
gameswf_i9220,43,menu_bg_CHAP2_M2_atlas1.tga,20237145,655760,bin,824697b594414516
gameswf_i9220,44,menu_bg_CHAP2_M3.swf,20892905,745,bin,13e010b704d2e62c
gameswf_i9220,45,menu_bg_CHAP2_M3_atlas1.tga,20893650,655760,bin,824697b594414516
gameswf_i9220,46,menu_bg_CHAP2_M4.swf,21549410,745,bin,13e010b704d2e62c
gameswf_i9220,47,menu_bg_CHAP2_M4_atlas1.tga,21550155,655760,bin,5477998c8d4f7bf9
gameswf_i9220,48,menu_bg_CHAP3_M1.swf,22205915,745,bin,13e010b704d2e62c
gameswf_i9220,49,menu_bg_CHAP3_M1_atlas1.tga,22206660,655760,bin,5477998c8d4f7bf9
gameswf_i9220,50,menu_bg_CHAP3_M2.swf,22862420,745,bin,13e010b704d2e62c
gameswf_i9220,51,menu_bg_CHAP3_M2_atlas1.tga,22863165,655760,bin,e5a5bd023159f898
gameswf_i9220,52,menu_bg_CHAP3_M3.swf,23518925,745,bin,13e010b704d2e62c
gameswf_i9220,53,menu_bg_CHAP3_M3_atlas1.tga,23519670,655760,bin,e5a5bd023159f898
gameswf_i9220,54,menu_bg_CHAP3_M4.swf,24175430,745,bin,13e010b704d2e62c
gameswf_i9220,55,menu_bg_CHAP3_M4_atlas1.tga,24176175,655760,bin,45921725d77b23fd
gameswf_i9220,56,menu_bg_CHAP3_M5.swf,24831935,745,bin,13e010b704d2e62c
gameswf_i9220,57,menu_bg_CHAP3_M5_atlas1.tga,24832680,655760,bin,45921725d77b23fd
gameswf_i9220,58,menu_bg_CHAP4_M1.swf,25488440,745,bin,13e010b704d2e62c
gameswf_i9220,59,menu_bg_CHAP4_M1_atlas1.tga,25489185,655760,bin,fad91e22fe69bb17
gameswf_i9220,60,menu_bg_CHAP4_M2.swf,26144945,745,bin,13e010b704d2e62c
gameswf_i9220,61,menu_bg_CHAP4_M2_atlas1.tga,26145690,655760,bin,fad91e22fe69bb17
gameswf_i9220,62,menu_bg_CHAP4_M3.swf,26801450,745,bin,13e010b704d2e62c
gameswf_i9220,63,menu_bg_CHAP4_M3_atlas1.tga,26802195,655760,bin,ff619241c38895b4
gameswf_i9220,64,menu_bg_CHAP5_M1.swf,27457955,745,bin,13e010b704d2e62c
gameswf_i9220,65,menu_bg_CHAP5_M1_atlas1.tga,27458700,655760,bin,ff619241c38895b4
gameswf_i9220,66,menu_bg_CHAP5_M2.swf,28114460,745,bin,13e010b704d2e62c
gameswf_i9220,67,menu_bg_CHAP5_M2_atlas1.tga,28115205,655760,bin,10359cce747f4371
gameswf_i9220,68,menu_bg_CHAP5_M3.swf,28770965,745,bin,13e010b704d2e62c
gameswf_i9220,69,menu_bg_CHAP5_M3_atlas1.tga,28771710,655760,bin,10359cce747f4371
gameswf_i9220,70,menu_bg_CHAP6_M1.swf,29427470,745,bin,13e010b704d2e62c
gameswf_i9220,71,menu_bg_CHAP6_M1_atlas1.tga,29428215,655760,bin,a739dd5bbfc83577
gameswf_i9220,72,menu_bg_CHAP6_M2.swf,30083975,745,bin,13e010b704d2e62c
gameswf_i9220,73,menu_bg_CHAP6_M2_atlas1.tga,30084720,655760,bin,a739dd5bbfc83577
gameswf_i9220,74,menu_bg_CHAP6_M3.swf,30740480,745,bin,13e010b704d2e62c
gameswf_i9220,75,menu_bg_CHAP6_M3_atlas1.tga,30741225,655760,bin,eaa0a9bb9969aede
gameswf_i9220,76,menu_bg_CHAP6_M4.swf,31396985,745,bin,13e010b704d2e62c
gameswf_i9220,77,menu_bg_CHAP6_M4_atlas1.tga,31397730,655760,bin,eaa0a9bb9969aede
gameswf_i9220,78,menu_bg_gotham.swf,32053490,743,bin,daee9fbae8dec61a
gameswf_i9220,79,menu_bg_gotham2.swf,32054233,164,bin,832f98c674995513
gameswf_i9220,80,menu_bg_gotham2_atlas1.tga,32054397,655760,bin,31217da4d12f61de
gameswf_i9220,81,menu_bg_gothamb.swf,32710157,164,bin,832f98c674995513
gameswf_i9220,82,menu_bg_gothamb_atlas1.tga,32710321,655760,bin,31217da4d12f61de
gameswf_i9220,83,menu_bg_gotham_atlas1.tga,33366081,655760,bin,31217da4d12f61de
gameswf_i9220,84,menu_bg_militaryBase.swf,34021841,154,bin,c64951500e17bb9b
gameswf_i9220,85,menu_bg_militaryBase_atlas1.tga,34021995,655760,bin,cb3f8792b96bf2a7
gameswf_i9220,86,menu_bg_policestation.swf,34677755,155,bin,0fdd6141471045d8
gameswf_i9220,87,menu_bg_policestation_atlas1.tga,34677910,655760,bin,febebb8cdad14c9d
gameswf_i9220,88,menu_bg_stadium.swf,35333670,744,bin,84d826a79ec7b31d
gameswf_i9220,89,menu_bg_stadium_atlas1.tga,35334414,655760,bin,febebb8cdad14c9d
gameswf_i9220,90,menu_bg_stockexchange.swf,35990174,170,bin,46fb9a3f19b36f83
gameswf_i9220,91,menu_bg_stockexchange_atlas1.tga,35990344,655760,bin,febebb8cdad14c9d
gameswf_i9220,92,menu_bg_thepit.swf,36646104,148,bin,eb454eb7628d021b
gameswf_i9220,93,menu_bg_thepit_atlas1.tga,36646252,655760,bin,173b23e9fe67e066
gameswf_i9220,94,menu_bg_underground.swf,37302012,153,bin,53e3399bb2dfa1ac
gameswf_i9220,95,menu_bg_underground_atlas1.tga,37302165,655760,bin,19e3f20b29c90619
gameswf_i9220,96,military_minimap.swf,37957925,835,bin,6e072157b4c0b364
gameswf_i9220,97,military_minimap_atlas1.tga,37958760,524340,bin,9172d64449fce391
gameswf_i9220,98,minigame.swf,38483100,53613,bin,3a52cec4476bd155
gameswf_i9220,99,minigame_atlas1.tga,38536713,2621840,bin,64f6fc1e47f1df66
gameswf_i9220,100,police_station_minimap.swf,41158553,841,bin,cfb272991521b5a2
gameswf_i9220,101,police_station_minimap_atlas1.tga,41159394,524340,bin,9172d64449fce391
gameswf_i9220,102,Shop.swf,41683734,169293,bin,d3f56c33ef8de470
gameswf_i9220,103,Shop_atlas1.tga,41853027,655760,bin,bb8200c977e5d82f
gameswf_i9220,104,Shop_atlas109.tga,42508787,655760,bin,83627151101d3165
gameswf_i9220,105,Shop_atlas128.tga,43164547,655760,bin,83627151101d3165
gameswf_i9220,106,Shop_atlas154.tga,43820307,655760,bin,64f6fc1e47f1df66
gameswf_i9220,107,Shop_atlas238.tga,44476067,655760,bin,cc9b73556b5235a0
gameswf_i9220,108,Shop_atlas256.tga,45131827,655760,bin,cc9b73556b5235a0
gameswf_i9220,109,Shop_atlas274.tga,45787587,655760,bin,7e9cd7ae78d77fad
gameswf_i9220,110,Shop_atlas303.tga,46443347,655760,bin,7e9cd7ae78d77fad
gameswf_i9220,111,Shop_atlas37.tga,47099107,655760,bin,6cfb2415d7636194
gameswf_i9220,112,Shop_atlas40.tga,47754867,655760,bin,6cfb2415d7636194
gameswf_i9220,113,Shop_atlas43.tga,48410627,655760,bin,c88518160ba94791
gameswf_i9220,114,Shop_atlas58.tga,49066387,655760,bin,c88518160ba94791
gameswf_i9220,115,Shop_atlas7.tga,49722147,655760,bin,01c8fe8f6a197746
gameswf_i9220,116,Shop_atlas99.tga,50377907,655760,bin,01c8fe8f6a197746
gameswf_i9220,117,stadium_minimap.swf,51033667,834,bin,43bdd5ef7413e125
gameswf_i9220,118,stadium_minimap_atlas1.tga,51034501,524340,bin,9172d64449fce391
gameswf_i9220,119,stockexchange_minimap.swf,51558841,840,bin,3ee60e4caa56d504
gameswf_i9220,120,stockexchange_minimap_atlas1.tga,51559681,524340,bin,9172d64449fce391
gameswf_i9220,121,StoryboardPlayer.swf,52084021,42548,bin,0c737c5808c4ea57
gameswf_i9220,122,StoryboardPlayer_atlas4.tga,52126569,2621840,bin,46cd4c553f3be934
gameswf_i9220,123,thepit_minimap.swf,54748409,835,bin,6e072157b4c0b364
gameswf_i9220,124,thepit_minimap_atlas1.tga,54749244,2097204,bin,8d5a1521800b72b7
gameswf_i9220,125,underground_minimap.swf,56846448,838,bin,0ccf17fb1cef6210
gameswf_i9220,126,underground_minimap_atlas1.tga,56847286,524340,bin,9172d64449fce391
gameswf_i9250,0,batcave_minimap.swf,4928,254,bin,c6bfaa99d2292cec
gameswf_i9250,1,batcave_minimap_atlas1.tga,5182,655760,bin,d881b3f164ee1c10
gameswf_i9250,2,BatmanHUD.swf,660942,387465,bin,24776a19383d3230
gameswf_i9250,3,BatmanHUD_atlas11.tga,1048407,655760,bin,d881b3f164ee1c10
gameswf_i9250,4,BatmanHUD_atlas38.tga,1704167,655760,bin,7c46a7985ea0acd6
gameswf_i9250,5,BatmanHUD_atlas49.tga,2359927,655760,bin,d881b3f164ee1c10
gameswf_i9250,6,BatmanHUD_atlas792.tga,3015687,655760,bin,aede57793da440da
gameswf_i9250,7,BatmanHUD_atlas9.tga,3671447,655760,bin,aede57793da440da
gameswf_i9250,8,gamemenu.swf,4327207,49995,bin,dd9b402cc733ab2e
gameswf_i9250,9,gamemenu_atlas2.tga,4377202,655760,bin,aede57793da440da
gameswf_i9250,10,gothamcity2_minimap.swf,5032962,840,bin,3ee60e4caa56d504
gameswf_i9250,11,gothamcity2_minimap_atlas1.tga,5033802,2097204,bin,8d5a1521800b72b7
gameswf_i9250,12,gothamcity_minimap.swf,7131006,840,bin,3ee60e4caa56d504
gameswf_i9250,13,gothamcity_minimap_atlas1.tga,7131846,2097204,bin,8d5a1521800b72b7
gameswf_i9250,14,hud.swf,9229050,29756,bin,83c1909292759b2c
gameswf_i9250,15,hud_atlas1.tga,9258806,655760,bin,6e80bed4da298609
gameswf_i9250,16,IntroLogos.swf,9914566,46,bin,e6fa60529cbc5420
gameswf_i9250,17,Loading.swf,9914612,38180,bin,51273c9d0d115a90
gameswf_i9250,18,Loading_atlas1.tga,9952792,655760,bin,6e80bed4da298609
gameswf_i9250,19,MainMenu.swf,10608552,211169,bin,688679b99582b819
gameswf_i9250,20,MainMenu2.swf,10819721,205749,bin,3ab8f32ff8573c58
gameswf_i9250,21,MainMenu2_atlas1.tga,11025470,655760,bin,7b5adf5dbeb063f7
gameswf_i9250,22,MainMenu2_atlas10.tga,11681230,655760,bin,7b5adf5dbeb063f7
gameswf_i9250,23,MainMenu2_atlas198.tga,12336990,655760,bin,753f64837d7a8673
gameswf_i9250,24,MainMenu2_atlas233.tga,12992750,655760,bin,da2810f9a7057fac
gameswf_i9250,25,MainMenu2_atlas69.tga,13648510,655760,bin,da2810f9a7057fac
gameswf_i9250,26,MainMenu_atlas106.tga,14304270,655760,bin,3d0bb810f5661a68
gameswf_i9250,27,MainMenu_atlas133.tga,14960030,655760,bin,3d0bb810f5661a68
gameswf_i9250,28,MainMenu_atlas273.tga,15615790,655760,bin,0a334d740540dc98
gameswf_i9250,29,MainMenu_atlas45.tga,16271550,655760,bin,940fd85b1cff5704
gameswf_i9250,30,MainMenu_atlas63.tga,16927310,655760,bin,0a334d740540dc98
gameswf_i9250,31,MenuLevelLoadingBar.swf,17583070,13825,bin,6d6fc49f0c4765b7
gameswf_i9250,32,MenuLevelLoadingBar_atlas6.tga,17596895,2960,bin,940fd85b1cff5704
gameswf_i9250,33,MenuLoadingBar.swf,17599855,47,bin,2003ed4295a6e29b
gameswf_i9250,34,MenuPressKey.swf,17599902,11804,bin,b23dc40e624fff46
gameswf_i9250,35,MenuPressKey_atlas1.tga,17611706,655760,bin,c696e51446222ab2
gameswf_i9250,36,menu_bg_batcave.swf,18267466,164,bin,832f98c674995513
gameswf_i9250,37,menu_bg_batcave_atlas1.tga,18267630,655760,bin,c696e51446222ab2
gameswf_i9250,38,menu_bg_CHAP1_M1.swf,18923390,745,bin,13e010b704d2e62c
gameswf_i9250,39,menu_bg_CHAP1_M1_atlas1.tga,18924135,655760,bin,c696e51446222ab2
gameswf_i9250,40,menu_bg_CHAP2_M1.swf,19579895,745,bin,13e010b704d2e62c
gameswf_i9250,41,menu_bg_CHAP2_M1_atlas1.tga,19580640,655760,bin,152ed03bd1267797
gameswf_i9250,42,menu_bg_CHAP2_M2.swf,20236400,745,bin,13e010b704d2e62c
gameswf_i9250,43,menu_bg_CHAP2_M2_atlas1.tga,20237145,655760,bin,f2970cd80b3ae21f
gameswf_i9250,44,menu_bg_CHAP2_M3.swf,20892905,745,bin,13e010b704d2e62c
gameswf_i9250,45,menu_bg_CHAP2_M3_atlas1.tga,20893650,655760,bin,f2970cd80b3ae21f
gameswf_i9250,46,menu_bg_CHAP2_M4.swf,21549410,745,bin,13e010b704d2e62c
gameswf_i9250,47,menu_bg_CHAP2_M4_atlas1.tga,21550155,655760,bin,f2970cd80b3ae21f
gameswf_i9250,48,menu_bg_CHAP3_M1.swf,22205915,745,bin,13e010b704d2e62c
gameswf_i9250,49,menu_bg_CHAP3_M1_atlas1.tga,22206660,655760,bin,fb1f2c0b7b4661c1
gameswf_i9250,50,menu_bg_CHAP3_M2.swf,22862420,745,bin,13e010b704d2e62c
gameswf_i9250,51,menu_bg_CHAP3_M2_atlas1.tga,22863165,655760,bin,8e38be8728c56ebe
gameswf_i9250,52,menu_bg_CHAP3_M3.swf,23518925,745,bin,13e010b704d2e62c
gameswf_i9250,53,menu_bg_CHAP3_M3_atlas1.tga,23519670,655760,bin,8e38be8728c56ebe
gameswf_i9250,54,menu_bg_CHAP3_M4.swf,24175430,745,bin,13e010b704d2e62c
gameswf_i9250,55,menu_bg_CHAP3_M4_atlas1.tga,24176175,655760,bin,8e38be8728c56ebe
gameswf_i9250,56,menu_bg_CHAP3_M5.swf,24831935,745,bin,13e010b704d2e62c
gameswf_i9250,57,menu_bg_CHAP3_M5_atlas1.tga,24832680,655760,bin,114c4fdb161e9f3d
gameswf_i9250,58,menu_bg_CHAP4_M1.swf,25488440,745,bin,13e010b704d2e62c
gameswf_i9250,59,menu_bg_CHAP4_M1_atlas1.tga,25489185,655760,bin,1a6f3781a80d6c78
gameswf_i9250,60,menu_bg_CHAP4_M2.swf,26144945,745,bin,13e010b704d2e62c
gameswf_i9250,61,menu_bg_CHAP4_M2_atlas1.tga,26145690,655760,bin,f7b2daa15649280f
gameswf_i9250,62,menu_bg_CHAP4_M3.swf,26801450,745,bin,13e010b704d2e62c
gameswf_i9250,63,menu_bg_CHAP4_M3_atlas1.tga,26802195,655760,bin,f7b2daa15649280f
gameswf_i9250,64,menu_bg_CHAP5_M1.swf,27457955,745,bin,13e010b704d2e62c
gameswf_i9250,65,menu_bg_CHAP5_M1_atlas1.tga,27458700,655760,bin,839f08f0d5b846bf
gameswf_i9250,66,menu_bg_CHAP5_M2.swf,28114460,745,bin,13e010b704d2e62c
gameswf_i9250,67,menu_bg_CHAP5_M2_atlas1.tga,28115205,655760,bin,bd04525deb0ed139
gameswf_i9250,68,menu_bg_CHAP5_M3.swf,28770965,745,bin,13e010b704d2e62c
gameswf_i9250,69,menu_bg_CHAP5_M3_atlas1.tga,28771710,655760,bin,bd04525deb0ed139
gameswf_i9250,70,menu_bg_CHAP6_M1.swf,29427470,745,bin,13e010b704d2e62c
gameswf_i9250,71,menu_bg_CHAP6_M1_atlas1.tga,29428215,655760,bin,bd04525deb0ed139
gameswf_i9250,72,menu_bg_CHAP6_M2.swf,30083975,745,bin,13e010b704d2e62c
gameswf_i9250,73,menu_bg_CHAP6_M2_atlas1.tga,30084720,655760,bin,c94f4cecc32e705e
gameswf_i9250,74,menu_bg_CHAP6_M3.swf,30740480,745,bin,13e010b704d2e62c
gameswf_i9250,75,menu_bg_CHAP6_M3_atlas1.tga,30741225,655760,bin,c94f4cecc32e705e
gameswf_i9250,76,menu_bg_CHAP6_M4.swf,31396985,745,bin,13e010b704d2e62c
gameswf_i9250,77,menu_bg_CHAP6_M4_atlas1.tga,31397730,655760,bin,f258b97f1da067aa
gameswf_i9250,78,menu_bg_gotham.swf,32053490,743,bin,daee9fbae8dec61a
gameswf_i9250,79,menu_bg_gotham2.swf,32054233,164,bin,832f98c674995513
gameswf_i9250,80,menu_bg_gotham2_atlas1.tga,32054397,655760,bin,f258b97f1da067aa
gameswf_i9250,81,menu_bg_gothamb.swf,32710157,164,bin,832f98c674995513
gameswf_i9250,82,menu_bg_gothamb_atlas1.tga,32710321,655760,bin,205cf9ff4e8479b9
gameswf_i9250,83,menu_bg_gotham_atlas1.tga,33366081,655760,bin,205cf9ff4e8479b9
gameswf_i9250,84,menu_bg_militaryBase.swf,34021841,154,bin,c64951500e17bb9b
gameswf_i9250,85,menu_bg_militaryBase_atlas1.tga,34021995,655760,bin,5376f22e62bf9c8a
gameswf_i9250,86,menu_bg_policestation.swf,34677755,155,bin,0fdd6141471045d8
gameswf_i9250,87,menu_bg_policestation_atlas1.tga,34677910,655760,bin,e3adf4978ac9d1a0
gameswf_i9250,88,menu_bg_stadium.swf,35333670,744,bin,84d826a79ec7b31d
gameswf_i9250,89,menu_bg_stadium_atlas1.tga,35334414,655760,bin,0c18762c0356e97f
gameswf_i9250,90,menu_bg_stockexchange.swf,35990174,170,bin,46fb9a3f19b36f83
gameswf_i9250,91,menu_bg_stockexchange_atlas1.tga,35990344,655760,bin,0c18762c0356e97f
gameswf_i9250,92,menu_bg_thepit.swf,36646104,148,bin,eb454eb7628d021b
gameswf_i9250,93,menu_bg_thepit_atlas1.tga,36646252,655760,bin,a959bef159299f75
gameswf_i9250,94,menu_bg_underground.swf,37302012,153,bin,53e3399bb2dfa1ac
gameswf_i9250,95,menu_bg_underground_atlas1.tga,37302165,655760,bin,a959bef159299f75
gameswf_i9250,96,military_minimap.swf,37957925,835,bin,6e072157b4c0b364
gameswf_i9250,97,military_minimap_atlas1.tga,37958760,524340,bin,9172d64449fce391
gameswf_i9250,98,minigame.swf,38483100,53613,bin,3a52cec4476bd155
gameswf_i9250,99,minigame_atlas1.tga,38536713,2621840,bin,47af07582c971399
gameswf_i9250,100,police_station_minimap.swf,41158553,841,bin,cfb272991521b5a2
gameswf_i9250,101,police_station_minimap_atlas1.tga,41159394,524340,bin,9172d64449fce391
gameswf_i9250,102,Shop.swf,41683734,169293,bin,d3f56c33ef8de470
gameswf_i9250,103,Shop_atlas1.tga,41853027,655760,bin,32a75ead1d0204af
gameswf_i9250,104,Shop_atlas109.tga,42508787,655760,bin,32a75ead1d0204af
gameswf_i9250,105,Shop_atlas128.tga,43164547,655760,bin,18799c1642a02204
gameswf_i9250,106,Shop_atlas154.tga,43820307,655760,bin,24fe7d0b08fc0dfc
gameswf_i9250,107,Shop_atlas238.tga,44476067,655760,bin,24fe7d0b08fc0dfc
gameswf_i9250,108,Shop_atlas256.tga,45131827,655760,bin,47af07582c971399
gameswf_i9250,109,Shop_atlas274.tga,45787587,655760,bin,d837d9df7e6c21d4
gameswf_i9250,110,Shop_atlas303.tga,46443347,655760,bin,d837d9df7e6c21d4
gameswf_i9250,111,Shop_atlas37.tga,47099107,655760,bin,b1841d183d3041eb
gameswf_i9250,112,Shop_atlas40.tga,47754867,655760,bin,b1841d183d3041eb
gameswf_i9250,113,Shop_atlas43.tga,48410627,655760,bin,1bfd381b7ff652dd
gameswf_i9250,114,Shop_atlas58.tga,49066387,655760,bin,1bfd381b7ff652dd
gameswf_i9250,115,Shop_atlas7.tga,49722147,655760,bin,2fb8261f5680f0e1
gameswf_i9250,116,Shop_atlas99.tga,50377907,655760,bin,2fb8261f5680f0e1
gameswf_i9250,117,stadium_minimap.swf,51033667,834,bin,43bdd5ef7413e125
gameswf_i9250,118,stadium_minimap_atlas1.tga,51034501,524340,bin,9172d64449fce391
gameswf_i9250,119,stockexchange_minimap.swf,51558841,840,bin,3ee60e4caa56d504
gameswf_i9250,120,stockexchange_minimap_atlas1.tga,51559681,524340,bin,9172d64449fce391
gameswf_i9250,121,StoryboardPlayer.swf,52084021,42548,bin,0c737c5808c4ea57
gameswf_i9250,122,StoryboardPlayer_atlas4.tga,52126569,2621840,bin,f7b1b9b0a4df5f1e
gameswf_i9250,123,thepit_minimap.swf,54748409,835,bin,6e072157b4c0b364
gameswf_i9250,124,thepit_minimap_atlas1.tga,54749244,2097204,bin,8d5a1521800b72b7
gameswf_i9250,125,underground_minimap.swf,56846448,838,bin,0ccf17fb1cef6210
gameswf_i9250,126,underground_minimap_atlas1.tga,56847286,524340,bin,9172d64449fce391
gameswf_i9300,0,batcave_minimap.swf,4928,254,bin,c6bfaa99d2292cec
gameswf_i9300,1,batcave_minimap_atlas1.tga,5182,655760,bin,4b53ebe770c568da
gameswf_i9300,2,BatmanHUD.swf,660942,387465,bin,24776a19383d3230
gameswf_i9300,3,BatmanHUD_atlas11.tga,1048407,655760,bin,4b53ebe770c568da
gameswf_i9300,4,BatmanHUD_atlas38.tga,1704167,655760,bin,80345abf6b2a33e2
gameswf_i9300,5,BatmanHUD_atlas49.tga,2359927,655760,bin,4b53ebe770c568da
gameswf_i9300,6,BatmanHUD_atlas792.tga,3015687,655760,bin,5a0a40b054d67b0e
gameswf_i9300,7,BatmanHUD_atlas9.tga,3671447,655760,bin,5a0a40b054d67b0e
gameswf_i9300,8,gamemenu.swf,4327207,49995,bin,dd9b402cc733ab2e
gameswf_i9300,9,gamemenu_atlas2.tga,4377202,655760,bin,22afdaad1d21d352
gameswf_i9300,10,gothamcity2_minimap.swf,5032962,840,bin,3ee60e4caa56d504
gameswf_i9300,11,gothamcity2_minimap_atlas1.tga,5033802,2097204,bin,8d5a1521800b72b7
gameswf_i9300,12,gothamcity_minimap.swf,7131006,840,bin,3ee60e4caa56d504
gameswf_i9300,13,gothamcity_minimap_atlas1.tga,7131846,2097204,bin,8d5a1521800b72b7
gameswf_i9300,14,hud.swf,9229050,29756,bin,83c1909292759b2c
gameswf_i9300,15,hud_atlas1.tga,9258806,655760,bin,b151303f00c520b8
gameswf_i9300,16,IntroLogos.swf,9914566,46,bin,e6fa60529cbc5420
gameswf_i9300,17,Loading.swf,9914612,38180,bin,51273c9d0d115a90
gameswf_i9300,18,Loading_atlas1.tga,9952792,655760,bin,b151303f00c520b8
gameswf_i9300,19,MainMenu.swf,10608552,211169,bin,688679b99582b819
gameswf_i9300,20,MainMenu2.swf,10819721,205749,bin,3ab8f32ff8573c58
gameswf_i9300,21,MainMenu2_atlas1.tga,11025470,655760,bin,460ad307e2dab08a
gameswf_i9300,22,MainMenu2_atlas10.tga,11681230,655760,bin,460ad307e2dab08a
gameswf_i9300,23,MainMenu2_atlas198.tga,12336990,655760,bin,460ad307e2dab08a
gameswf_i9300,24,MainMenu2_atlas233.tga,12992750,655760,bin,d9584036a09b2c4f
gameswf_i9300,25,MainMenu2_atlas69.tga,13648510,655760,bin,d9584036a09b2c4f
gameswf_i9300,26,MainMenu_atlas106.tga,14304270,655760,bin,d9584036a09b2c4f
gameswf_i9300,27,MainMenu_atlas133.tga,14960030,655760,bin,d9584036a09b2c4f
gameswf_i9300,28,MainMenu_atlas273.tga,15615790,655760,bin,6a5928875b2f77f3
gameswf_i9300,29,MainMenu_atlas45.tga,16271550,655760,bin,6a5928875b2f77f3
gameswf_i9300,30,MainMenu_atlas63.tga,16927310,655760,bin,6a5928875b2f77f3
gameswf_i9300,31,MenuLevelLoadingBar.swf,17583070,13825,bin,6d6fc49f0c4765b7
gameswf_i9300,32,MenuLevelLoadingBar_atlas6.tga,17596895,2960,bin,42d5657e5b890528
gameswf_i9300,33,MenuLoadingBar.swf,17599855,47,bin,2003ed4295a6e29b
gameswf_i9300,34,MenuPressKey.swf,17599902,11804,bin,b23dc40e624fff46
gameswf_i9300,35,MenuPressKey_atlas1.tga,17611706,655760,bin,8a0c145067e3f717
gameswf_i9300,36,menu_bg_batcave.swf,18267466,164,bin,832f98c674995513
gameswf_i9300,37,menu_bg_batcave_atlas1.tga,18267630,655760,bin,8a0c145067e3f717
gameswf_i9300,38,menu_bg_CHAP1_M1.swf,18923390,745,bin,13e010b704d2e62c
gameswf_i9300,39,menu_bg_CHAP1_M1_atlas1.tga,18924135,655760,bin,e73959f8cbabb86b
gameswf_i9300,40,menu_bg_CHAP2_M1.swf,19579895,745,bin,13e010b704d2e62c
gameswf_i9300,41,menu_bg_CHAP2_M1_atlas1.tga,19580640,655760,bin,8a0c145067e3f717
gameswf_i9300,42,menu_bg_CHAP2_M2.swf,20236400,745,bin,13e010b704d2e62c
gameswf_i9300,43,menu_bg_CHAP2_M2_atlas1.tga,20237145,655760,bin,2e70aa7d63035519
gameswf_i9300,44,menu_bg_CHAP2_M3.swf,20892905,745,bin,13e010b704d2e62c
gameswf_i9300,45,menu_bg_CHAP2_M3_atlas1.tga,20893650,655760,bin,2e70aa7d63035519
gameswf_i9300,46,menu_bg_CHAP2_M4.swf,21549410,745,bin,13e010b704d2e62c
gameswf_i9300,47,menu_bg_CHAP2_M4_atlas1.tga,21550155,655760,bin,2e70aa7d63035519
gameswf_i9300,48,menu_bg_CHAP3_M1.swf,22205915,745,bin,13e010b704d2e62c
gameswf_i9300,49,menu_bg_CHAP3_M1_atlas1.tga,22206660,655760,bin,2e70aa7d63035519
gameswf_i9300,50,menu_bg_CHAP3_M2.swf,22862420,745,bin,13e010b704d2e62c
gameswf_i9300,51,menu_bg_CHAP3_M2_atlas1.tga,22863165,655760,bin,5fad641d118e7b3f
gameswf_i9300,52,menu_bg_CHAP3_M3.swf,23518925,745,bin,13e010b704d2e62c
gameswf_i9300,53,menu_bg_CHAP3_M3_atlas1.tga,23519670,655760,bin,5fad641d118e7b3f
gameswf_i9300,54,menu_bg_CHAP3_M4.swf,24175430,745,bin,13e010b704d2e62c
gameswf_i9300,55,menu_bg_CHAP3_M4_atlas1.tga,24176175,655760,bin,0da4b89be13f45e4
gameswf_i9300,56,menu_bg_CHAP3_M5.swf,24831935,745,bin,13e010b704d2e62c
gameswf_i9300,57,menu_bg_CHAP3_M5_atlas1.tga,24832680,655760,bin,0da4b89be13f45e4
gameswf_i9300,58,menu_bg_CHAP4_M1.swf,25488440,745,bin,13e010b704d2e62c
gameswf_i9300,59,menu_bg_CHAP4_M1_atlas1.tga,25489185,655760,bin,830903d1ddaae1a5
gameswf_i9300,60,menu_bg_CHAP4_M2.swf,26144945,745,bin,13e010b704d2e62c
gameswf_i9300,61,menu_bg_CHAP4_M2_atlas1.tga,26145690,655760,bin,830903d1ddaae1a5
gameswf_i9300,62,menu_bg_CHAP4_M3.swf,26801450,745,bin,13e010b704d2e62c
gameswf_i9300,63,menu_bg_CHAP4_M3_atlas1.tga,26802195,655760,bin,2e72338db04131d5
gameswf_i9300,64,menu_bg_CHAP5_M1.swf,27457955,745,bin,13e010b704d2e62c
gameswf_i9300,65,menu_bg_CHAP5_M1_atlas1.tga,27458700,655760,bin,2e72338db04131d5
gameswf_i9300,66,menu_bg_CHAP5_M2.swf,28114460,745,bin,13e010b704d2e62c
gameswf_i9300,67,menu_bg_CHAP5_M2_atlas1.tga,28115205,655760,bin,f688467ac94d7755
gameswf_i9300,68,menu_bg_CHAP5_M3.swf,28770965,745,bin,13e010b704d2e62c
gameswf_i9300,69,menu_bg_CHAP5_M3_atlas1.tga,28771710,655760,bin,f688467ac94d7755
gameswf_i9300,70,menu_bg_CHAP6_M1.swf,29427470,745,bin,13e010b704d2e62c
gameswf_i9300,71,menu_bg_CHAP6_M1_atlas1.tga,29428215,655760,bin,335dc187b5ce9604
gameswf_i9300,72,menu_bg_CHAP6_M2.swf,30083975,745,bin,13e010b704d2e62c
gameswf_i9300,73,menu_bg_CHAP6_M2_atlas1.tga,30084720,655760,bin,335dc187b5ce9604
gameswf_i9300,74,menu_bg_CHAP6_M3.swf,30740480,745,bin,13e010b704d2e62c
gameswf_i9300,75,menu_bg_CHAP6_M3_atlas1.tga,30741225,655760,bin,a22180a642a5c59e
gameswf_i9300,76,menu_bg_CHAP6_M4.swf,31396985,745,bin,13e010b704d2e62c
gameswf_i9300,77,menu_bg_CHAP6_M4_atlas1.tga,31397730,655760,bin,a22180a642a5c59e
gameswf_i9300,78,menu_bg_gotham.swf,32053490,743,bin,daee9fbae8dec61a
gameswf_i9300,79,menu_bg_gotham2.swf,32054233,164,bin,832f98c674995513
gameswf_i9300,80,menu_bg_gotham2_atlas1.tga,32054397,655760,bin,5557c2655edf21cf
gameswf_i9300,81,menu_bg_gothamb.swf,32710157,164,bin,832f98c674995513
gameswf_i9300,82,menu_bg_gothamb_atlas1.tga,32710321,655760,bin,27bd149cab1c04eb
gameswf_i9300,83,menu_bg_gotham_atlas1.tga,33366081,655760,bin,f708bd244828cb24
gameswf_i9300,84,menu_bg_militaryBase.swf,34021841,154,bin,c64951500e17bb9b
gameswf_i9300,85,menu_bg_militaryBase_atlas1.tga,34021995,655760,bin,54c05286f16a4bb6
gameswf_i9300,86,menu_bg_policestation.swf,34677755,155,bin,0fdd6141471045d8
gameswf_i9300,87,menu_bg_policestation_atlas1.tga,34677910,655760,bin,54c05286f16a4bb6
gameswf_i9300,88,menu_bg_stadium.swf,35333670,744,bin,84d826a79ec7b31d
gameswf_i9300,89,menu_bg_stadium_atlas1.tga,35334414,655760,bin,8e978456b1335615
gameswf_i9300,90,menu_bg_stockexchange.swf,35990174,170,bin,46fb9a3f19b36f83
gameswf_i9300,91,menu_bg_stockexchange_atlas1.tga,35990344,655760,bin,933fc13a35e7b16f
gameswf_i9300,92,menu_bg_thepit.swf,36646104,148,bin,eb454eb7628d021b
gameswf_i9300,93,menu_bg_thepit_atlas1.tga,36646252,655760,bin,8e978456b1335615
gameswf_i9300,94,menu_bg_underground.swf,37302012,153,bin,53e3399bb2dfa1ac
gameswf_i9300,95,menu_bg_underground_atlas1.tga,37302165,655760,bin,8e978456b1335615
gameswf_i9300,96,military_minimap.swf,37957925,835,bin,6e072157b4c0b364
gameswf_i9300,97,military_minimap_atlas1.tga,37958760,524340,bin,9172d64449fce391
gameswf_i9300,98,minigame.swf,38483100,53613,bin,3a52cec4476bd155
gameswf_i9300,99,minigame_atlas1.tga,38536713,2621840,bin,c187e14f0483d46c
gameswf_i9300,100,police_station_minimap.swf,41158553,841,bin,cfb272991521b5a2
gameswf_i9300,101,police_station_minimap_atlas1.tga,41159394,524340,bin,9172d64449fce391
gameswf_i9300,102,Shop.swf,41683734,169293,bin,d3f56c33ef8de470
gameswf_i9300,103,Shop_atlas1.tga,41853027,655760,bin,1700fbc22d65372b
gameswf_i9300,104,Shop_atlas109.tga,42508787,655760,bin,ef768a69351c13c8
gameswf_i9300,105,Shop_atlas128.tga,43164547,655760,bin,ef768a69351c13c8
gameswf_i9300,106,Shop_atlas154.tga,43820307,655760,bin,01d083436b003b92
gameswf_i9300,107,Shop_atlas238.tga,44476067,655760,bin,c187e14f0483d46c
gameswf_i9300,108,Shop_atlas256.tga,45131827,655760,bin,c187e14f0483d46c
gameswf_i9300,109,Shop_atlas274.tga,45787587,655760,bin,453d09504f728b53
gameswf_i9300,110,Shop_atlas303.tga,46443347,655760,bin,453d09504f728b53
gameswf_i9300,111,Shop_atlas37.tga,47099107,655760,bin,453d09504f728b53
gameswf_i9300,112,Shop_atlas40.tga,47754867,655760,bin,b29310bf4f44be73
gameswf_i9300,113,Shop_atlas43.tga,48410627,655760,bin,2fa476d3b7493ad6
gameswf_i9300,114,Shop_atlas58.tga,49066387,655760,bin,2fa476d3b7493ad6
gameswf_i9300,115,Shop_atlas7.tga,49722147,655760,bin,2fa476d3b7493ad6
gameswf_i9300,116,Shop_atlas99.tga,50377907,655760,bin,3581aa2de01768f8
gameswf_i9300,117,stadium_minimap.swf,51033667,834,bin,43bdd5ef7413e125
gameswf_i9300,118,stadium_minimap_atlas1.tga,51034501,524340,bin,9172d64449fce391
gameswf_i9300,119,stockexchange_minimap.swf,51558841,840,bin,3ee60e4caa56d504
gameswf_i9300,120,stockexchange_minimap_atlas1.tga,51559681,524340,bin,9172d64449fce391
gameswf_i9300,121,StoryboardPlayer.swf,52084021,42548,bin,0c737c5808c4ea57
gameswf_i9300,122,StoryboardPlayer_atlas4.tga,52126569,2621840,bin,35b750ac8a122ef5
gameswf_i9300,123,thepit_minimap.swf,54748409,835,bin,6e072157b4c0b364
gameswf_i9300,124,thepit_minimap_atlas1.tga,54749244,2097204,bin,8d5a1521800b72b7
gameswf_i9300,125,underground_minimap.swf,56846448,838,bin,0ccf17fb1cef6210
gameswf_i9300,126,underground_minimap_atlas1.tga,56847286,524340,bin,9172d64449fce391
gameswf_lowres,0,batcave_minimap.swf,4547,254,bin,c6bfaa99d2292cec
gameswf_lowres,1,batcave_minimap_atlas1.tga,4801,131124,bin,02b6f584177adba1
gameswf_lowres,2,BatmanHUD.swf,135925,387353,bin,219ac139dee43769
gameswf_lowres,3,BatmanHUD_atlas52.tga,523278,1048976,bin,67e70a1a9850721c
gameswf_lowres,4,BatmanHUD_atlas9.tga,1572254,1048976,bin,67e70a1a9850721c
gameswf_lowres,5,gamemenu.swf,2621230,49995,bin,dd9b402cc733ab2e
gameswf_lowres,6,gamemenu_atlas2.tga,2671225,262544,bin,2427c958469dad52
gameswf_lowres,7,gothamcity2_minimap.swf,2933769,840,bin,3ee60e4caa56d504
gameswf_lowres,8,gothamcity2_minimap_atlas1.tga,2934609,524340,bin,9172d64449fce391
gameswf_lowres,9,gothamcity_minimap.swf,3458949,840,bin,3ee60e4caa56d504
gameswf_lowres,10,gothamcity_minimap_atlas1.tga,3459789,524340,bin,9172d64449fce391
gameswf_lowres,11,hud.swf,3984129,29756,bin,83c1909292759b2c
gameswf_lowres,12,hud_atlas1.tga,4013885,262544,bin,00e6e36f53c83e19
gameswf_lowres,13,IntroLogos.swf,4276429,46,bin,e6fa60529cbc5420
gameswf_lowres,14,Loading.swf,4276475,38180,bin,51273c9d0d115a90
gameswf_lowres,15,Loading_atlas1.tga,4314655,262544,bin,4dc6c2778b030cd8
gameswf_lowres,16,MainMenu.swf,4577199,211169,bin,688679b99582b819
gameswf_lowres,17,MainMenu2.swf,4788368,205749,bin,3ab8f32ff8573c58
gameswf_lowres,18,MainMenu2_atlas1.tga,4994117,262544,bin,4dc6c2778b030cd8
gameswf_lowres,19,MainMenu2_atlas10.tga,5256661,262544,bin,4dc6c2778b030cd8
gameswf_lowres,20,MainMenu2_atlas198.tga,5519205,262544,bin,4dc6c2778b030cd8
gameswf_lowres,21,MainMenu2_atlas233.tga,5781749,262544,bin,82fbfabbe8292e32
gameswf_lowres,22,MainMenu2_atlas69.tga,6044293,262544,bin,82fbfabbe8292e32
gameswf_lowres,23,MainMenu_atlas106.tga,6306837,262544,bin,fa7f47a15421c315
gameswf_lowres,24,MainMenu_atlas197.tga,6569381,262544,bin,fa7f47a15421c315
gameswf_lowres,25,MainMenu_atlas320.tga,6831925,262544,bin,fa7f47a15421c315
gameswf_lowres,26,MainMenu_atlas45.tga,7094469,262544,bin,fa7f47a15421c315
gameswf_lowres,27,MainMenu_atlas64.tga,7357013,262544,bin,aeca1e5011d4a625
gameswf_lowres,28,MenuLevelLoadingBar.swf,7619557,13825,bin,6d6fc49f0c4765b7
gameswf_lowres,29,MenuLevelLoadingBar_atlas6.tga,7633382,1424,bin,aeca1e5011d4a625
gameswf_lowres,30,MenuLoadingBar.swf,7634806,47,bin,2003ed4295a6e29b
gameswf_lowres,31,MenuPressKey.swf,7634853,11804,bin,b23dc40e624fff46
gameswf_lowres,32,MenuPressKey_atlas1.tga,7646657,262544,bin,aeca1e5011d4a625
gameswf_lowres,33,menu_bg_batcave.swf,7909201,164,bin,832f98c674995513
gameswf_lowres,34,menu_bg_batcave_atlas1.tga,7909365,131124,bin,02b6f584177adba1
gameswf_lowres,35,menu_bg_CHAP1_M1.swf,8040489,745,bin,13e010b704d2e62c
gameswf_lowres,36,menu_bg_CHAP1_M1_atlas1.tga,8041234,131124,bin,02b6f584177adba1
gameswf_lowres,37,menu_bg_CHAP2_M1.swf,8172358,745,bin,13e010b704d2e62c
gameswf_lowres,38,menu_bg_CHAP2_M1_atlas1.tga,8173103,131124,bin,02b6f584177adba1
gameswf_lowres,39,menu_bg_CHAP2_M2.swf,8304227,745,bin,13e010b704d2e62c
gameswf_lowres,40,menu_bg_CHAP2_M2_atlas1.tga,8304972,131124,bin,02b6f584177adba1
gameswf_lowres,41,menu_bg_CHAP2_M3.swf,8436096,745,bin,13e010b704d2e62c
gameswf_lowres,42,menu_bg_CHAP2_M3_atlas1.tga,8436841,131124,bin,02b6f584177adba1
gameswf_lowres,43,menu_bg_CHAP2_M4.swf,8567965,745,bin,13e010b704d2e62c
gameswf_lowres,44,menu_bg_CHAP2_M4_atlas1.tga,8568710,131124,bin,02b6f584177adba1
gameswf_lowres,45,menu_bg_CHAP3_M1.swf,8699834,745,bin,13e010b704d2e62c
gameswf_lowres,46,menu_bg_CHAP3_M1_atlas1.tga,8700579,131124,bin,02b6f584177adba1
gameswf_lowres,47,menu_bg_CHAP3_M2.swf,8831703,745,bin,13e010b704d2e62c
gameswf_lowres,48,menu_bg_CHAP3_M2_atlas1.tga,8832448,131124,bin,02b6f584177adba1
gameswf_lowres,49,menu_bg_CHAP3_M3.swf,8963572,745,bin,13e010b704d2e62c
gameswf_lowres,50,menu_bg_CHAP3_M3_atlas1.tga,8964317,131124,bin,02b6f584177adba1
gameswf_lowres,51,menu_bg_CHAP3_M4.swf,9095441,745,bin,13e010b704d2e62c
gameswf_lowres,52,menu_bg_CHAP3_M4_atlas1.tga,9096186,131124,bin,02b6f584177adba1
gameswf_lowres,53,menu_bg_CHAP3_M5.swf,9227310,745,bin,13e010b704d2e62c
gameswf_lowres,54,menu_bg_CHAP3_M5_atlas1.tga,9228055,131124,bin,02b6f584177adba1
gameswf_lowres,55,menu_bg_CHAP4_M1.swf,9359179,745,bin,13e010b704d2e62c
gameswf_lowres,56,menu_bg_CHAP4_M1_atlas1.tga,9359924,131124,bin,02b6f584177adba1
gameswf_lowres,57,menu_bg_CHAP4_M2.swf,9491048,745,bin,13e010b704d2e62c
gameswf_lowres,58,menu_bg_CHAP4_M2_atlas1.tga,9491793,131124,bin,02b6f584177adba1
gameswf_lowres,59,menu_bg_CHAP4_M3.swf,9622917,745,bin,13e010b704d2e62c
gameswf_lowres,60,menu_bg_CHAP4_M3_atlas1.tga,9623662,131124,bin,02b6f584177adba1
gameswf_lowres,61,menu_bg_CHAP5_M1.swf,9754786,745,bin,13e010b704d2e62c
gameswf_lowres,62,menu_bg_CHAP5_M1_atlas1.tga,9755531,131124,bin,02b6f584177adba1
gameswf_lowres,63,menu_bg_CHAP5_M2.swf,9886655,745,bin,13e010b704d2e62c
gameswf_lowres,64,menu_bg_CHAP5_M2_atlas1.tga,9887400,131124,bin,02b6f584177adba1
gameswf_lowres,65,menu_bg_CHAP5_M3.swf,10018524,745,bin,13e010b704d2e62c
gameswf_lowres,66,menu_bg_CHAP5_M3_atlas1.tga,10019269,131124,bin,02b6f584177adba1
gameswf_lowres,67,menu_bg_CHAP6_M1.swf,10150393,745,bin,13e010b704d2e62c
gameswf_lowres,68,menu_bg_CHAP6_M1_atlas1.tga,10151138,131124,bin,02b6f584177adba1
gameswf_lowres,69,menu_bg_CHAP6_M2.swf,10282262,745,bin,13e010b704d2e62c
gameswf_lowres,70,menu_bg_CHAP6_M2_atlas1.tga,10283007,131124,bin,02b6f584177adba1
gameswf_lowres,71,menu_bg_CHAP6_M3.swf,10414131,745,bin,13e010b704d2e62c
gameswf_lowres,72,menu_bg_CHAP6_M3_atlas1.tga,10414876,131124,bin,02b6f584177adba1
gameswf_lowres,73,menu_bg_CHAP6_M4.swf,10546000,745,bin,13e010b704d2e62c
gameswf_lowres,74,menu_bg_CHAP6_M4_atlas1.tga,10546745,131124,bin,02b6f584177adba1
gameswf_lowres,75,menu_bg_gotham.swf,10677869,743,bin,daee9fbae8dec61a
gameswf_lowres,76,menu_bg_gotham2.swf,10678612,164,bin,832f98c674995513
gameswf_lowres,77,menu_bg_gotham2_atlas1.tga,10678776,131124,bin,02b6f584177adba1
gameswf_lowres,78,menu_bg_gothamb.swf,10809900,164,bin,832f98c674995513
gameswf_lowres,79,menu_bg_gothamb_atlas1.tga,10810064,131124,bin,02b6f584177adba1
gameswf_lowres,80,menu_bg_gotham_atlas1.tga,10941188,131124,bin,02b6f584177adba1
gameswf_lowres,81,menu_bg_militaryBase.swf,11072312,154,bin,c64951500e17bb9b
gameswf_lowres,82,menu_bg_militaryBase_atlas1.tga,11072466,131124,bin,02b6f584177adba1
gameswf_lowres,83,menu_bg_policestation.swf,11203590,155,bin,0fdd6141471045d8
gameswf_lowres,84,menu_bg_policestation_atlas1.tga,11203745,131124,bin,02b6f584177adba1
gameswf_lowres,85,menu_bg_stadium.swf,11334869,744,bin,84d826a79ec7b31d
gameswf_lowres,86,menu_bg_stadium_atlas1.tga,11335613,131124,bin,02b6f584177adba1
gameswf_lowres,87,menu_bg_stockexchange.swf,11466737,170,bin,46fb9a3f19b36f83
gameswf_lowres,88,menu_bg_stockexchange_atlas1.tga,11466907,131124,bin,02b6f584177adba1
gameswf_lowres,89,menu_bg_thepit.swf,11598031,148,bin,eb454eb7628d021b
gameswf_lowres,90,menu_bg_thepit_atlas1.tga,11598179,131124,bin,02b6f584177adba1
gameswf_lowres,91,menu_bg_underground.swf,11729303,153,bin,53e3399bb2dfa1ac
gameswf_lowres,92,menu_bg_underground_atlas1.tga,11729456,131124,bin,02b6f584177adba1
gameswf_lowres,93,military_minimap.swf,11860580,835,bin,6e072157b4c0b364
gameswf_lowres,94,military_minimap_atlas1.tga,11861415,131124,bin,02b6f584177adba1
gameswf_lowres,95,minigame.swf,11992539,53613,bin,3a52cec4476bd155
gameswf_lowres,96,minigame_atlas1.tga,12046152,1048976,bin,0a3967656ecb76fd
gameswf_lowres,97,police_station_minimap.swf,13095128,841,bin,cfb272991521b5a2
gameswf_lowres,98,police_station_minimap_atlas1.tga,13095969,131124,bin,02b6f584177adba1
gameswf_lowres,99,Shop.swf,13227093,169035,bin,1e1ab7ff4f375e81
gameswf_lowres,100,Shop_atlas1.tga,13396128,1048976,bin,ca4de8e172c88a6b
gameswf_lowres,101,Shop_atlas111.tga,14445104,1048976,bin,ca4de8e172c88a6b
gameswf_lowres,102,Shop_atlas128.tga,15494080,1048976,bin,ca4de8e172c88a6b
gameswf_lowres,103,Shop_atlas138.tga,16543056,1048976,bin,ee04c52494d40a2a
gameswf_lowres,104,Shop_atlas154.tga,17592032,1048976,bin,1054316b4fa8332b
gameswf_lowres,105,Shop_atlas99.tga,18641008,1048976,bin,1054316b4fa8332b
gameswf_lowres,106,stadium_minimap.swf,19689984,834,bin,43bdd5ef7413e125
gameswf_lowres,107,stadium_minimap_atlas1.tga,19690818,131124,bin,02b6f584177adba1
gameswf_lowres,108,stockexchange_minimap.swf,19821942,840,bin,3ee60e4caa56d504
gameswf_lowres,109,stockexchange_minimap_atlas1.tga,19822782,131124,bin,02b6f584177adba1
gameswf_lowres,110,StoryboardPlayer.swf,19953906,42548,bin,0c737c5808c4ea57
gameswf_lowres,111,StoryboardPlayer_atlas4.tga,19996454,1048976,bin,ab4127bd002274d6
gameswf_lowres,112,thepit_minimap.swf,21045430,835,bin,6e072157b4c0b364
gameswf_lowres,113,thepit_minimap_atlas1.tga,21046265,524340,bin,9172d64449fce391
gameswf_lowres,114,underground_minimap.swf,21570605,838,bin,0ccf17fb1cef6210
gameswf_lowres,115,underground_minimap_atlas1.tga,21571443,131124,bin,02b6f584177adba1
gameswf_normalres,0,aboutConcepts_1.tga,5241,164240,bin,e8311c75fd0671bf
gameswf_normalres,1,aboutConcepts_10.tga,169481,164240,bin,2f01c04d7de05342
gameswf_normalres,2,aboutConcepts_2.tga,333721,164240,bin,e8311c75fd0671bf
gameswf_normalres,3,aboutConcepts_3.tga,497961,164240,bin,e8311c75fd0671bf
gameswf_normalres,4,aboutConcepts_4.tga,662201,164240,bin,e8311c75fd0671bf
gameswf_normalres,5,aboutConcepts_5.tga,826441,164240,bin,7b6dbe226a449752
gameswf_normalres,6,aboutConcepts_6.tga,990681,164240,bin,7b6dbe226a449752
gameswf_normalres,7,aboutConcepts_7.tga,1154921,164240,bin,7b6dbe226a449752
gameswf_normalres,8,aboutConcepts_8.tga,1319161,164240,bin,7b6dbe226a449752
gameswf_normalres,9,aboutConcepts_9.tga,1483401,164240,bin,67b2b8eb0c64380a
gameswf_normalres,10,batcave_minimap.swf,1647641,254,bin,c6bfaa99d2292cec
gameswf_normalres,11,batcave_minimap_atlas1.tga,1647895,524340,bin,9172d64449fce391
gameswf_normalres,12,BatmanHUD.swf,2172235,387354,bin,985a6c15da5f48fa
gameswf_normalres,13,BatmanHUD_atlas135.tga,2559589,2621840,bin,b840a05cc76d0ae5
gameswf_normalres,14,BatmanHUD_atlas9.tga,5181429,2621840,bin,b840a05cc76d0ae5
gameswf_normalres,15,gamemenu.swf,7803269,49995,bin,dd9b402cc733ab2e
gameswf_normalres,16,gamemenu_atlas2.tga,7853264,655760,bin,2ad4137b23cd14c4
gameswf_normalres,17,GameSWFFS.glsl,8509024,339,bin,34c90932b0f94e3b
gameswf_normalres,18,GameSWFFS_blend.glsl,8509363,598,bin,34c90932b0f94e3b
gameswf_normalres,19,GameSWFFS_blur.glsl,8509961,3486,bin,5f41908030ad0623
gameswf_normalres,20,GameSWFFS_color.glsl,8513447,308,bin,34c90932b0f94e3b
gameswf_normalres,21,GameSWFFS_demultiply.glsl,8513755,257,bin,34c90932b0f94e3b
gameswf_normalres,22,GameSWFFS_displacement.glsl,8514012,743,bin,34c90932b0f94e3b
gameswf_normalres,23,GameSWFFS_split.glsl,8514755,573,bin,34c90932b0f94e3b
gameswf_normalres,24,GameSWFFS_video.glsl,8515328,840,bin,34c90932b0f94e3b
gameswf_normalres,25,GameSWFVS.glsl,8516168,410,bin,e0b02c24b298ad8f
gameswf_normalres,26,gameswf_effects.bdae,8516578,168740,bin,d03b86ceb42e0c27
gameswf_normalres,27,gothamcity2_minimap.swf,8685318,840,bin,3ee60e4caa56d504
gameswf_normalres,28,gothamcity2_minimap_atlas1.tga,8686158,2097204,bin,8d5a1521800b72b7
gameswf_normalres,29,gothamcity_minimap.swf,10783362,840,bin,3ee60e4caa56d504
gameswf_normalres,30,gothamcity_minimap_atlas1.tga,10784202,2097204,bin,8d5a1521800b72b7
gameswf_normalres,31,hud.swf,12881406,29756,bin,83c1909292759b2c
gameswf_normalres,32,hud_atlas1.tga,12911162,655760,bin,bfebb42e857454ef
gameswf_normalres,33,IntroLogos.swf,13566922,46,bin,e6fa60529cbc5420
gameswf_normalres,34,Loading.swf,13566968,38180,bin,51273c9d0d115a90
gameswf_normalres,35,Loading_atlas1.tga,13605148,655760,bin,bfebb42e857454ef
gameswf_normalres,36,MainMenu.swf,14260908,211169,bin,688679b99582b819
gameswf_normalres,37,MainMenu2.swf,14472077,205749,bin,3ab8f32ff8573c58
gameswf_normalres,38,MainMenu2_atlas1.tga,14677826,655760,bin,bfebb42e857454ef
gameswf_normalres,39,MainMenu2_atlas10.tga,15333586,655760,bin,1acb3ca70dfc8805
gameswf_normalres,40,MainMenu2_atlas198.tga,15989346,655760,bin,1acb3ca70dfc8805
gameswf_normalres,41,MainMenu2_atlas233.tga,16645106,655760,bin,1acb3ca70dfc8805
gameswf_normalres,42,MainMenu2_atlas69.tga,17300866,655760,bin,88a688ab3a2c10b4
gameswf_normalres,43,MainMenu_atlas106.tga,17956626,655760,bin,67b31fe22a5ba1d9
gameswf_normalres,44,MainMenu_atlas197.tga,18612386,655760,bin,67b31fe22a5ba1d9
gameswf_normalres,45,MainMenu_atlas320.tga,19268146,655760,bin,67b31fe22a5ba1d9
gameswf_normalres,46,MainMenu_atlas45.tga,19923906,655760,bin,dcf9ffd6f4525905
gameswf_normalres,47,MainMenu_atlas64.tga,20579666,655760,bin,dcf9ffd6f4525905
gameswf_normalres,48,MenuLevelLoadingBar.swf,21235426,13825,bin,6d6fc49f0c4765b7
gameswf_normalres,49,MenuLevelLoadingBar_atlas6.tga,21249251,2960,bin,309217b6f935942f
gameswf_normalres,50,MenuLoadingBar.swf,21252211,47,bin,2003ed4295a6e29b
gameswf_normalres,51,MenuPressKey.swf,21252258,11804,bin,b23dc40e624fff46
gameswf_normalres,52,MenuPressKey_atlas1.tga,21264062,655760,bin,dcf9ffd6f4525905
gameswf_normalres,53,menu_bg_batcave.swf,21919822,164,bin,832f98c674995513
gameswf_normalres,54,menu_bg_batcave_atlas1.tga,21919986,524340,bin,9172d64449fce391
gameswf_normalres,55,menu_bg_CHAP1_M1.swf,22444326,745,bin,13e010b704d2e62c
gameswf_normalres,56,menu_bg_CHAP1_M1_atlas1.tga,22445071,524340,bin,9172d64449fce391
gameswf_normalres,57,menu_bg_CHAP2_M1.swf,22969411,745,bin,13e010b704d2e62c
gameswf_normalres,58,menu_bg_CHAP2_M1_atlas1.tga,22970156,524340,bin,9172d64449fce391
gameswf_normalres,59,menu_bg_CHAP2_M2.swf,23494496,745,bin,13e010b704d2e62c
gameswf_normalres,60,menu_bg_CHAP2_M2_atlas1.tga,23495241,524340,bin,9172d64449fce391
gameswf_normalres,61,menu_bg_CHAP2_M3.swf,24019581,745,bin,13e010b704d2e62c
gameswf_normalres,62,menu_bg_CHAP2_M3_atlas1.tga,24020326,524340,bin,9172d64449fce391
gameswf_normalres,63,menu_bg_CHAP2_M4.swf,24544666,745,bin,13e010b704d2e62c
gameswf_normalres,64,menu_bg_CHAP2_M4_atlas1.tga,24545411,524340,bin,9172d64449fce391
gameswf_normalres,65,menu_bg_CHAP3_M1.swf,25069751,745,bin,13e010b704d2e62c
gameswf_normalres,66,menu_bg_CHAP3_M1_atlas1.tga,25070496,524340,bin,9172d64449fce391
gameswf_normalres,67,menu_bg_CHAP3_M2.swf,25594836,745,bin,13e010b704d2e62c
gameswf_normalres,68,menu_bg_CHAP3_M2_atlas1.tga,25595581,524340,bin,9172d64449fce391
gameswf_normalres,69,menu_bg_CHAP3_M3.swf,26119921,745,bin,13e010b704d2e62c
gameswf_normalres,70,menu_bg_CHAP3_M3_atlas1.tga,26120666,524340,bin,9172d64449fce391
gameswf_normalres,71,menu_bg_CHAP3_M4.swf,26645006,745,bin,13e010b704d2e62c
gameswf_normalres,72,menu_bg_CHAP3_M4_atlas1.tga,26645751,524340,bin,9172d64449fce391
gameswf_normalres,73,menu_bg_CHAP3_M5.swf,27170091,745,bin,13e010b704d2e62c
gameswf_normalres,74,menu_bg_CHAP3_M5_atlas1.tga,27170836,524340,bin,9172d64449fce391
gameswf_normalres,75,menu_bg_CHAP4_M1.swf,27695176,745,bin,13e010b704d2e62c
gameswf_normalres,76,menu_bg_CHAP4_M1_atlas1.tga,27695921,524340,bin,9172d64449fce391
gameswf_normalres,77,menu_bg_CHAP4_M2.swf,28220261,745,bin,13e010b704d2e62c
gameswf_normalres,78,menu_bg_CHAP4_M2_atlas1.tga,28221006,524340,bin,9172d64449fce391
gameswf_normalres,79,menu_bg_CHAP4_M3.swf,28745346,745,bin,13e010b704d2e62c
gameswf_normalres,80,menu_bg_CHAP4_M3_atlas1.tga,28746091,524340,bin,9172d64449fce391
gameswf_normalres,81,menu_bg_CHAP5_M1.swf,29270431,745,bin,13e010b704d2e62c
gameswf_normalres,82,menu_bg_CHAP5_M1_atlas1.tga,29271176,524340,bin,9172d64449fce391
gameswf_normalres,83,menu_bg_CHAP5_M2.swf,29795516,745,bin,13e010b704d2e62c
gameswf_normalres,84,menu_bg_CHAP5_M2_atlas1.tga,29796261,524340,bin,9172d64449fce391
gameswf_normalres,85,menu_bg_CHAP5_M3.swf,30320601,745,bin,13e010b704d2e62c
gameswf_normalres,86,menu_bg_CHAP5_M3_atlas1.tga,30321346,524340,bin,9172d64449fce391
gameswf_normalres,87,menu_bg_CHAP6_M1.swf,30845686,745,bin,13e010b704d2e62c
gameswf_normalres,88,menu_bg_CHAP6_M1_atlas1.tga,30846431,524340,bin,9172d64449fce391
gameswf_normalres,89,menu_bg_CHAP6_M2.swf,31370771,745,bin,13e010b704d2e62c
gameswf_normalres,90,menu_bg_CHAP6_M2_atlas1.tga,31371516,524340,bin,9172d64449fce391
gameswf_normalres,91,menu_bg_CHAP6_M3.swf,31895856,745,bin,13e010b704d2e62c
gameswf_normalres,92,menu_bg_CHAP6_M3_atlas1.tga,31896601,524340,bin,9172d64449fce391
gameswf_normalres,93,menu_bg_CHAP6_M4.swf,32420941,745,bin,13e010b704d2e62c
gameswf_normalres,94,menu_bg_CHAP6_M4_atlas1.tga,32421686,524340,bin,9172d64449fce391
gameswf_normalres,95,menu_bg_gotham.swf,32946026,743,bin,daee9fbae8dec61a
gameswf_normalres,96,menu_bg_gotham2.swf,32946769,164,bin,832f98c674995513
gameswf_normalres,97,menu_bg_gotham2_atlas1.tga,32946933,524340,bin,9172d64449fce391
gameswf_normalres,98,menu_bg_gothamb.swf,33471273,164,bin,832f98c674995513
gameswf_normalres,99,menu_bg_gothamb_atlas1.tga,33471437,524340,bin,9172d64449fce391
gameswf_normalres,100,menu_bg_gotham_atlas1.tga,33995777,524340,bin,9172d64449fce391
gameswf_normalres,101,menu_bg_militaryBase.swf,34520117,154,bin,c64951500e17bb9b
gameswf_normalres,102,menu_bg_militaryBase_atlas1.tga,34520271,524340,bin,9172d64449fce391
gameswf_normalres,103,menu_bg_policestation.swf,35044611,155,bin,0fdd6141471045d8
gameswf_normalres,104,menu_bg_policestation_atlas1.tga,35044766,524340,bin,9172d64449fce391
gameswf_normalres,105,menu_bg_stadium.swf,35569106,744,bin,84d826a79ec7b31d
gameswf_normalres,106,menu_bg_stadium_atlas1.tga,35569850,524340,bin,9172d64449fce391
gameswf_normalres,107,menu_bg_stockexchange.swf,36094190,170,bin,46fb9a3f19b36f83
gameswf_normalres,108,menu_bg_stockexchange_atlas1.tga,36094360,524340,bin,9172d64449fce391
gameswf_normalres,109,menu_bg_thepit.swf,36618700,148,bin,eb454eb7628d021b
gameswf_normalres,110,menu_bg_thepit_atlas1.tga,36618848,524340,bin,9172d64449fce391
gameswf_normalres,111,menu_bg_underground.swf,37143188,153,bin,53e3399bb2dfa1ac
gameswf_normalres,112,menu_bg_underground_atlas1.tga,37143341,524340,bin,9172d64449fce391
gameswf_normalres,113,military_minimap.swf,37667681,835,bin,6e072157b4c0b364
gameswf_normalres,114,military_minimap_atlas1.tga,37668516,524340,bin,9172d64449fce391
gameswf_normalres,115,minigame.swf,38192856,53613,bin,3a52cec4476bd155
gameswf_normalres,116,minigame_atlas1.tga,38246469,2621840,bin,9ebe275e4be31a8f
gameswf_normalres,117,police_station_minimap.swf,40868309,841,bin,cfb272991521b5a2
gameswf_normalres,118,police_station_minimap_atlas1.tga,40869150,524340,bin,9172d64449fce391
gameswf_normalres,119,Shop.swf,41393490,168969,bin,5c55658da9157b75
gameswf_normalres,120,Shop_atlas1.tga,41562459,2621840,bin,27f4ee9da6f1f511
gameswf_normalres,121,Shop_atlas128.tga,44184299,2621840,bin,48e1504e6087090d
gameswf_normalres,122,Shop_atlas154.tga,46806139,2621840,bin,27f4ee9da6f1f511
gameswf_normalres,123,Shop_atlas28.tga,49427979,2621840,bin,0b3e4304b1c4a7b1
gameswf_normalres,124,stadium_minimap.swf,52049819,834,bin,43bdd5ef7413e125
gameswf_normalres,125,stadium_minimap_atlas1.tga,52050653,524340,bin,9172d64449fce391
gameswf_normalres,126,stockexchange_minimap.swf,52574993,840,bin,3ee60e4caa56d504
gameswf_normalres,127,stockexchange_minimap_atlas1.tga,52575833,524340,bin,9172d64449fce391
gameswf_normalres,128,StoryBoard.xml,53100173,12231,bin,99f8d3d662fdc83c
gameswf_normalres,129,StoryboardPlayer.swf,53112404,42548,bin,0c737c5808c4ea57
gameswf_normalres,130,StoryboardPlayer_atlas4.tga,53154952,2621840,bin,fd2cd7a264b20538
gameswf_normalres,131,thepit_minimap.swf,55776792,835,bin,6e072157b4c0b364
gameswf_normalres,132,thepit_minimap_atlas1.tga,55777627,2097204,bin,8d5a1521800b72b7
gameswf_normalres,133,underground_minimap.swf,57874831,838,bin,0ccf17fb1cef6210
gameswf_normalres,134,underground_minimap_atlas1.tga,57875669,524340,bin,9172d64449fce391
intro,0,logoDC_high.tga,307,3145772,bin,ca7ce0218b844593
intro,1,logoDC_low.tga,3146079,196652,bin,56de041fa6d5a65b
intro,2,logoDC_medium.tga,3342731,786476,bin,7ce669dbff8dcf70
intro,3,logoGL_high.tga,4129207,3145772,bin,ca7ce0218b844593
intro,4,logoGL_low.tga,7274979,196652,bin,56de041fa6d5a65b
intro,5,logoGL_medium.tga,7471631,786476,bin,7ce669dbff8dcf70
intro,6,logoWB_high.tga,8258107,3145772,bin,ca7ce0218b844593
intro,7,logoWB_low.tga,11403879,196652,bin,56de041fa6d5a65b
intro,8,logoWB_medium.tga,11600531,786476,bin,7ce669dbff8dcf70
l_batcave,0,batcave.bdae,515,2139160,bin,f82f31187b667899
l_batcave,1,batcave_collision.bdae,2139675,416632,bin,e6ec48b845eda96e
l_batcave,2,batcave_Low.bdae,2556307,2140280,bin,47e7218dd85e1761
l_batcave,3,batcave_refl.bdae,4696587,19116,bin,983c75277fbdeb6a
l_batcave,4,batcave_Skybox.bdae,4715703,15640,bin,51ec24ccda8b36df
l_batcave,5,batcave.lvc_313609.irr,4731343,53510,bin,9b59c07189f3a787
l_batcave,6,batcave.lvc_313609_low.irr,4784853,14630,bin,9b59c07189f3a787
l_batcave,7,batcave.lvc_313610.irr,4799483,46382,bin,be484c4c6ef9e9c7
l_batcave,8,batcave.lvc_313610_low.irr,4845865,12686,bin,be484c4c6ef9e9c7
l_batcave,9,batcave.lvc_313611.irr,4858551,229730,bin,6f537108e3ae7dbc
l_batcave,10,batcave.lvc_313611_low.irr,5088281,62690,bin,6f537108e3ae7dbc
l_batcave,11,batcave.lvc_800015.irr,5150971,14306,bin,c4103464a5972bec
l_batcave,12,batcave.lvc_800015_low.irr,5165277,3938,bin,c4103464a5972bec
l_gothamcity,0,BeastTest.bdae,52758,74276,bin,0cac4e6669b23786
l_gothamcity,1,Footprint_VB_Reflections.bdae,127034,18660,bin,b8b761c52476bcc7
l_gothamcity,2,FX_BLightning_A.bdae,145694,8304,bin,24e8b9cab99d89a2
l_gothamcity,3,GC_Anim_Crane_BoxDrop_Anim.bdae,153998,46676,bin,6efda4ceb32a7df1
l_gothamcity,4,GC_Anim_Crane_BoxDrop_Collision.bdae,200674,96872,bin,414e865a27ff4912
l_gothamcity,5,GC_Anim_Crane_BoxDrop_Mesh.bdae,297546,17276,bin,ee03241a6d333577
l_gothamcity,6,GC_Bigbridge.bdae,314822,505948,bin,25d63a6837572b8c
l_gothamcity,7,GC_Bigbridge_1_islands_collision.bdae,820770,86348,bin,6340abdd4c9d7228
l_gothamcity,8,GC_Bigbridge_1_islands_LongDist.bdae,907118,52164,bin,2bb3ba253738886f
l_gothamcity,9,GC_Bigbridge_2_islands_collision.bdae,959282,85840,bin,93e653417e4e55be
l_gothamcity,10,GC_Bigbridge_2_islands_LongDist.bdae,1045122,52164,bin,2bb3ba253738886f
l_gothamcity,11,GC_Bigbridge_3_collision.bdae,1097286,121136,bin,38149ce5ee517bb0
l_gothamcity,12,GC_Bigbridge_3_LongDist.bdae,1218422,51112,bin,f37b60d69ce2db4e
l_gothamcity,13,GC_Bigbridge_4_islands_collision.bdae,1269534,86988,bin,728f1276b201c58c
l_gothamcity,14,GC_Bigbridge_5_islands_collision.bdae,1356522,88720,bin,ca1efccc3fda16a1
l_gothamcity,15,GC_Bigbridge_collision.bdae,1445242,179672,bin,0619f10d5761b7d4
l_gothamcity,16,GC_Bigbridge_LongDist.bdae,1624914,123324,bin,3612789918d549f7
l_gothamcity,17,GC_bridge_1.bdae,1748238,239056,bin,ec63e6b9f84e1428
l_gothamcity,18,GC_bridge_1_collision.bdae,1987294,159024,bin,dd99fde8660c6b78
l_gothamcity,19,GC_bridge_1_LongDist.bdae,2146318,7344,bin,a45f3a883fa64bcf
l_gothamcity,20,GC_Broken_BigBridge.bdae,2153662,297012,bin,d114e45f8acb6b0b
l_gothamcity,21,GC_Broken_BigBridge_collision.bdae,2450674,179180,bin,355ef058488bd1ed
l_gothamcity,22,GC_Broken_BigBridge_LongDist.bdae,2629854,116508,bin,f7273eb818b24edb
l_gothamcity,23,GC_CityBG.bdae,2746362,2516,bin,93aa1ed1afcd72bb
l_gothamcity,24,GC_City_Plane.bdae,2748878,20288,bin,d99ee2aab3b65a30
l_gothamcity,25,GC_Construction_Truck_Collision.bdae,2769166,93056,bin,93b274d0946a11f7
l_gothamcity,26,GC_Diner.bdae,2862222,193404,bin,5ec51a6147d116ec
l_gothamcity,27,GC_Diner_Collision.bdae,3055626,94256,bin,c5d7dc3343a4c013
l_gothamcity,28,GC_Diner_Logo.bdae,3149882,19208,bin,80f65b586356f919
l_gothamcity,29,GC_Diner_Logo_Collision.bdae,3169090,90096,bin,80361c3b29275970
l_gothamcity,30,GC_Flag.bdae,3259186,3252,bin,d6908da30f23a755
l_gothamcity,31,GC_Footprint_AA_BigBuiding.bdae,3262438,581124,bin,d138bcef5b34e2dd
l_gothamcity,32,GC_Footprint_AA_BigBuiding_Collision.bdae,3843562,66404,bin,ff6d4fd86f1c11ed
l_gothamcity,33,GC_Footprint_AA_Collision.bdae,3909966,44656,bin,2582d43defb7885f
l_gothamcity,34,GC_footprint_aa_elevator.bdae,3954622,185280,bin,a246b7a532a87fd4
l_gothamcity,35,GC_footprint_aa_elevator_collision.bdae,4139902,90508,bin,6af08e2084bc1b33
l_gothamcity,36,GC_Footprint_AA_LongDist.bdae,4230410,13636,bin,74770ed6978b09a6
l_gothamcity,37,GC_Footprint_AA_Reflections.bdae,4244046,18228,bin,0afc1bffdff6e491
l_gothamcity,38,GC_footprint_AB_Collision.bdae,4262274,123672,bin,f468180daa01af7d
l_gothamcity,39,GC_footprint_AB_LongDist.bdae,4385946,40288,bin,47df2e3a224cd559
l_gothamcity,40,GC_footprint_AB_reflection.bdae,4426234,17868,bin,d7110b1aa6f8f66c
l_gothamcity,41,GC_Footprint_AC_Collision.bdae,4444102,58484,bin,0f7551b214610100
l_gothamcity,42,GC_Footprint_AC_LongDist.bdae,4502586,31392,bin,7142d383c8ade4be
l_gothamcity,43,GC_Footprint_AC_Reflection.bdae,4533978,3772,bin,ff6e141febc08c10
l_gothamcity,44,GC_Footprint_AF_Collision.bdae,4537750,24460,bin,381de3dcece16ce6
l_gothamcity,45,GC_Footprint_AF_LongDist.bdae,4562210,19820,bin,6f9c5569fc544042
l_gothamcity,46,GC_Footprint_AF_Reflections.bdae,4582030,3856,bin,9d1118ce5d760a08
l_gothamcity,47,GC_Footprint_AG_Collision.bdae,4585886,20572,bin,720011bf92c4a424
l_gothamcity,48,GC_Footprint_AG_LongDist.bdae,4606458,18208,bin,90ba908ff594cb53
l_gothamcity,49,GC_Footprint_AG_Reflections.bdae,4624666,4888,bin,d7cdbbad621b2312
l_gothamcity,50,GC_Footprint_AH_Collision.bdae,4629554,81432,bin,0612e82c0f4ee3e5
l_gothamcity,51,GC_Footprint_AH_LongDist.bdae,4710986,46808,bin,4402a62669a74904
l_gothamcity,52,GC_Footprint_AH_Reflections.bdae,4757794,8856,bin,ffd1e69d7905eb4e
l_gothamcity,53,GC_Footprint_AJ_Collision.bdae,4766650,177040,bin,70d73bd2ae45acff
l_gothamcity,54,GC_Footprint_AJ_LongDist.bdae,4943690,61024,bin,5f46b8a97051fb78
l_gothamcity,55,GC_Footprint_AJ_Reflections.bdae,5004714,47216,bin,0f2456cc15df3881
l_gothamcity,56,GC_Footprint_AWT_balcony_collision.bdae,5051930,82216,bin,8461187f30af2b77
l_gothamcity,57,GC_Footprint_AWT_collision.bdae,5134146,89908,bin,9d937d666d34b599
l_gothamcity,58,GC_footprint_AWT_garage_door.bdae,5224054,10960,bin,ab7c5944d050dc1c
l_gothamcity,59,GC_footprint_AWT_garage_door_collision.bdae,5235014,71680,bin,8a23bd1710ce8007
l_gothamcity,60,GC_Footprint_AWT_LongDist.bdae,5306694,33340,bin,8cea9ce78d4db285
l_gothamcity,61,GC_footprint_AWT_Reflection.bdae,5340034,3256,bin,a9084628bb497959
l_gothamcity,62,GC_footprint_AWT_Wayne_Logo.bdae,5343290,24616,bin,a794d566f8bbc26b
l_gothamcity,63,GC_Footprint_AWT_Wayne_Logo_Collision.bdae,5367906,72032,bin,17e9630f4e20883b
l_gothamcity,64,GC_Footprint_AWT_Wayne_Logo_Damage.bdae,5439938,42180,bin,b17f3d207cdbdaac
l_gothamcity,65,GC_Footprint_AWT_Wayne_Logo_Damage_Collision.bdae,5482118,73332,bin,da322f6009afccc3
l_gothamcity,66,GC_Footprint_CA_collision.bdae,5555450,211024,bin,b1aa41603b8e40b8
l_gothamcity,67,GC_FootPrint_CA_LongDist.bdae,5766474,20040,bin,ed6fff61c017b7f8
l_gothamcity,68,GC_Footprint_CA_Reflections.bdae,5786514,10008,bin,e35021ae59f35935
l_gothamcity,69,GC_Footprint_CB_Collision.bdae,5796522,147368,bin,ffbda398e272389b
l_gothamcity,70,GC_Footprint_CB_LongDist.bdae,5943890,6364,bin,ba33b0547e8a4bed
l_gothamcity,71,GC_Footprint_CB_Reflection.bdae,5950254,22692,bin,02f5881101e8c2d3
l_gothamcity,72,GC_Footprint_CC_Collision.bdae,5972946,116784,bin,a66ded0bf853d4da
l_gothamcity,73,GC_Footprint_CC_LongDist.bdae,6089730,7116,bin,34e563d70bedcd73
l_gothamcity,74,GC_Footprint_CC_Reflection.bdae,6096846,46032,bin,255c4212c22cc9e0
l_gothamcity,75,GC_Footprint_CD_Collisions.bdae,6142878,202972,bin,7ccd731626743012
l_gothamcity,76,GC_Footprint_CD_LongDist.bdae,6345850,6352,bin,85c40d6ee1f3301d
l_gothamcity,77,GC_Footprint_CD_Reflections.bdae,6352202,25744,bin,c264b1df4ed56dd7
l_gothamcity,78,GC_Footprint_CE_Collision.bdae,6377946,125608,bin,376eb1e65ccac1fc
l_gothamcity,79,GC_Footprint_CE_LongDist.bdae,6503554,34452,bin,9343f8d4d1214a6b
l_gothamcity,80,GC_Footprint_CE_Reflection.bdae,6538006,33816,bin,a152d05b5c966878
l_gothamcity,81,GC_Footprint_CF_Collision.bdae,6571822,245760,bin,5b06fb8773c55d51
l_gothamcity,82,GC_Footprint_CF_LongDist.bdae,6817582,58880,bin,8fb36b0c11069330
l_gothamcity,83,GC_Footprint_CF_Reflection.bdae,6876462,41396,bin,c04123ed0f8a477c
l_gothamcity,84,GC_Footprint_CG.bdae,6917858,1025984,bin,8b3b3aed9c05e1b4
l_gothamcity,85,GC_Footprint_CG_Collision.bdae,7943842,178300,bin,68ac48cd5c857445
l_gothamcity,86,GC_Footprint_CG_LongDist.bdae,8122142,6128,bin,658ac2e86fa2d953
l_gothamcity,87,GC_Footprint_CG_Reflection.bdae,8128270,21196,bin,23165beade0ee5a6
l_gothamcity,88,GC_Footprint_CH_Collision.bdae,8149466,89068,bin,5c36f36beda446e8
l_gothamcity,89,GC_Footprint_CH_LongDist.bdae,8238534,21324,bin,fb900060ec55b726
l_gothamcity,90,GC_Footprint_CH_Reflection.bdae,8259858,35084,bin,1432f1859a33574b
l_gothamcity,91,GC_Footprint_CJ_Collision.bdae,8294942,363672,bin,aaa44b1e9ef00e51
l_gothamcity,92,GC_Footprint_CJ_LongDist.bdae,8658614,102676,bin,26c2c082431b4808
l_gothamcity,93,GC_Footprint_CJ_Reflections.bdae,8761290,33480,bin,d7c3f99c24c7433b
l_gothamcity,94,GC_Footprint_CJ_Scaffolding.bdae,8794770,208532,bin,422925ce899d0971
l_gothamcity,95,GC_Footprint_CJ_Scaffolding_Anim.bdae,9003302,50124,bin,b4ada8a7d70cffe1
l_gothamcity,96,GC_Footprint_CJ_Scaffolding_Collision.bdae,9053426,88680,bin,80c055a1ae8fc69a
l_gothamcity,97,GC_Footprint_CL_Collision.bdae,9142106,202092,bin,27d99e477dbbf6d5
l_gothamcity,98,GC_Footprint_CL_LongDist.bdae,9344198,38416,bin,fa8c467dc291e238
l_gothamcity,99,GC_Footprint_CL_Reflections.bdae,9382614,29124,bin,e3bc4dfa4cf96db2
l_gothamcity,100,GC_Footprint_CM_Collision.bdae,9411738,206832,bin,3afc2057957ecc80
l_gothamcity,101,GC_Footprint_CM_LongDist.bdae,9618570,74124,bin,bc53e9a83b049c7e
l_gothamcity,102,GC_Footprint_CM_Reflection.bdae,9692694,27788,bin,81664b73430bf9a6
l_gothamcity,103,GC_Footprint_CN_Collision.bdae,9720482,170896,bin,16b60fbaec1482ac
l_gothamcity,104,GC_Footprint_CN_LongDist.bdae,9891378,7092,bin,60604394baec0b46
l_gothamcity,105,GC_Footprint_CN_Reflection.bdae,9898470,23544,bin,5b9fdac5d3f11145
l_gothamcity,106,GC_Footprint_DA_Collision.bdae,9922014,88996,bin,3a7c8a6e3b659f9b
l_gothamcity,107,GC_Footprint_DA_Elevators.bdae,10011010,37912,bin,63bdee362010274d
l_gothamcity,108,GC_Footprint_DA_LongDist.bdae,10048922,14352,bin,b03598b889734061
l_gothamcity,109,GC_Footprint_DA_Reflections.bdae,10063274,22672,bin,164f2e904bbc8be0
l_gothamcity,110,GC_Footprint_DB_Collision.bdae,10085946,199912,bin,3ab8b23b4167cf20
l_gothamcity,111,GC_Footprint_DB_LongDist.bdae,10285858,15600,bin,a010129c5419464c
l_gothamcity,112,GC_Footprint_DB_Reflection.bdae,10301458,10804,bin,7ae2cbd8e60e0593
l_gothamcity,113,GC_Footprint_DC_Collision.bdae,10312262,341000,bin,509173366939a1bf
l_gothamcity,114,GC_Footprint_DC_LongDist.bdae,10653262,26892,bin,036be18e6d7e98d2
l_gothamcity,115,GC_Footprint_DC_Reflection.bdae,10680154,18456,bin,be06db15eef5c631
l_gothamcity,116,GC_Footprint_DD_Collision.bdae,10698610,158252,bin,594ac585ae9ecc17
l_gothamcity,117,GC_Footprint_DD_LongDist.bdae,10856862,13876,bin,70b81ab2a906c2c8
l_gothamcity,118,GC_Footprint_DD_Reflection.bdae,10870738,17324,bin,9788af24ade7b804
l_gothamcity,119,GC_Footprint_DF_Collision.bdae,10888062,935528,bin,7d36a3e2b981f475
l_gothamcity,120,GC_Footprint_DF_LongDist.bdae,11823590,63848,bin,67169244f8992fb4
l_gothamcity,121,GC_Footprint_DF_Reflection.bdae,11887438,45580,bin,a0215d232c74e331
l_gothamcity,122,GC_Footprint_DG_Collision.bdae,11933018,529820,bin,2f55ab934d3077be
l_gothamcity,123,GC_Footprint_DG_LongDist.bdae,12462838,20120,bin,03f37328537cfe52
l_gothamcity,124,GC_Footprint_DG_Reflection.bdae,12482958,28820,bin,5b4839870bee599f
l_gothamcity,125,GC_Footprint_DH_Collision.bdae,12511778,523488,bin,fe6c12e2199629ea
l_gothamcity,126,GC_Footprint_DH_LongDist.bdae,13035266,35988,bin,6bd064e9c94180b7
l_gothamcity,127,GC_Footprint_DH_Reflection.bdae,13071254,27808,bin,974fadaa0b9eb290
l_gothamcity,128,GC_Footprint_Diner_Logo_Lit.bdae,13099062,3012,bin,02a60041e0b8e024
l_gothamcity,129,GC_Footprint_Diner_Logo_Lit_Collision.bdae,13102074,73776,bin,3e306a01e6a82942
l_gothamcity,130,GC_Footprint_DMUS_Collision.bdae,13175850,131008,bin,304428189c43e347
l_gothamcity,131,GC_Footprint_DMUS_LongDist.bdae,13306858,44664,bin,ac52c92abd2462c5
l_gothamcity,132,GC_Footprint_DMUS_Reflection.bdae,13351522,15608,bin,5506e2e9f3eec95e
l_gothamcity,133,GC_Footprint_DMUS_table.bdae,13367130,12284,bin,ba99304d51ae14bd
l_gothamcity,134,GC_Footprint_DMUS_table_collision.bdae,13379414,5896,bin,b7098911ef73393a
l_gothamcity,135,GC_Footprint_DSE_Collision.bdae,13385310,259524,bin,f2198a2f1b07955c
l_gothamcity,136,GC_Footprint_DSE_LongDist.bdae,13644834,19968,bin,8b322bb0a2a2bda2
l_gothamcity,137,GC_Footprint_DSE_Reflection.bdae,13664802,23404,bin,8f8e4fc64c3df80a
l_gothamcity,138,GC_Footprint_GA_Anim.bdae,13688206,28412,bin,386b45601c3fa0b6
l_gothamcity,139,GC_Footprint_GA_Collision.bdae,13716618,102448,bin,e18174b3d5ec498b
l_gothamcity,140,GC_Footprint_GA_LongDist.bdae,13819066,6796,bin,3be7490ae4a03fd8
l_gothamcity,141,GC_Footprint_GA_Reflections.bdae,13825862,8664,bin,df00fb99c366108d
l_gothamcity,142,GC_Footprint_GB_collision.bdae,13834526,136260,bin,18c1af1547711b8c
l_gothamcity,143,GC_Footprint_GB_LongDist.bdae,13970786,21204,bin,1920afb675ebcb70
l_gothamcity,144,GC_Footprint_GB_Reflection.bdae,13991990,18472,bin,9f63f07b2302bc79
l_gothamcity,145,GC_Footprint_GC_Collision.bdae,14010462,125712,bin,a079383d8a04daf4
l_gothamcity,146,GC_Footprint_GC_LongDist.bdae,14136174,5948,bin,b2ac34b18bc0a6a4
l_gothamcity,147,GC_Footprint_GC_Reflection.bdae,14142122,18404,bin,d4764ee0803d0016
l_gothamcity,148,GC_Footprint_GD_Collision.bdae,14160526,200460,bin,a26a6a639ae726e3
l_gothamcity,149,GC_Footprint_GD_LongDist.bdae,14360986,15476,bin,7ceb4a4d290b1d79
l_gothamcity,150,GC_Footprint_GD_Reflection.bdae,14376462,13004,bin,f0100ca89cd6d32a
l_gothamcity,151,GC_Footprint_GF_Anim.bdae,14389466,35584,bin,89cb3a828741e869
l_gothamcity,152,GC_Footprint_GF_Collision.bdae,14425050,127216,bin,e281815266bcd03d
l_gothamcity,153,GC_Footprint_GF_LongDist.bdae,14552266,6116,bin,6d81d528a03e39fb
l_gothamcity,154,GC_Footprint_GF_Reflections.bdae,14558382,8624,bin,d648dad121e1b4f3
l_gothamcity,155,GC_Footprint_IA_Collision.bdae,14567006,58408,bin,beaee8cd202114ad
l_gothamcity,156,GC_Footprint_IA_LongDist.bdae,14625414,7864,bin,b4fc7fdf04742460
l_gothamcity,157,GC_Footprint_IA_Reflection.bdae,14633278,4304,bin,a280462dc6beeac3
l_gothamcity,158,GC_Footprint_IB_Collision.bdae,14637582,52312,bin,922f007adb8d8683
l_gothamcity,159,GC_Footprint_IB_LongDist.bdae,14689894,7796,bin,380f7a00155d8dae
l_gothamcity,160,GC_Footprint_IB_Reflection.bdae,14697690,4892,bin,28c176876dad9cde
l_gothamcity,161,GC_Footprint_IC_Collision.bdae,14702582,71860,bin,bf6932b6698382f9
l_gothamcity,162,GC_Footprint_IC_Logo_Collision.bdae,14774442,71816,bin,d7c6a7172b3dcb9a
l_gothamcity,163,GC_Footprint_IC_LongDist.bdae,14846258,5940,bin,73f7662906c0ad55
l_gothamcity,164,GC_Footprint_IC_Reflection.bdae,14852198,4704,bin,306514b74b931251
l_gothamcity,165,GC_Footprint_ID_Collision.bdae,14856902,151240,bin,0ee03d52a4438d4f
l_gothamcity,166,GC_Footprint_ID_LongDist.bdae,15008142,9864,bin,b98d1b401ade39f0
l_gothamcity,167,GC_Footprint_ID_Reflection.bdae,15018006,5364,bin,d485d96096c3395d
l_gothamcity,168,GC_Footprint_IE_Collision.bdae,15023370,114320,bin,9b7d7670ec9d7ba4
l_gothamcity,169,GC_Footprint_IE_LongDist.bdae,15137690,13952,bin,756bf365a28cc248
l_gothamcity,170,GC_Footprint_IE_Reflection.bdae,15151642,7000,bin,ce36f147b763f5db
l_gothamcity,171,GC_Footprint_LA_Collision.bdae,15158642,179260,bin,dc8a5e0df524d508
l_gothamcity,172,GC_FootPrint_LA_LongDist.bdae,15337902,12292,bin,0771827f84f08e3b
l_gothamcity,173,GC_Footprint_LA_Reflections.bdae,15350194,9500,bin,2f20468e6981615d
l_gothamcity,174,GC_Footprint_LB_Collision.bdae,15359694,150696,bin,248c7a1a1ed26b38
l_gothamcity,175,GC_Footprint_LB_LongDist.bdae,15510390,22204,bin,d13139a01bb25699
l_gothamcity,176,GC_Footprint_LB_Reflection.bdae,15532594,12584,bin,281d1eff12cad299
l_gothamcity,177,GC_Footprint_LC_Collision.bdae,15545178,110560,bin,959bd34f853e4396
l_gothamcity,178,GC_Footprint_LC_LongDist.bdae,15655738,24780,bin,f6a1baf6c40754cd
l_gothamcity,179,GC_Footprint_LC_Reflections.bdae,15680518,14184,bin,56fd0556a04b6406
l_gothamcity,180,GC_Footprint_LE_Collision.bdae,15694702,149000,bin,bbd5de8923c65f44
l_gothamcity,181,GC_Footprint_LE_LongDist.bdae,15843702,7400,bin,ecaa64480936a0ec
l_gothamcity,182,GC_Footprint_LE_Reflections.bdae,15851102,1880,bin,eaa97b5a2e720261
l_gothamcity,183,GC_Footprint_LF_Collision.bdae,15852982,132808,bin,af1d3fbcac0db0b7
l_gothamcity,184,GC_Footprint_LF_LongDist.bdae,15985790,18908,bin,607fac38cf856319
l_gothamcity,185,GC_Footprint_LF_Reflections.bdae,16004698,7244,bin,ff5390cb3e95e0e0
l_gothamcity,186,GC_Footprint_LG_Collision.bdae,16011942,333984,bin,b5ad2c63642a8070
l_gothamcity,187,GC_Footprint_LG_LongDist.bdae,16345926,82316,bin,d29fd450e76773ce
l_gothamcity,188,GC_Footprint_LG_Reflections.bdae,16428242,5388,bin,a858e86decc741f3
l_gothamcity,189,GC_Footprint_LPOL_Collision.bdae,16433630,20840,bin,06fe97f2508afc3e
l_gothamcity,190,GC_Footprint_LPOL_LongDist.bdae,16454470,7944,bin,f2a2471d78bd9705
l_gothamcity,191,GC_FootPrint_LPOL_Reflections.bdae,16462414,7840,bin,6b486582bb6f117c
l_gothamcity,192,GC_Footprint_STD_Collision.bdae,16470254,52324,bin,671316b280ffbfea
l_gothamcity,193,GC_Footprint_STD_Decals.bdae,16522578,15048,bin,3083506aa796551b
l_gothamcity,194,GC_Footprint_STD_Reflection.bdae,16537626,3012,bin,02a60041e0b8e024
l_gothamcity,195,GC_Footprint_STD_Volumetric.bdae,16540638,36192,bin,f0903518052de294
l_gothamcity,196,GC_Footprint_VA_Collision.bdae,16576830,108736,bin,9382c568ecd60a06
l_gothamcity,197,GC_Footprint_VA_Diner_Clean.bdae,16685566,188096,bin,e89963ddb247558e
l_gothamcity,198,GC_Footprint_VA_Diner_Cracks.bdae,16873662,123544,bin,a557ba13767c9786
l_gothamcity,199,GC_Footprint_VA_Diner_Mesh.bdae,16997206,519384,bin,296818dfaba9fc5f
l_gothamcity,200,GC_Footprint_VA_Dinner_Clean_low.bdae,17516590,113264,bin,f845f20d8faf5d77
l_gothamcity,201,GC_Footprint_VA_LongDist.bdae,17629854,11424,bin,d3e0f36a8a8ef47b
l_gothamcity,202,GC_Footprint_VA_Reflection.bdae,17641278,13064,bin,6774b8357425b42c
l_gothamcity,203,GC_Footprint_VB_collision.bdae,17654342,85748,bin,5b0d90b18c5cf12a
l_gothamcity,204,GC_Footprint_VB_LongDist.bdae,17740090,8180,bin,9bc61055353be127
l_gothamcity,205,GC_Footprint_VB_Reflection.bdae,17748270,20228,bin,fb68ec07b69e4cbc
l_gothamcity,206,GC_Footprint_VC_collision.bdae,17768498,92156,bin,8470a95a29de3148
l_gothamcity,207,GC_Footprint_VC_LongDist.bdae,17860654,12012,bin,0510a52ce4789c19
l_gothamcity,208,GC_Footprint_VC_Reflection.bdae,17872666,15356,bin,00d9f85bf9b813bf
l_gothamcity,209,GC_Footprint_VD_collision.bdae,17888022,108336,bin,ca63519c353f8c29
l_gothamcity,210,GC_Footprint_VD_LongDist.bdae,17996358,13708,bin,544991290a75034f
l_gothamcity,211,GC_Footprint_VD_Reflection.bdae,18010066,15936,bin,2a335f05cc96db1a
l_gothamcity,212,GC_Footprint_VPOW_Collision.bdae,18026002,295892,bin,93cb4cd80de3e21d
l_gothamcity,213,GC_Footprint_VPOW_Furnal.bdae,18321894,403188,bin,954935bcdc54c1d2
l_gothamcity,214,GC_Footprint_VPOW_Furnal_Collision.bdae,18725082,89260,bin,9f446c291cc71131
l_gothamcity,215,GC_Footprint_VPOW_Furnal_LongDist.bdae,18814342,403188,bin,954935bcdc54c1d2
l_gothamcity,216,GC_Footprint_VPOW_Light_Pole_Collision.bdae,19217530,33984,bin,268833a699dde59d
l_gothamcity,217,GC_Footprint_VPOW_Light_Pole_LOD05.bdae,19251514,34252,bin,02492dc7081ad103
l_gothamcity,218,GC_Footprint_VPOW_LongDist.bdae,19285766,201012,bin,d206ea761cf7b6dd
l_gothamcity,219,GC_Footprint_VPOW_Reflection.bdae,19486778,27540,bin,a156ce465dd1b6f2
l_gothamcity,220,GC_Footprint_VPOW_Volumetric.bdae,19514318,10936,bin,a822775543102767
l_gothamcity,221,GC_Footprint_VRS_Collision.bdae,19525254,542972,bin,32892b6c09d1d5ce
l_gothamcity,222,GC_Footprint_VRS_LongDist.bdae,20068226,86804,bin,0e66b5f225ac0f30
l_gothamcity,223,GC_Footprint_VRS_Reflection.bdae,20155030,39840,bin,cb113c78662549c6
l_gothamcity,224,GC_Footprint_ZA_Collision.bdae,20194870,154068,bin,b949f2b05aff7f0d
l_gothamcity,225,GC_Footprint_ZA_LongDist.bdae,20348938,15132,bin,e93ce4dfa47c8853
l_gothamcity,226,GC_Footprint_ZA_Reflection.bdae,20364070,19340,bin,77f06ded67f59165
l_gothamcity,227,GC_Footprint_ZB_Collision.bdae,20383410,98720,bin,9ff0475cb63beafc
l_gothamcity,228,GC_Footprint_ZB_LongDist.bdae,20482130,8680,bin,8f81a9eaa64fbc1d
l_gothamcity,229,GC_Footprint_ZB_Reflection.bdae,20490810,13532,bin,fbeaadc17b05e5f1
l_gothamcity,230,GC_Footprint_ZC_Collision.bdae,20504342,118388,bin,39ba858f444e8cd7
l_gothamcity,231,GC_Footprint_ZC_LongDist.bdae,20622730,16572,bin,37b3618438f5ebc3
l_gothamcity,232,GC_Footprint_ZC_Reflection.bdae,20639302,15308,bin,3033b01593e98fc0
l_gothamcity,233,GC_Footprint_ZD_Collision.bdae,20654610,138104,bin,cb09b9832dfb417f
l_gothamcity,234,GC_Footprint_ZD_LongDist.bdae,20792714,24020,bin,037ee96f68de1b43
l_gothamcity,235,GC_Footprint_ZD_Reflection.bdae,20816734,35368,bin,c855d96fc82ecea2
l_gothamcity,236,GC_Footprint_ZE_Collision.bdae,20852102,443824,bin,344b00a82dcd6a2e
l_gothamcity,237,GC_Footprint_ZE_garagewindows.bdae,21295926,19124,bin,ca5b27526d473f5f
l_gothamcity,238,GC_Footprint_ZE_LongDist.bdae,21315050,72716,bin,828abf43944ab956
l_gothamcity,239,GC_Footprint_ZE_Reflection.bdae,21387766,43920,bin,832be8b2f0278f7a
l_gothamcity,240,GC_Footprint_ZE_window_collisions.bdae,21431686,73796,bin,938ca7199a7f75a1
l_gothamcity,241,GC_Footprint_ZF_collision.bdae,21505482,506000,bin,b245a4badec0d33f
l_gothamcity,242,GC_Footprint_ZF_LongDist.bdae,22011482,63608,bin,3cb2410e9aec643f
l_gothamcity,243,GC_Footprint_ZF_reflection.bdae,22075090,45636,bin,45b4025e1c705890
l_gothamcity,244,GC_FXMax_BigFire_Anim.bdae,22120726,7188,bin,acf6c22494fbb841
l_gothamcity,245,GC_FXMax_BigFire_Mesh.bdae,22127914,7380,bin,bb9277a73a0fa7bf
l_gothamcity,246,GC_FX_BasicGlow_v01.bdae,22135294,4160,bin,cbc2d514b981f89d
l_gothamcity,247,GC_FX_BasicGlow_v02.bdae,22139454,4160,bin,cbc2d514b981f89d
l_gothamcity,248,GC_FX_BasicGlow_v03.bdae,22143614,4160,bin,cbc2d514b981f89d
l_gothamcity,249,GC_FX_BasicGlow_v04.bdae,22147774,4160,bin,cbc2d514b981f89d
l_gothamcity,250,GC_FX_BasicGlow_v05.bdae,22151934,4160,bin,cbc2d514b981f89d
l_gothamcity,251,GC_FX_GreenLight_Animated.bdae,22156094,4568,bin,131a0c964d6af6e5
l_gothamcity,252,GC_FX_RedLight.bdae,22160662,3620,bin,5fa9552bb4737153
l_gothamcity,253,GC_FX_YellowLight.bdae,22164282,3652,bin,cb388f0200a29e04
l_gothamcity,254,GC_Glowplane_LODD.bdae,22167934,5680,bin,d7288b65b0e81594
l_gothamcity,255,GC_Irradiance_Volume.bdae,22173614,9212,bin,c851e111f2ee5a5a
l_gothamcity,256,GC_island1_Collision.bdae,22182826,168320,bin,c7187a157503fa88
l_gothamcity,257,GC_island1_LongDist.bdae,22351146,1217592,bin,27c6c01ca435feb1
l_gothamcity,258,GC_island1_LongDist_LOW.bdae,23568738,327808,bin,2b8469ab48153b87
l_gothamcity,259,GC_Island1_ReflOccluder.bdae,23896546,2268,bin,f75ab42e1cbdf997
l_gothamcity,260,GC_Island2_Collision.bdae,23898814,140988,bin,9f777e8249b8ba40
l_gothamcity,261,GC_Island2_LongDist.bdae,24039802,878812,bin,f9cc39802280f782
l_gothamcity,262,GC_Island2_LongDist_LOW.bdae,24918614,332632,bin,7d8e6bc9a52bdb50
l_gothamcity,263,GC_Island2_ReflOccluder.bdae,25251246,2224,bin,901edf07df1a1ec7
l_gothamcity,264,GC_LongDist_Island1_FP1.bdae,25253470,464092,bin,ba83b90b194f80ee
l_gothamcity,265,GC_LongDist_Island1_FP2.bdae,25717562,346652,bin,8adbf4529b916209
l_gothamcity,266,GC_LongDist_Island1_FP3.bdae,26064214,477908,bin,7f6abb1cf5209d87
l_gothamcity,267,GC_LongDist_Island1_Roads.bdae,26542122,491500,bin,5b975b5677fbe352
l_gothamcity,268,GC_LongDist_Island2_FP1.bdae,27033622,238768,bin,e4214d9e819c20ff
l_gothamcity,269,GC_LongDist_Island2_FP2.bdae,27272390,395564,bin,45e7216e47c24d74
l_gothamcity,270,GC_LongDist_Island2_FP3.bdae,27667954,220324,bin,4b6fe6472c990898
l_gothamcity,271,GC_LongDist_Island2_Roads.bdae,27888278,361792,bin,485181379c5b7dd4
l_gothamcity,272,GC_Monorail_Island1_Collision.bdae,28250070,127804,bin,33258e520d28b467
l_gothamcity,273,GC_Monorail_Island1_LongDist.bdae,28377874,90424,bin,3ce23ec71b7ec664
l_gothamcity,274,GC_Monorail_Island2_Collision.bdae,28468298,179520,bin,57a38ac8ba11a2e5
l_gothamcity,275,GC_Monorail_Island2_LongDist.bdae,28647818,143660,bin,0ae8398233b64b27
l_gothamcity,276,GC_Moon_Reflection.bdae,28791478,2076,bin,e11628823a49ee9d
l_gothamcity,277,GC_Props_Monorail.bdae,28793554,43256,bin,863994dcb3798a2e
l_gothamcity,278,GC_Props_Monorail_Collision.bdae,28836810,121472,bin,d1bbcbe92d89a076
l_gothamcity,279,GC_Props_Monorail_Train.bdae,28958282,140188,bin,0dcfc3f661dff8d4
l_gothamcity,280,GC_Props_Monorail_Train_Collision.bdae,29098470,200376,bin,b7d8d7ffbb610ca5
l_gothamcity,281,GC_Props_UnderConstructionArea_Collision.bdae,29298846,76144,bin,507e809f902e063d
l_gothamcity,282,GC_Prop_Logo_BuildingLogoText_01_Collision.bdae,29374990,97132,bin,dbf358ae6247089f
l_gothamcity,283,GC_Prop_Logo_BuildingLogoText_02_Collision.bdae,29472122,97132,bin,dbf358ae6247089f
l_gothamcity,284,GC_Prop_Logo_BuildingLogo_01.bdae,29569254,13148,bin,21920229c0720f77
l_gothamcity,285,GC_Prop_Logo_BuildingLogo_01_Collision.bdae,29582402,96996,bin,b241ea08209adf8b
l_gothamcity,286,GC_Prop_Logo_BuildingLogo_02.bdae,29679398,14348,bin,120b98d44fd1ab91
l_gothamcity,287,GC_Prop_Logo_BuildingLogo_02_Collision.bdae,29693746,96996,bin,b241ea08209adf8b
l_gothamcity,288,GC_Prop_Logo_BuildingLogo_02_low.bdae,29790742,11856,bin,c5c3ba2fc6b2afcf
l_gothamcity,289,GC_Prop_ParkLightpole_collision.bdae,29802598,71548,bin,c14496d1e1b52d9d
l_gothamcity,290,GC_Prop_Plant_01_Collision.bdae,29874146,2836,bin,30b8ae75ef86b2e2
l_gothamcity,291,GC_Prop_Plant_02_Collision.bdae,29876982,2404,bin,5e2c5cf3bbd93e4d
l_gothamcity,292,GC_Prop_Plant_03_Collision.bdae,29879386,2836,bin,30b8ae75ef86b2e2
l_gothamcity,293,GC_Prop_Plant_04.bdae,29882222,6708,bin,bd3fea0d8a8c2853
l_gothamcity,294,GC_Prop_Plant_04_Collision.bdae,29888930,2836,bin,30b8ae75ef86b2e2
l_gothamcity,295,GC_Prop_Plant_05_Collision.bdae,29891766,2836,bin,30b8ae75ef86b2e2
l_gothamcity,296,GC_Prop_Plant_06.bdae,29894602,7816,bin,8cbf5b8263a8f139
l_gothamcity,297,GC_Prop_Plant_06_Collision.bdae,29902418,2836,bin,30b8ae75ef86b2e2
l_gothamcity,298,GC_Prop_Plant_06_low.bdae,29905254,7272,bin,b62db1506e42fff4
l_gothamcity,299,GC_Prop_Plant_Industrial_01.bdae,29912526,6796,bin,3be7490ae4a03fd8
l_gothamcity,300,GC_Prop_Plant_Industrial_01_Collision.bdae,29919322,2908,bin,62687a78c1744683
l_gothamcity,301,GC_Prop_Plant_Industrial_02.bdae,29922230,7328,bin,52265b592f55e260
l_gothamcity,302,GC_Prop_Plant_Industrial_02_Collision.bdae,29929558,2476,bin,b823e6cd3f957720
l_gothamcity,303,GC_Prop_Plant_Industrial_03.bdae,29932034,7620,bin,39b8fa05d39712a7
l_gothamcity,304,GC_Prop_Plant_Industrial_03_Collision.bdae,29939654,2908,bin,62687a78c1744683
l_gothamcity,305,GC_Prop_Plant_Industrial_03_low.bdae,29942562,6988,bin,65ea26a13e50d240
l_gothamcity,306,GC_Prop_Plant_Industrial_04.bdae,29949550,6852,bin,cbc4fcf03ddc516d
l_gothamcity,307,GC_Prop_Plant_Industrial_04_Collision.bdae,29956402,2908,bin,62687a78c1744683
l_gothamcity,308,GC_Prop_Plant_Industrial_05.bdae,29959310,8436,bin,68a5a0399698dc2e
l_gothamcity,309,GC_Prop_Plant_Industrial_05_Collision.bdae,29967746,2908,bin,62687a78c1744683
l_gothamcity,310,GC_Prop_Plant_Industrial_05_low.bdae,29970654,7464,bin,5c06a0cd2840d077
l_gothamcity,311,GC_Prop_Plant_Industrial_06.bdae,29978118,7960,bin,1ad489f751cac6d1
l_gothamcity,312,GC_Prop_Plant_Industrial_06_Collision.bdae,29986078,2908,bin,62687a78c1744683
l_gothamcity,313,GC_Prop_Plant_Industrial_06_low.bdae,29988986,7416,bin,8f9daf2dff9ac2c9
l_gothamcity,314,GC_Prop_Tree_01_L_Collision.bdae,29996402,2972,bin,5ce924d21b04ab61
l_gothamcity,315,GC_Prop_Tree_01_M_Collision.bdae,29999374,2972,bin,5ce924d21b04ab61
l_gothamcity,316,GC_Prop_Tree_01_S.bdae,30002346,13208,bin,d2ddb72d4b2003c1
l_gothamcity,317,GC_Prop_Tree_01_S_Collision.bdae,30015554,2972,bin,5ce924d21b04ab61
l_gothamcity,318,GC_Prop_Tree_01_S_low.bdae,30018526,8372,bin,88fb0cb0a1b05bd3
l_gothamcity,319,GC_Prop_Tree_02_L_Collision.bdae,30026898,2524,bin,0ddd9f40b4c287ca
l_gothamcity,320,GC_Prop_Tree_02_M_Collision.bdae,30029422,2524,bin,0ddd9f40b4c287ca
l_gothamcity,321,GC_Prop_Tree_02_S_Collision.bdae,30031946,2524,bin,0ddd9f40b4c287ca
l_gothamcity,322,GC_Prop_Tree_03_L_Collision.bdae,30034470,2524,bin,0ddd9f40b4c287ca
l_gothamcity,323,GC_Prop_Tree_03_M.bdae,30036994,18600,bin,a7041a6d9555942a
l_gothamcity,324,GC_Prop_Tree_03_M_Collision.bdae,30055594,2524,bin,0ddd9f40b4c287ca
l_gothamcity,325,GC_Prop_Tree_03_M_low.bdae,30058118,9748,bin,c76918120f115ac7
l_gothamcity,326,GC_Prop_Tree_03_S_Collision.bdae,30067866,2524,bin,0ddd9f40b4c287ca
l_gothamcity,327,GC_Prop_Tree_04_L_Collision.bdae,30070390,2684,bin,10d5d8ff5f66f570
l_gothamcity,328,GC_Prop_Tree_04_M_Collision.bdae,30073074,2684,bin,10d5d8ff5f66f570
l_gothamcity,329,GC_Prop_Tree_04_S_Collision.bdae,30075758,2684,bin,10d5d8ff5f66f570
l_gothamcity,330,GC_Prop_Tree_05_L_Collision.bdae,30078442,2684,bin,10d5d8ff5f66f570
l_gothamcity,331,GC_Prop_Tree_05_M_Collision.bdae,30081126,2684,bin,10d5d8ff5f66f570
l_gothamcity,332,GC_Prop_Tree_05_S_Collision.bdae,30083810,2684,bin,10d5d8ff5f66f570
l_gothamcity,333,GC_Prop_Tree_05_XL_Collision.bdae,30086494,2688,bin,ed720a981101922a
l_gothamcity,334,GC_Prop_Tree_06_L_Collision.bdae,30089182,2684,bin,10d5d8ff5f66f570
l_gothamcity,335,GC_Prop_Tree_06_M_Collision.bdae,30091866,2684,bin,10d5d8ff5f66f570
l_gothamcity,336,GC_Prop_Tree_06_S_Collision.bdae,30094550,2316,bin,17c0b77cde7ff85f
l_gothamcity,337,GC_Prop_Tree_07_L_Collision.bdae,30096866,2316,bin,17c0b77cde7ff85f
l_gothamcity,338,GC_Prop_Tree_07_M_Collision.bdae,30099182,2316,bin,17c0b77cde7ff85f
l_gothamcity,339,GC_Prop_Tree_07_S_Collision.bdae,30101498,2316,bin,17c0b77cde7ff85f
l_gothamcity,340,GC_Prop_Tree_Industrial_01_L.bdae,30103814,23252,bin,70bb06b9b973d9d7
l_gothamcity,341,GC_Prop_Tree_Industrial_01_L_Collision.bdae,30127066,3040,bin,1445b1288e556fcb
l_gothamcity,342,GC_Prop_Tree_Industrial_01_L_low.bdae,30130106,11724,bin,7496a66575085de9
l_gothamcity,343,GC_Prop_Tree_Industrial_01_M.bdae,30141830,20500,bin,0615d6a845e0990b
l_gothamcity,344,GC_Prop_Tree_Industrial_01_M_Collision.bdae,30162330,3040,bin,1445b1288e556fcb
l_gothamcity,345,GC_Prop_Tree_Industrial_01_M_low.bdae,30165370,11772,bin,4014cdf686bfecd3
l_gothamcity,346,GC_Prop_Tree_Industrial_01_S.bdae,30177142,13384,bin,11f3af0e4e4c3796
l_gothamcity,347,GC_Prop_Tree_Industrial_01_S_Collision.bdae,30190526,3040,bin,1445b1288e556fcb
l_gothamcity,348,GC_Prop_Tree_Industrial_01_S_low.bdae,30193566,8508,bin,022308139c8c6649
l_gothamcity,349,GC_Prop_Tree_Industrial_02_L_Collision.bdae,30202074,2592,bin,a245864bdb0080a2
l_gothamcity,350,GC_Prop_Tree_Industrial_02_M_Collision.bdae,30204666,2592,bin,a245864bdb0080a2
l_gothamcity,351,GC_Prop_Tree_Industrial_02_S.bdae,30207258,21416,bin,7a7cfafa1c6f83c8
l_gothamcity,352,GC_Prop_Tree_Industrial_02_S_Collision.bdae,30228674,2592,bin,a245864bdb0080a2
l_gothamcity,353,GC_Prop_Tree_Industrial_02_S_low.bdae,30231266,8188,bin,524b7133700961ca
l_gothamcity,354,GC_Prop_Tree_Industrial_03_L.bdae,30239454,21100,bin,2d8d869a7a73be0c
l_gothamcity,355,GC_Prop_Tree_Industrial_03_L_Collision.bdae,30260554,2592,bin,a245864bdb0080a2
l_gothamcity,356,GC_Prop_Tree_Industrial_03_L_low.bdae,30263146,10136,bin,7fde5e8eab6c0c79
l_gothamcity,357,GC_Prop_Tree_Industrial_03_M.bdae,30273282,18776,bin,a10ba88c77f1e9f3
l_gothamcity,358,GC_Prop_Tree_Industrial_03_M_Collision.bdae,30292058,2592,bin,a245864bdb0080a2
l_gothamcity,359,GC_Prop_Tree_Industrial_03_M_low.bdae,30294650,9884,bin,7782a052dbd83b9e
l_gothamcity,360,GC_Prop_Tree_Industrial_03_S.bdae,30304534,10904,bin,761dee26ef71feee
l_gothamcity,361,GC_Prop_Tree_Industrial_03_S_Collision.bdae,30315438,2592,bin,a245864bdb0080a2
l_gothamcity,362,GC_Prop_Tree_Industrial_03_S_low.bdae,30318030,7164,bin,d45ce41df078aace
l_gothamcity,363,GC_Prop_Tree_Industrial_04_L_Collision.bdae,30325194,2752,bin,157653ee40ddc01b
l_gothamcity,364,GC_Prop_Tree_Industrial_04_M_Collision.bdae,30327946,2752,bin,157653ee40ddc01b
l_gothamcity,365,GC_Prop_Tree_Industrial_04_S.bdae,30330698,21644,bin,f81a8a1868c6c289
l_gothamcity,366,GC_Prop_Tree_Industrial_04_S_Collision.bdae,30352342,2752,bin,157653ee40ddc01b
l_gothamcity,367,GC_Prop_Tree_Industrial_04_S_low.bdae,30355094,10512,bin,65b014f4bc36a50c
l_gothamcity,368,GC_Prop_Tree_Industrial_05_L_Collision.bdae,30365606,2752,bin,157653ee40ddc01b
l_gothamcity,369,GC_Prop_Tree_Industrial_05_M_Collision.bdae,30368358,2752,bin,157653ee40ddc01b
l_gothamcity,370,GC_Prop_Tree_Industrial_05_S_Collision.bdae,30371110,2752,bin,157653ee40ddc01b
l_gothamcity,371,GC_Prop_Tree_Industrial_05_XL_Collision.bdae,30373862,2760,bin,819cbe3054cfb7ba
l_gothamcity,372,GC_Prop_Tree_Industrial_06_L_Collision.bdae,30376622,2752,bin,157653ee40ddc01b
l_gothamcity,373,GC_Prop_Tree_Industrial_06_M_Collision.bdae,30379374,2752,bin,157653ee40ddc01b
l_gothamcity,374,GC_Prop_Tree_Industrial_06_S_Collision.bdae,30382126,2384,bin,bee74c022f678101
l_gothamcity,375,GC_Prop_Tree_Industrial_07_L_Collision.bdae,30384510,2384,bin,bee74c022f678101
l_gothamcity,376,GC_Prop_Tree_Industrial_07_M_Collision.bdae,30386894,2384,bin,bee74c022f678101
l_gothamcity,377,GC_Prop_Tree_Industrial_07_S_Collision.bdae,30389278,2384,bin,bee74c022f678101
l_gothamcity,378,GC_Prop_VNeonSign_01.bdae,30391662,48508,bin,c14ee80e57e98d5d
l_gothamcity,379,GC_Prop_VNeonSign_01_Animated.bdae,30440170,73776,bin,3e306a01e6a82942
l_gothamcity,380,GC_Prop_VNeonSign_01_Animated_low.bdae,30513946,40780,bin,211bee12a8af4caf
l_gothamcity,381,GC_Prop_VNeonSign_01_Collision.bdae,30554726,96704,bin,18c284e166fcc5f0
l_gothamcity,382,GC_Prop_VNeonSign_01_low.bdae,30651430,28556,bin,1a1025ac95290d9d
l_gothamcity,383,GC_Prop_VNeonSign_02_blue.bdae,30679986,32776,bin,fc15d159dc062bcf
l_gothamcity,384,GC_Prop_VNeonSign_02_blue_Animated.bdae,30712762,56016,bin,7e50d19f9d33fc33
l_gothamcity,385,GC_Prop_VNeonSign_02_blue_Animated_low.bdae,30768778,30860,bin,67f687d0f0db939e
l_gothamcity,386,GC_Prop_VNeonSign_02_blue_Collision.bdae,30799638,96876,bin,7b2d79771b4b4e9b
l_gothamcity,387,GC_Prop_VNeonSign_02_blue_low.bdae,30896514,21056,bin,c55f77a56c9f0f08
l_gothamcity,388,GC_Prop_VNeonSign_02_red.bdae,30917570,31292,bin,50a8a130ebd9b717
l_gothamcity,389,GC_Prop_VNeonSign_02_red_Animated.bdae,30948862,52816,bin,0c86f3e9307e9cfe
l_gothamcity,390,GC_Prop_VNeonSign_02_red_Animated_low.bdae,31001678,30040,bin,e4f835c1b187e73a
l_gothamcity,391,GC_Prop_VNeonSign_02_red_Collision.bdae,31031718,96840,bin,ee3adfd3ce8a33a1
l_gothamcity,392,GC_Prop_VNeonSign_02_red_low.bdae,31128558,20516,bin,fa65d48dd3d83539
l_gothamcity,393,GC_Prop_VNeonSign_03.bdae,31149074,32924,bin,b3c2cdeb601e42bd
l_gothamcity,394,GC_Prop_VNeonSign_03_Animated.bdae,31181998,54152,bin,103fd2ad81b4e8db
l_gothamcity,395,GC_Prop_VNeonSign_03_Animated_low.bdae,31236150,22588,bin,e8f2766af7576dd5
l_gothamcity,396,GC_Prop_VNeonSign_03_Collision.bdae,31258738,96704,bin,18c284e166fcc5f0
l_gothamcity,397,GC_Prop_VNeonSign_03_low.bdae,31355442,18324,bin,4da85d562e566357
l_gothamcity,398,GC_Prop_VNeonSign_04.bdae,31373766,40368,bin,7077a358c8e9bf35
l_gothamcity,399,GC_Prop_VNeonSign_04_Animated.bdae,31414134,58680,bin,658454ee7603ff77
l_gothamcity,400,GC_Prop_VNeonSign_04_Animated_low.bdae,31472814,28840,bin,ac324f533e7d6a84
l_gothamcity,401,GC_Prop_VNeonSign_04_Collision.bdae,31501654,96704,bin,18c284e166fcc5f0
l_gothamcity,402,GC_Prop_VNeonSign_04_low.bdae,31598358,22108,bin,b5569f387cefb509
l_gothamcity,403,GC_Prop_VNeonSign_05.bdae,31620466,37884,bin,c52a03e5d20ff12c
l_gothamcity,404,GC_Prop_VNeonSign_05_Animated.bdae,31658350,57100,bin,145598a46649e1db
l_gothamcity,405,GC_Prop_VNeonSign_05_Animated_low.bdae,31715450,24664,bin,ed4e928e2330611e
l_gothamcity,406,GC_Prop_VNeonSign_05_Collision.bdae,31740114,96704,bin,18c284e166fcc5f0
l_gothamcity,407,GC_Prop_VNeonSign_05_low.bdae,31836818,19708,bin,78d3ae19bc1c8370
l_gothamcity,408,GC_Prop_VNeonSign_06.bdae,31856526,41496,bin,c0ed73b865e156f2
l_gothamcity,409,GC_Prop_VNeonSign_06_Animated.bdae,31898022,99316,bin,65f8d487e7dd28a5
l_gothamcity,410,GC_Prop_VNeonSign_06_Animated_low.bdae,31997338,49588,bin,e7948dd69f644229
l_gothamcity,411,GC_Prop_VNeonSign_06_Collision.bdae,32046926,96704,bin,18c284e166fcc5f0
l_gothamcity,412,GC_Prop_VNeonSign_06_low.bdae,32143630,25228,bin,a3e86645ef0db3e2
l_gothamcity,413,GC_Prop_VNeonSign_07.bdae,32168858,23608,bin,ed5faa2f319611cf
l_gothamcity,414,GC_Prop_VNeonSign_07_Animated.bdae,32192466,33156,bin,5b2e6134752de3d8
l_gothamcity,415,GC_Prop_VNeonSign_07_Animated_low.bdae,32225622,18648,bin,58c221428b752838
l_gothamcity,416,GC_Prop_VNeonSign_07_Collision.bdae,32244270,96776,bin,d039a31fd6570af1
l_gothamcity,417,GC_Prop_VNeonSign_07_low.bdae,32341046,15200,bin,f52fa7f0b02eedc8
l_gothamcity,418,GC_Prop_VNeonSign_08.bdae,32356246,26584,bin,edbb49c049f9f860
l_gothamcity,419,GC_Prop_VNeonSign_08_Animated.bdae,32382830,37940,bin,e61cff2209985665
l_gothamcity,420,GC_Prop_VNeonSign_08_Animated_low.bdae,32420770,20796,bin,21a141415518bb21
l_gothamcity,421,GC_Prop_VNeonSign_08_Collision.bdae,32441566,96776,bin,d039a31fd6570af1
l_gothamcity,422,GC_Prop_VNeonSign_08_low.bdae,32538342,16500,bin,d32613228bcae222
l_gothamcity,423,GC_Prop_VNeonSign_09.bdae,32554842,36140,bin,64e897647a8d01e9
l_gothamcity,424,GC_Prop_VNeonSign_09_Animated.bdae,32590982,43436,bin,87893c5b9288bd7a
l_gothamcity,425,GC_Prop_VNeonSign_09_Animated_low.bdae,32634418,23632,bin,58aa277e78e3b187
l_gothamcity,426,GC_Prop_VNeonSign_09_Collision.bdae,32658050,96776,bin,d039a31fd6570af1
l_gothamcity,427,GC_Prop_VNeonSign_09_low.bdae,32754826,22824,bin,18bd08f3f45fd3ff
l_gothamcity,428,GC_Prop_VNeonSign_10.bdae,32777650,41652,bin,565790a2a58eb4a8
l_gothamcity,429,GC_Prop_VNeonSign_10_Animated.bdae,32819302,91200,bin,30717ea2b3e4d49f
l_gothamcity,430,GC_Prop_VNeonSign_10_Animated_low.bdae,32910502,44512,bin,a3e8462547043290
l_gothamcity,431,GC_Prop_VNeonSign_10_Collision.bdae,32955014,96776,bin,d039a31fd6570af1
l_gothamcity,432,GC_Prop_VNeonSign_10_low.bdae,33051790,24596,bin,a47865ed1ceb11f2
l_gothamcity,433,GC_Prop_VNeonSign_11.bdae,33076386,49320,bin,40bd61b0e20db1bd
l_gothamcity,434,GC_Prop_VNeonSign_11_Animated.bdae,33125706,61472,bin,d4a30618c561cb56
l_gothamcity,435,GC_Prop_VNeonSign_11_Animated_low.bdae,33187178,28704,bin,c15c59d4eaea7f90
l_gothamcity,436,GC_Prop_VNeonSign_11_Collision.bdae,33215882,96776,bin,d039a31fd6570af1
l_gothamcity,437,GC_Prop_VNeonSign_11_low.bdae,33312658,27896,bin,5df2d6925691aa13
l_gothamcity,438,GC_Prop_VNeonSign_12.bdae,33340554,31876,bin,1cb6a550c6cde1a4
l_gothamcity,439,GC_Prop_VNeonSign_12_Animated.bdae,33372430,53556,bin,ee2d67a84cd1c69a
l_gothamcity,440,GC_Prop_VNeonSign_12_Animated_low.bdae,33425986,27660,bin,782a979fda48344d
l_gothamcity,441,GC_Prop_VNeonSign_12_Collision.bdae,33453646,96776,bin,d039a31fd6570af1
l_gothamcity,442,GC_Prop_VNeonSign_12_low.bdae,33550422,19208,bin,80f65b586356f919
l_gothamcity,443,GC_Railway_Island1_Collision.bdae,33569630,269888,bin,7811231498e29477
l_gothamcity,444,GC_Railway_Island1_Reflection.bdae,33839518,7496,bin,d56f672c81914475
l_gothamcity,445,GC_Railway_Island2_Collision.bdae,33847014,311400,bin,21a9964233b565e3
l_gothamcity,446,GC_Railway_Island2_LongDist.bdae,34158414,19708,bin,78d3ae19bc1c8370
l_gothamcity,447,GC_Railway_Island2_Reflection.bdae,34178122,6008,bin,63a98dbea46c212d
l_gothamcity,448,GC_Railway_Station.bdae,34184130,169204,bin,e7371ba24f47f738
l_gothamcity,449,GC_Refl_Test.bdae,34353334,2920,bin,5dcc0397216faed1
l_gothamcity,450,GC_Residential_Props_Crate.bdae,34356254,4344,bin,c2593688b8fc0c7e
l_gothamcity,451,GC_Residential_Props_Crate2.bdae,34360598,4356,bin,4b0e991a576b9287
l_gothamcity,452,GC_Residential_Props_Crate2_Collision.bdae,34364954,91108,bin,d2bebaa5140e8921
l_gothamcity,453,GC_Residential_Props_Crate3.bdae,34456062,4356,bin,4b0e991a576b9287
l_gothamcity,454,GC_Residential_Props_Crate3_Collision.bdae,34460418,91108,bin,d2bebaa5140e8921
l_gothamcity,455,GC_Residential_Props_Crate_Collision.bdae,34551526,91084,bin,0f2264afb61f4c13
l_gothamcity,456,GC_Residential_Props_Excavator_Collision.bdae,34642610,73972,bin,e1996c626fb4f377
l_gothamcity,457,GC_Residential_Props_Gotham_Beam.bdae,34716582,56152,bin,b55c57978917986f
l_gothamcity,458,GC_Residential_Props_Gotham_Spotlight.bdae,34772734,47668,bin,0e14c4cbeae3b62d
l_gothamcity,459,GC_Residential_Props_Gotham_Spotlight_Collision.bdae,34820402,84736,bin,d3317a1b13f548c1
l_gothamcity,460,GC_Residential_Props_Green_Light.bdae,34905138,4648,bin,bae1258c031124f9
l_gothamcity,461,GC_Residential_Props_lighting_column_anim.bdae,34909786,8964,bin,efaf3f482603ee71
l_gothamcity,462,GC_Residential_Props_lighting_column_Collision.bdae,34918750,98840,bin,84134851012a1399
l_gothamcity,463,GC_Residential_Props_Light_Pillar2.bdae,35017590,10536,bin,4224c8b41e74a2bc
l_gothamcity,464,GC_Residential_Props_Light_Pillar2_Collision.bdae,35028126,97992,bin,0fab4bace14d256d
l_gothamcity,465,GC_Residential_Props_Light_Pillar3_Collision.bdae,35126118,99768,bin,ee6e77121b2ef743
l_gothamcity,466,GC_Residential_Props_Light_Pillar_Collision.bdae,35225886,97528,bin,e700bdb401295210
l_gothamcity,467,GC_Residential_Props_NewsPaperBox2_Collision.bdae,35323414,71816,bin,d7c6a7172b3dcb9a
l_gothamcity,468,GC_Residential_Props_NewsPaperBox_Collision.bdae,35395230,71796,bin,9da397c9909fd688
l_gothamcity,469,GC_Residential_Props_RoadBlock.bdae,35467026,5180,bin,1b8e953a15c5fd8a
l_gothamcity,470,GC_Residential_Props_RoadBlock2.bdae,35472206,59156,bin,25727439727d0b56
l_gothamcity,471,GC_Residential_Props_RoadBlock2_Collision.bdae,35531362,91092,bin,11f42192ac7a14c3
l_gothamcity,472,GC_Residential_Props_RoadBlock_Collision.bdae,35622454,91872,bin,dc9ed665b450ad4c
l_gothamcity,473,GC_Residential_Props_RoadBlock_Cone.bdae,35714326,5804,bin,edde2296cab75331
l_gothamcity,474,GC_Residential_Props_RoadBlock_Cone_Collision.bdae,35720130,90552,bin,1d63af4e0a5de51d
l_gothamcity,475,GC_Residential_Props_Traffic_Light_No_Illumination.bdae,35810682,17944,bin,06686cf5f5268f59
l_gothamcity,476,GC_Residential_Props_Traffic_Light_No_Illumination_Anim.bdae,35828626,8956,bin,d8d6033a0181bc23
l_gothamcity,477,GC_Residential_Props_Traffic_Light_No_Illum_Collision.bdae,35837582,91160,bin,1930a07dc611c60b
l_gothamcity,478,GC_Residential_Shop_Drugs_NeonSign.bdae,35928742,17196,bin,c72b3ddfce65ce00
l_gothamcity,479,GC_Residential_Shop_Drugs_NeonSign_Collision.bdae,35945938,97804,bin,3bcbf20b9cce67b2
l_gothamcity,480,GC_Res_Prop_Streetlight.bdae,36043742,280884,bin,d8e91c45506205ff
l_gothamcity,481,GC_Res_Prop_Streetlight_Collision.bdae,36324626,90816,bin,db80478a9e56c23c
l_gothamcity,482,gc_SE_LightPlaceholder.bdae,36415442,47940,bin,ea6569623d87487c
l_gothamcity,483,GC_Small_Bridge_Island2_Collision.bdae,36463382,41532,bin,75ddc3c2f45cdfb2
l_gothamcity,484,GC_Small_Bridge_Island2_LongDist.bdae,36504914,10164,bin,26a3a02631df17b5
l_gothamcity,485,GC_Smal_Bridge_Collision.bdae,36515078,39124,bin,ba863adcabfc4f05
l_gothamcity,486,GC_Smal_Bridge_LongDist.bdae,36554202,11072,bin,6bfb6c009a59b483
l_gothamcity,487,GC_Subway_Entrance_collision.bdae,36565274,86680,bin,fb8e8a1c4a1e6d88
l_gothamcity,488,GC_water.bdae,36651954,24840,bin,791d31eda5f110a5
l_gothamcity,489,GC_Water_Island2.bdae,36676794,24728,bin,bf763c28fbe03add
l_gothamcity,490,GothamCity_Map.bdae,36701522,9104,bin,6a225fea9612b2c0
l_gothamcity,491,GothamCity_Map_Collision.bdae,36710626,83572,bin,d112cbb6bfda804b
l_gothamcity,492,HC_Prop_BillboardRoof_01.bdae,36794198,25100,bin,f47f8db9ec7939b0
l_gothamcity,493,HC_Prop_BillboardRoof_01_Collision.bdae,36819298,74324,bin,d099d25ab1281588
l_gothamcity,494,HC_Prop_BillboardRoof_01_low.bdae,36893622,17896,bin,f48f9c62724abe5e
l_gothamcity,495,HC_Prop_BillboardRoof_01_PullDown_Anim.bdae,36911518,2736,bin,0694f6bf12d6a3c4
l_gothamcity,496,HC_Prop_BillboardRoof_01_PullDown_Collision.bdae,36914254,97436,bin,bb9bd0e78d428aeb
l_gothamcity,497,HC_Prop_BillboardRoof_01_PullDown_Mesh.bdae,37011690,28164,bin,c5a61e24e84d11eb
l_gothamcity,498,HC_Prop_BillboardRoof_02_Collision.bdae,37039854,72388,bin,a46526b8e6994105
l_gothamcity,499,HC_Prop_BillboardRoof_05.bdae,37112242,25100,bin,f47f8db9ec7939b0
l_gothamcity,500,HC_Prop_BillboardRoof_05_low.bdae,37137342,17896,bin,f48f9c62724abe5e
l_gothamcity,501,HC_Prop_BillboardRoof_07.bdae,37155238,25100,bin,f47f8db9ec7939b0
l_gothamcity,502,HC_Prop_BillboardRoof_07_low.bdae,37180338,17896,bin,f48f9c62724abe5e
l_gothamcity,503,HC_Prop_BillboardRoof_10.bdae,37198234,26048,bin,8e1164ede93d6781
l_gothamcity,504,HC_Prop_BillboardRoof_10_low.bdae,37224282,21820,bin,35a8c86bc367ace8
l_gothamcity,505,HC_Prop_BillboardRoof_Industrial_01.bdae,37246102,17520,bin,4554e89299283615
l_gothamcity,506,HC_Prop_BillboardRoof_Industrial_01_low.bdae,37263622,10316,bin,9aedcf85c179b0f6
l_gothamcity,507,HC_Prop_BillboardRoof_Industrial_11.bdae,37273938,17520,bin,4554e89299283615
l_gothamcity,508,HC_Prop_BillboardRoof_Industrial_11_low.bdae,37291458,10316,bin,9aedcf85c179b0f6
l_gothamcity,509,HC_Prop_BillboardWallSmall_01_Collision.bdae,37301774,71948,bin,f1dbf4c815a30876
l_gothamcity,510,HC_Prop_BillboardWallSmall_03.bdae,37373722,13180,bin,da39fa3953ff1c2d
l_gothamcity,511,HC_Prop_BillboardWallSmall_04.bdae,37386902,13180,bin,da39fa3953ff1c2d
l_gothamcity,512,HC_Prop_BillboardWallSmall_Industrial_01.bdae,37400082,6008,bin,63a98dbea46c212d
l_gothamcity,513,HC_Prop_BillboardWallSmall_Industrial_02.bdae,37406090,6008,bin,63a98dbea46c212d
l_gothamcity,514,HC_Prop_BillboardWallSmall_Industrial_04.bdae,37412098,6008,bin,63a98dbea46c212d
l_gothamcity,515,HC_Prop_BillboardWallSmall_Industrial_05.bdae,37418106,6008,bin,63a98dbea46c212d
l_gothamcity,516,HC_Prop_BillboardWallTall_01_Collision.bdae,37424114,71908,bin,7848e40c9a19aa86
l_gothamcity,517,HC_Prop_BillboardWallTall_07.bdae,37496022,12628,bin,8697f7c82789d396
l_gothamcity,518,HC_Prop_BillboardWallTall_Industrial_04.bdae,37508650,5456,bin,afcec91d30f8b879
l_gothamcity,519,HC_Prop_BillboardWallTall_Industrial_05.bdae,37514106,5456,bin,afcec91d30f8b879
l_gothamcity,520,HC_Prop_BillboardWall_01_Collision.bdae,37519562,71804,bin,7f273b70ecf58ea3
l_gothamcity,521,HC_Prop_BillboardWall_02.bdae,37591366,13136,bin,153c04d383528a86
l_gothamcity,522,HC_Prop_BillboardWall_06.bdae,37604502,13136,bin,153c04d383528a86
l_gothamcity,523,HC_Prop_BillboardWall_Industrial_05.bdae,37617638,5964,bin,bf560125cbfa14c0
l_gothamcity,524,HC_Prop_BillboardWall_Industrial_06.bdae,37623602,5964,bin,bf560125cbfa14c0
l_gothamcity,525,HC_Prop_Busstop_01.bdae,37629566,14112,bin,2d54bb2a87d606b5
l_gothamcity,526,HC_Prop_Busstop_01_Collision.bdae,37643678,72184,bin,d4ba1fd81d3abefd
l_gothamcity,527,HC_Prop_Busstop_01_low.bdae,37715862,10280,bin,7bfb42ba2488dd2f
l_gothamcity,528,HC_Prop_Busstop_Ad.bdae,37726142,14676,bin,5a6c62615762d076
l_gothamcity,529,HC_Prop_Busstop_Ad_01.bdae,37740818,14696,bin,ce423c852a861e21
l_gothamcity,530,HC_Prop_Busstop_Ad_02.bdae,37755514,14696,bin,ce423c852a861e21
l_gothamcity,531,HC_Prop_Busstop_Ad_03.bdae,37770210,14696,bin,ce423c852a861e21
l_gothamcity,532,HC_Prop_Busstop_Ad_04.bdae,37784906,14696,bin,ce423c852a861e21
l_gothamcity,533,HC_Prop_Busstop_Ad_04_Anim.bdae,37799602,390692,bin,8a4f40508eb56084
l_gothamcity,534,HC_Prop_Busstop_Ad_04_Mesh.bdae,38190294,127172,bin,5f242240f413a3bf
l_gothamcity,535,HC_Prop_Busstop_Ad_05.bdae,38317466,14696,bin,ce423c852a861e21
l_gothamcity,536,HC_Prop_Busstop_Ad_05_Anim.bdae,38332162,390692,bin,8a4f40508eb56084
l_gothamcity,537,HC_Prop_Busstop_Ad_05_Mesh.bdae,38722854,127184,bin,6568cbb30caef641
l_gothamcity,538,HC_Prop_Busstop_Ad_06.bdae,38850038,14696,bin,ce423c852a861e21
l_gothamcity,539,HC_Prop_Busstop_Ad_07.bdae,38864734,14696,bin,ce423c852a861e21
l_gothamcity,540,HC_Prop_Busstop_Ad_Collision.bdae,38879430,97004,bin,add67b3a8b7f1607
l_gothamcity,541,GothamCity.zip,38976434,41080993,bin,1502d48e8d507ff1
l_gothamcity,542,GothamCity_Island2.zip,80057427,37926329,bin,221019cba1865d7c
l_gothamcity,543,GothamCity_Island2_low.zip,117983756,22491217,bin,e97b7bd57855bc79
l_gothamcity,544,GothamCity_Island2_low_inorm.zip,140474973,19625168,bin,91e34f3f93c3fb25
l_gothamcity,545,GothamCity_low.zip,160100141,25298749,bin,60421d3927fa7f6f
l_gothamcity,546,GothamCity_low_inorm.zip,185398890,22104505,bin,7531c38d263608e7
l_gothamcity,547,gothamcity.lvc_111404.irr,207503395,7442,bin,8e3d310ea635ae71
l_gothamcity,548,gothamcity.lvc_111404_low.irr,207510837,2066,bin,8e3d310ea635ae71
l_gothamcity,549,gothamcity.lvc_111406.irr,207512903,19850,bin,f52e7b68654fc584
l_gothamcity,550,gothamcity.lvc_111406_low.irr,207532753,5450,bin,f52e7b68654fc584
l_gothamcity,551,gothamcity.lvc_111407.irr,207538203,37010,bin,d3a8fc53250c8b8e
l_gothamcity,552,gothamcity.lvc_111407_low.irr,207575213,10130,bin,d3a8fc53250c8b8e
l_gothamcity,553,gothamcity.lvc_111409.irr,207585343,13514,bin,6294c338f65d803f
l_gothamcity,554,gothamcity.lvc_111409_low.irr,207598857,3722,bin,6294c338f65d803f
l_gothamcity,555,gothamcity.lvc_111410.irr,207602579,27506,bin,6a25fa6f43bfceab
l_gothamcity,556,gothamcity.lvc_111410_low.irr,207630085,7538,bin,6a25fa6f43bfceab
l_gothamcity,557,gothamcity.lvc_111413.irr,207637623,25922,bin,4e03defc9ada5c6a
l_gothamcity,558,gothamcity.lvc_111413_low.irr,207663545,7106,bin,4e03defc9ada5c6a
l_gothamcity,559,gothamcity.lvc_111415.irr,207670651,4010,bin,3de5b484650dcc9e
l_gothamcity,560,gothamcity.lvc_111415_low.irr,207674661,1130,bin,3de5b484650dcc9e
l_gothamcity,561,gothamcity.lvc_111416.irr,207675791,15362,bin,8fe72bc1b4abda9b
l_gothamcity,562,gothamcity.lvc_111416_low.irr,207691153,4226,bin,8fe72bc1b4abda9b
l_gothamcity,563,gothamcity.lvc_111417.irr,207695379,7442,bin,1b028edd6c04c486
l_gothamcity,564,gothamcity.lvc_111417_low.irr,207702821,2066,bin,1b028edd6c04c486
l_gothamcity,565,gothamcity.lvc_111418.irr,207704887,32786,bin,9f0cb00599111111
l_gothamcity,566,gothamcity.lvc_111418_low.irr,207737673,8978,bin,9f0cb00599111111
l_gothamcity,567,gothamcity.lvc_111419.irr,207746651,19058,bin,f44bb99013e7f166
l_gothamcity,568,gothamcity.lvc_111419_low.irr,207765709,5234,bin,f44bb99013e7f166
l_gothamcity,569,gothamcity.lvc_111422.irr,207770943,2690,bin,d03bb4ee2a38091c
l_gothamcity,570,gothamcity.lvc_111422_low.irr,207773633,770,bin,d03bb4ee2a38091c
l_gothamcity,571,gothamcity.lvc_111423.irr,207774403,5594,bin,5bc04fb51e5ab164
l_gothamcity,572,gothamcity.lvc_111423_low.irr,207779997,1562,bin,5bc04fb51e5ab164
l_gothamcity,573,gothamcity.lvc_111424.irr,207781559,15890,bin,18f231b7827dc457
l_gothamcity,574,gothamcity.lvc_111424_low.irr,207797449,4370,bin,18f231b7827dc457
l_gothamcity,575,gothamcity.lvc_111426.irr,207801819,13778,bin,f8fc7e6186c25faf
l_gothamcity,576,gothamcity.lvc_111426_low.irr,207815597,3794,bin,f8fc7e6186c25faf
l_gothamcity,577,gothamcity.lvc_111427.irr,207819391,14306,bin,d8ab968d3a0212e6
l_gothamcity,578,gothamcity.lvc_111427_low.irr,207833697,3938,bin,d8ab968d3a0212e6
l_gothamcity,579,gothamcity.lvc_111429.irr,207837635,4406,bin,31bba688747c5777
l_gothamcity,580,gothamcity.lvc_111429_low.irr,207842041,1238,bin,31bba688747c5777
l_gothamcity,581,gothamcity.lvc_111430.irr,207843279,6386,bin,cbac31b2c3022ce0
l_gothamcity,582,gothamcity.lvc_111430_low.irr,207849665,1778,bin,cbac31b2c3022ce0
l_gothamcity,583,gothamcity.lvc_111431.irr,207851443,2426,bin,0f669896da3bc5bf
l_gothamcity,584,gothamcity.lvc_111431_low.irr,207853869,698,bin,0f669896da3bc5bf
l_gothamcity,585,gothamcity.lvc_111432.irr,207854567,3218,bin,13cc8bb796dde305
l_gothamcity,586,gothamcity.lvc_111432_low.irr,207857785,914,bin,13cc8bb796dde305
l_gothamcity,587,gothamcity.lvc_111433.irr,207858699,1238,bin,1995332b27e68557
l_gothamcity,588,gothamcity.lvc_111433_low.irr,207859937,374,bin,1995332b27e68557
l_gothamcity,589,gothamcity.lvc_111434.irr,207860311,1238,bin,1e61736d38e92f2c
l_gothamcity,590,gothamcity.lvc_111434_low.irr,207861549,374,bin,1e61736d38e92f2c
l_gothamcity,591,gothamcity.lvc_111435.irr,207861923,1634,bin,ee7943e27a62000f
l_gothamcity,592,gothamcity.lvc_111435_low.irr,207863557,482,bin,ee7943e27a62000f
l_gothamcity,593,gothamcity.lvc_111436.irr,207864039,8366,bin,a22bd8c8d23217a5
l_gothamcity,594,gothamcity.lvc_111436_low.irr,207872405,2318,bin,a22bd8c8d23217a5
l_gothamcity,595,gothamcity.lvc_111437.irr,207874723,3218,bin,56607edaf9a9f089
l_gothamcity,596,gothamcity.lvc_111437_low.irr,207877941,914,bin,56607edaf9a9f089
l_gothamcity,597,gothamcity.lvc_111438.irr,207878855,2426,bin,7ac021f8483927fe
l_gothamcity,598,gothamcity.lvc_111438_low.irr,207881281,698,bin,7ac021f8483927fe
l_gothamcity,599,gothamcity.lvc_111439.irr,207881979,5990,bin,a23d109d2dbb1c8a
l_gothamcity,600,gothamcity.lvc_111439_low.irr,207887969,1670,bin,a23d109d2dbb1c8a
l_gothamcity,601,gothamcity.lvc_111442.irr,207889639,4406,bin,c6f09465df00c716
l_gothamcity,602,gothamcity.lvc_111442_low.irr,207894045,1238,bin,c6f09465df00c716
l_gothamcity,603,gothamcity.lvc_111443.irr,207895283,2426,bin,6d1a087768c4f161
l_gothamcity,604,gothamcity.lvc_111443_low.irr,207897709,698,bin,6d1a087768c4f161
l_gothamcity,605,gothamcity.lvc_111444.irr,207898407,11666,bin,025b2f26cdd3edee
l_gothamcity,606,gothamcity.lvc_111444_low.irr,207910073,3218,bin,025b2f26cdd3edee
l_gothamcity,607,gothamcity.lvc_111445.irr,207913291,2030,bin,ff49a104b92a7d52
l_gothamcity,608,gothamcity.lvc_111445_low.irr,207915321,590,bin,ff49a104b92a7d52
l_gothamcity,609,gothamcity.lvc_111446.irr,207915911,3218,bin,af0432176545772c
l_gothamcity,610,gothamcity.lvc_111446_low.irr,207919129,914,bin,af0432176545772c
l_gothamcity,611,gothamcity.lvc_111447.irr,207920043,3218,bin,ea747ff53e5bb019
l_gothamcity,612,gothamcity.lvc_111447_low.irr,207923261,914,bin,ea747ff53e5bb019
l_gothamcity,613,gothamcity.lvc_111448.irr,207924175,25130,bin,ec53e3f229cd3015
l_gothamcity,614,gothamcity.lvc_111448_low.irr,207949305,6890,bin,ec53e3f229cd3015
l_gothamcity,615,gothamcity.lvc_111449.irr,207956195,25130,bin,be65db5cec27f22f
l_gothamcity,616,gothamcity.lvc_111449_low.irr,207981325,6890,bin,be65db5cec27f22f
l_gothamcity,617,gothamcity.lvc_111450.irr,207988215,26978,bin,7d6e65771a20130c
l_gothamcity,618,gothamcity.lvc_111450_low.irr,208015193,7394,bin,7d6e65771a20130c
l_gothamcity,619,gothamcity.lvc_111451.irr,208022587,11666,bin,4d6b7af1146cabd6
l_gothamcity,620,gothamcity.lvc_111451_low.irr,208034253,3218,bin,4d6b7af1146cabd6
l_gothamcity,621,gothamcity.lvc_111452.irr,208037471,2030,bin,6487b3630f6df3e1
l_gothamcity,622,gothamcity.lvc_111452_low.irr,208039501,590,bin,6487b3630f6df3e1
l_gothamcity,623,gothamcity.lvc_111453.irr,208040091,19850,bin,2e21964db2a3c077
l_gothamcity,624,gothamcity.lvc_111453_low.irr,208059941,5450,bin,2e21964db2a3c077
l_gothamcity,625,gothamcity.lvc_111454.irr,208065391,32522,bin,fc0575904a852992
l_gothamcity,626,gothamcity.lvc_111454_low.irr,208097913,8906,bin,fc0575904a852992
l_gothamcity,627,gothamcity.lvc_111455.irr,208106819,9554,bin,e03409cbf1e1cbdf
l_gothamcity,628,gothamcity.lvc_111455_low.irr,208116373,2642,bin,e03409cbf1e1cbdf
l_gothamcity,629,gothamcity.lvc_111456.irr,208119015,4802,bin,d2f946d51f72ba82
l_gothamcity,630,gothamcity.lvc_111456_low.irr,208123817,1346,bin,d2f946d51f72ba82
l_gothamcity,631,gothamcity.lvc_111457.irr,208125163,11930,bin,2f87440631e22ecc
l_gothamcity,632,gothamcity.lvc_111457_low.irr,208137093,3290,bin,2f87440631e22ecc
l_gothamcity,633,gothamcity.lvc_111458.irr,208140383,1238,bin,675c4b6bcea5706a
l_gothamcity,634,gothamcity.lvc_111458_low.irr,208141621,374,bin,675c4b6bcea5706a
l_gothamcity,635,gothamcity.lvc_111459.irr,208141995,842,bin,58552300ab3edcdc
l_gothamcity,636,gothamcity.lvc_111459_low.irr,208142837,266,bin,58552300ab3edcdc
l_gothamcity,637,gothamcity.lvc_111460.irr,208143103,2162,bin,f86989b3181b6690
l_gothamcity,638,gothamcity.lvc_111460_low.irr,208145265,626,bin,f86989b3181b6690
l_gothamcity,639,gothamcity.lvc_111461.irr,208145891,1634,bin,af26cb55b5302249
l_gothamcity,640,gothamcity.lvc_111461_low.irr,208147525,482,bin,af26cb55b5302249
l_gothamcity,641,gothamcity.lvc_111571.irr,208148007,842,bin,aa6c371899f5857e
l_gothamcity,642,gothamcity.lvc_111571_low.irr,208148849,266,bin,aa6c371899f5857e
l_gothamcity,643,gothamcity.lvc_111572.irr,208149115,578,bin,3bcf3b98b475465e
l_gothamcity,644,gothamcity.lvc_111572_low.irr,208149693,194,bin,3bcf3b98b475465e
l_gothamcity,645,gothamcity.lvc_111573.irr,208149887,314,bin,684372d933d65081
l_gothamcity,646,gothamcity.lvc_111573_low.irr,208150201,122,bin,684372d933d65081
l_gothamcity,647,gothamcity.lvc_111574.irr,208150323,842,bin,f966d62f98b554c2
l_gothamcity,648,gothamcity.lvc_111574_low.irr,208151165,266,bin,f966d62f98b554c2
l_gothamcity,649,gothamcity.lvc_111575.irr,208151431,1634,bin,b6a4b7347c148ada
l_gothamcity,650,gothamcity.lvc_111575_low.irr,208153065,482,bin,b6a4b7347c148ada
l_gothamcity,651,gothamcity.lvc_111576.irr,208153547,1238,bin,5859d0df53056ef5
l_gothamcity,652,gothamcity.lvc_111576_low.irr,208154785,374,bin,5859d0df53056ef5
l_gothamcity,653,gothamcity.lvc_111577.irr,208155159,1238,bin,09b980d076c83b1b
l_gothamcity,654,gothamcity.lvc_111577_low.irr,208156397,374,bin,09b980d076c83b1b
l_gothamcity,655,gothamcity.lvc_111578.irr,208156771,842,bin,4eab1b7a7c434ce0
l_gothamcity,656,gothamcity.lvc_111578_low.irr,208157613,266,bin,4eab1b7a7c434ce0
l_gothamcity,657,gothamcity.lvc_111579.irr,208157879,578,bin,a0620d4bc3a1ae9e
l_gothamcity,658,gothamcity.lvc_111579_low.irr,208158457,194,bin,a0620d4bc3a1ae9e
l_gothamcity,659,gothamcity.lvc_111580.irr,208158651,1106,bin,b7dd2e454e5baec1
l_gothamcity,660,gothamcity.lvc_111580_low.irr,208159757,338,bin,b7dd2e454e5baec1
l_gothamcity,661,gothamcity.lvc_111581.irr,208160095,314,bin,6bf5d4e5bba5f684
l_gothamcity,662,gothamcity.lvc_111581_low.irr,208160409,122,bin,6bf5d4e5bba5f684
l_gothamcity,663,gothamcity.lvc_111582.irr,208160531,446,bin,3107c997743acbb2
l_gothamcity,664,gothamcity.lvc_111582_low.irr,208160977,158,bin,3107c997743acbb2
l_gothamcity,665,gothamcity.lvc_111837.irr,208161135,9554,bin,c3237703d2a4456c
l_gothamcity,666,gothamcity.lvc_111837_low.irr,208170689,2642,bin,c3237703d2a4456c
l_gothamcity,667,gothamcity.lvc_111838.irr,208173331,578,bin,6e3f49ca1f239d0b
l_gothamcity,668,gothamcity.lvc_111838_low.irr,208173909,194,bin,6e3f49ca1f239d0b
l_gothamcity,669,gothamcity.lvc_111839.irr,208174103,578,bin,4af084a1be226641
l_gothamcity,670,gothamcity.lvc_111839_low.irr,208174681,194,bin,4af084a1be226641
l_gothamcity,671,gothamcity.lvc_111840.irr,208174875,578,bin,041109eadf869fcd
l_gothamcity,672,gothamcity.lvc_111840_low.irr,208175453,194,bin,041109eadf869fcd
l_gothamcity,673,gothamcity.lvc_111841.irr,208175647,578,bin,020a967f967f9918
l_gothamcity,674,gothamcity.lvc_111841_low.irr,208176225,194,bin,020a967f967f9918
l_gothamcity,675,gothamcity.lvc_111842.irr,208176419,842,bin,e045eda5639c0389
l_gothamcity,676,gothamcity.lvc_111842_low.irr,208177261,266,bin,e045eda5639c0389
l_gothamcity,677,gothamcity.lvc_111843.irr,208177527,2426,bin,34a40c023814a75e
l_gothamcity,678,gothamcity.lvc_111843_low.irr,208179953,698,bin,34a40c023814a75e
l_gothamcity,679,gothamcity.lvc_111844.irr,208180651,446,bin,18b4af7cb9d8026e
l_gothamcity,680,gothamcity.lvc_111844_low.irr,208181097,158,bin,18b4af7cb9d8026e
l_gothamcity,681,gothamcity.lvc_111845.irr,208181255,1238,bin,b07e612b2b37665e
l_gothamcity,682,gothamcity.lvc_111845_low.irr,208182493,374,bin,b07e612b2b37665e
l_gothamcity,683,gothamcity.lvc_111846.irr,208182867,842,bin,01920e3979f63e0a
l_gothamcity,684,gothamcity.lvc_111846_low.irr,208183709,266,bin,01920e3979f63e0a
l_gothamcity,685,gothamcity.lvc_111847.irr,208183975,842,bin,01920e3979f63e0a
l_gothamcity,686,gothamcity.lvc_111847_low.irr,208184817,266,bin,01920e3979f63e0a
l_gothamcity,687,gothamcity.lvc_111848.irr,208185083,842,bin,29f401673d89e13b
l_gothamcity,688,gothamcity.lvc_111848_low.irr,208185925,266,bin,29f401673d89e13b
l_gothamcity,689,gothamcity.lvc_111849.irr,208186191,1106,bin,7a923dc5b577605a
l_gothamcity,690,gothamcity.lvc_111849_low.irr,208187297,338,bin,7a923dc5b577605a
l_gothamcity,691,gothamcity.lvc_111850.irr,208187635,5330,bin,fac08ef0113eff39
l_gothamcity,692,gothamcity.lvc_111850_low.irr,208192965,1490,bin,fac08ef0113eff39
l_gothamcity,693,gothamcity.lvc_111851.irr,208194455,2030,bin,8fd1736ad2ffb4cc
l_gothamcity,694,gothamcity.lvc_111851_low.irr,208196485,590,bin,8fd1736ad2ffb4cc
l_gothamcity,695,gothamcity.lvc_111852.irr,208197075,446,bin,227ff138207581fa
l_gothamcity,696,gothamcity.lvc_111852_low.irr,208197521,158,bin,227ff138207581fa
l_gothamcity,697,gothamcity.lvc_111853.irr,208197679,578,bin,791381782fe5634a
l_gothamcity,698,gothamcity.lvc_111853_low.irr,208198257,194,bin,791381782fe5634a
l_gothamcity,699,gothamcity.lvc_111854.irr,208198451,578,bin,f94905934f0a190b
l_gothamcity,700,gothamcity.lvc_111854_low.irr,208199029,194,bin,f94905934f0a190b
l_gothamcity,701,gothamcity.lvc_111855.irr,208199223,578,bin,e1313142ddfe6561
l_gothamcity,702,gothamcity.lvc_111855_low.irr,208199801,194,bin,e1313142ddfe6561
l_gothamcity,703,gothamcity.lvc_111856.irr,208199995,1898,bin,9c8582e20e3c5b01
l_gothamcity,704,gothamcity.lvc_111856_low.irr,208201893,554,bin,9c8582e20e3c5b01
l_gothamcity,705,gothamcity.lvc_111857.irr,208202447,2822,bin,8369ba114cc69082
l_gothamcity,706,gothamcity.lvc_111857_low.irr,208205269,806,bin,8369ba114cc69082
l_gothamcity,707,gothamcity.lvc_111858.irr,208206075,578,bin,578cfe46fe85ce7c
l_gothamcity,708,gothamcity.lvc_111858_low.irr,208206653,194,bin,578cfe46fe85ce7c
l_gothamcity,709,gothamcity.lvc_111859.irr,208206847,1238,bin,fd1367ac9ec46e2d
l_gothamcity,710,gothamcity.lvc_111859_low.irr,208208085,374,bin,fd1367ac9ec46e2d
l_gothamcity,711,gothamcity.lvc_111860.irr,208208459,842,bin,9f029317853d2b74
l_gothamcity,712,gothamcity.lvc_111860_low.irr,208209301,266,bin,9f029317853d2b74
l_gothamcity,713,gothamcity.lvc_111861.irr,208209567,578,bin,c7e23e24a2097f6b
l_gothamcity,714,gothamcity.lvc_111861_low.irr,208210145,194,bin,c7e23e24a2097f6b
l_gothamcity,715,gothamcity.lvc_111862.irr,208210339,578,bin,68c92ab1375e34d1
l_gothamcity,716,gothamcity.lvc_111862_low.irr,208210917,194,bin,68c92ab1375e34d1
l_gothamcity,717,gothamcity.lvc_111863.irr,208211111,842,bin,c5b5909fe948b84d
l_gothamcity,718,gothamcity.lvc_111863_low.irr,208211953,266,bin,c5b5909fe948b84d
l_gothamcity,719,gothamcity.lvc_111864.irr,208212219,578,bin,2b8386e70ebb90cb
l_gothamcity,720,gothamcity.lvc_111864_low.irr,208212797,194,bin,2b8386e70ebb90cb
l_gothamcity,721,gothamcity.lvc_111865.irr,208212991,578,bin,92943cf75524a4b5
l_gothamcity,722,gothamcity.lvc_111865_low.irr,208213569,194,bin,92943cf75524a4b5
l_gothamcity,723,gothamcity.lvc_111866.irr,208213763,578,bin,5dbbf4d484017d7b
l_gothamcity,724,gothamcity.lvc_111866_low.irr,208214341,194,bin,5dbbf4d484017d7b
l_gothamcity,725,gothamcity.lvc_111867.irr,208214535,842,bin,3bc7945fa81c314c
l_gothamcity,726,gothamcity.lvc_111867_low.irr,208215377,266,bin,3bc7945fa81c314c
l_gothamcity,727,gothamcity.lvc_111868.irr,208215643,842,bin,93e0226a90e4be5e
l_gothamcity,728,gothamcity.lvc_111868_low.irr,208216485,266,bin,93e0226a90e4be5e
l_gothamcity,729,gothamcity.lvc_111869.irr,208216751,842,bin,bc5521b3eeef9380
l_gothamcity,730,gothamcity.lvc_111869_low.irr,208217593,266,bin,bc5521b3eeef9380
l_gothamcity,731,gothamcity.lvc_111870.irr,208217859,842,bin,b490bab1685d0ebf
l_gothamcity,732,gothamcity.lvc_111870_low.irr,208218701,266,bin,b490bab1685d0ebf
l_gothamcity,733,gothamcity.lvc_111871.irr,208218967,578,bin,bc38bdb571a4bb90
l_gothamcity,734,gothamcity.lvc_111871_low.irr,208219545,194,bin,bc38bdb571a4bb90
l_gothamcity,735,gothamcity.lvc_111872.irr,208219739,182,bin,5314960332b78670
l_gothamcity,736,gothamcity.lvc_111872_low.irr,208219921,86,bin,5314960332b78670
l_gothamcity,737,gothamcity.lvc_111873.irr,208220007,1634,bin,342a5ae1d8a862af
l_gothamcity,738,gothamcity.lvc_111873_low.irr,208221641,482,bin,342a5ae1d8a862af
l_gothamcity,739,gothamcity.lvc_111994.irr,208222123,314,bin,f10b8dd62f9a1dc8
l_gothamcity,740,gothamcity.lvc_111994_low.irr,208222437,122,bin,f10b8dd62f9a1dc8
l_gothamcity,741,gothamcity.lvc_111999.irr,208222559,182,bin,39a33c371e3e7992
l_gothamcity,742,gothamcity.lvc_111999_low.irr,208222741,86,bin,39a33c371e3e7992
l_gothamcity,743,gothamcity.lvc_800007.irr,208222827,51794,bin,a1997d9509472fa3
l_gothamcity,744,gothamcity.lvc_800007_low.irr,208274621,14162,bin,a1997d9509472fa3
l_gothamcity,745,GothamCity_Island2.lvc_111844.irr,208288783,22226,bin,ba9cb5d45419a426
l_gothamcity,746,gothamcity_island2.lvc_111844_low.irr,208311009,6098,bin,ba9cb5d45419a426
l_gothamcity,747,GothamCity_Island2.lvc_111846.irr,208317107,11138,bin,ab04c1f119fe8d9a
l_gothamcity,748,gothamcity_island2.lvc_111846_low.irr,208328245,3074,bin,ab04c1f119fe8d9a
l_gothamcity,749,GothamCity_Island2.lvc_111847.irr,208331319,27770,bin,6182bf9da12a9bca
l_gothamcity,750,gothamcity_island2.lvc_111847_low.irr,208359089,7610,bin,6182bf9da12a9bca
l_gothamcity,751,GothamCity_Island2.lvc_111848.irr,208366699,12194,bin,c6c8e879180ca893
l_gothamcity,752,gothamcity_island2.lvc_111848_low.irr,208378893,3362,bin,c6c8e879180ca893
l_gothamcity,753,GothamCity_Island2.lvc_111849.irr,208382255,9026,bin,53450987577b5fb1
l_gothamcity,754,gothamcity_island2.lvc_111849_low.irr,208391281,2498,bin,53450987577b5fb1
l_gothamcity,755,GothamCity_Island2.lvc_111850.irr,208393779,23282,bin,71bb86e172cf38ce
l_gothamcity,756,gothamcity_island2.lvc_111850_low.irr,208417061,6386,bin,71bb86e172cf38ce
l_gothamcity,757,GothamCity_Island2.lvc_111851.irr,208423447,13778,bin,3b29348de710321d
l_gothamcity,758,gothamcity_island2.lvc_111851_low.irr,208437225,3794,bin,3b29348de710321d
l_gothamcity,759,GothamCity_Island2.lvc_111852.irr,208441019,13778,bin,3b29348de710321d
l_gothamcity,760,gothamcity_island2.lvc_111852_low.irr,208454797,3794,bin,3b29348de710321d
l_gothamcity,761,GothamCity_Island2.lvc_111853.irr,208458591,7442,bin,fc5a837f5442656b
l_gothamcity,762,gothamcity_island2.lvc_111853_low.irr,208466033,2066,bin,fc5a837f5442656b
l_gothamcity,763,GothamCity_Island2.lvc_111854.irr,208468099,19058,bin,64686e823b34fa50
l_gothamcity,764,gothamcity_island2.lvc_111854_low.irr,208487157,5234,bin,64686e823b34fa50
l_gothamcity,765,GothamCity_Island2.lvc_111855.irr,208492391,27506,bin,9984fbddb9001cd0
l_gothamcity,766,gothamcity_island2.lvc_111855_low.irr,208519897,7538,bin,9984fbddb9001cd0
l_gothamcity,767,GothamCity_Island2.lvc_111856.irr,208527435,11138,bin,e437c3f37a9f23bf
l_gothamcity,768,gothamcity_island2.lvc_111856_low.irr,208538573,3074,bin,e437c3f37a9f23bf
l_gothamcity,769,GothamCity_Island2.lvc_111857.irr,208541647,6914,bin,c1a8315a961a8a57
l_gothamcity,770,gothamcity_island2.lvc_111857_low.irr,208548561,1922,bin,c1a8315a961a8a57
l_gothamcity,771,GothamCity_Island2.lvc_111858.irr,208550483,19058,bin,078af67323d032f9
l_gothamcity,772,gothamcity_island2.lvc_111858_low.irr,208569541,5234,bin,078af67323d032f9
l_gothamcity,773,GothamCity_Island2.lvc_111859.irr,208574775,11138,bin,08360bd30b5e537a
l_gothamcity,774,gothamcity_island2.lvc_111859_low.irr,208585913,3074,bin,08360bd30b5e537a
l_gothamcity,775,gothamcity_island2.lvc_112475.irr,208588987,5858,bin,dab96e5787a6faa3
l_gothamcity,776,gothamcity_island2.lvc_112475_low.irr,208594845,1634,bin,dab96e5787a6faa3
l_gothamcity,777,gothamcity_island2.lvc_112476.irr,208596479,3218,bin,35d0e096576176dd
l_gothamcity,778,gothamcity_island2.lvc_112476_low.irr,208599697,914,bin,35d0e096576176dd
l_gothamcity,779,gothamcity_island2.lvc_112477.irr,208600611,1634,bin,cb323651b3573586
l_gothamcity,780,gothamcity_island2.lvc_112477_low.irr,208602245,482,bin,cb323651b3573586
l_gothamcity,781,gothamcity_island2.lvc_112478.irr,208602727,19058,bin,078af67323d032f9
l_gothamcity,782,gothamcity_island2.lvc_112478_low.irr,208621785,5234,bin,078af67323d032f9
l_gothamcity,783,gothamcity_island2.lvc_112479.irr,208627019,4802,bin,078af67323d032f9
l_gothamcity,784,gothamcity_island2.lvc_112479_low.irr,208631821,1346,bin,078af67323d032f9
l_gothamcity,785,gothamcity_island2.lvc_112480.irr,208633167,2162,bin,2e37954e66feea87
l_gothamcity,786,gothamcity_island2.lvc_112480_low.irr,208635329,626,bin,2e37954e66feea87
l_gothamcity,787,gothamcity_island2.lvc_112481.irr,208635955,1898,bin,5f7a2818f8fd2757
l_gothamcity,788,gothamcity_island2.lvc_112481_low.irr,208637853,554,bin,5f7a2818f8fd2757
l_gothamcity,789,gothamcity_island2.lvc_112482.irr,208638407,7178,bin,0cd6a339eaa8ebe4
l_gothamcity,790,gothamcity_island2.lvc_112482_low.irr,208645585,1994,bin,0cd6a339eaa8ebe4
l_gothamcity,791,gothamcity_island2.lvc_112483.irr,208647579,1634,bin,c5349508a63c58e8
l_gothamcity,792,gothamcity_island2.lvc_112483_low.irr,208649213,482,bin,c5349508a63c58e8
l_gothamcity,793,gothamcity_island2.lvc_112484.irr,208649695,1370,bin,15da78a4317b59b6
l_gothamcity,794,gothamcity_island2.lvc_112484_low.irr,208651065,410,bin,15da78a4317b59b6
l_gothamcity,795,gothamcity_island2.lvc_112485.irr,208651475,1106,bin,3a7038ef50422f0e
l_gothamcity,796,gothamcity_island2.lvc_112485_low.irr,208652581,338,bin,3a7038ef50422f0e
l_gothamcity,797,gothamcity_island2.lvc_112486.irr,208652919,1370,bin,72533edb3176a0e0
l_gothamcity,798,gothamcity_island2.lvc_112486_low.irr,208654289,410,bin,72533edb3176a0e0
l_gothamcity,799,gothamcity_island2.lvc_112487.irr,208654699,1238,bin,0c5ef3f8f917cfef
l_gothamcity,800,gothamcity_island2.lvc_112487_low.irr,208655937,374,bin,0c5ef3f8f917cfef
l_gothamcity,801,gothamcity_island2.lvc_112488.irr,208656311,2030,bin,5acb4b539c6a77cb
l_gothamcity,802,gothamcity_island2.lvc_112488_low.irr,208658341,590,bin,5acb4b539c6a77cb
l_gothamcity,803,gothamcity_island2.lvc_112489.irr,208658931,1106,bin,d9909384bc2df8f5
l_gothamcity,804,gothamcity_island2.lvc_112489_low.irr,208660037,338,bin,d9909384bc2df8f5
l_gothamcity,805,gothamcity_island2.lvc_112490.irr,208660375,1634,bin,37d34bc8ed039984
l_gothamcity,806,gothamcity_island2.lvc_112490_low.irr,208662009,482,bin,37d34bc8ed039984
l_gothamcity,807,gothamcity_island2.lvc_112491.irr,208662491,1634,bin,b6281abd364d1ed8
l_gothamcity,808,gothamcity_island2.lvc_112491_low.irr,208664125,482,bin,b6281abd364d1ed8
l_gothamcity,809,gothamcity_island2.lvc_112492.irr,208664607,1238,bin,e8c40e93a265274c
l_gothamcity,810,gothamcity_island2.lvc_112492_low.irr,208665845,374,bin,e8c40e93a265274c
l_gothamcity,811,gothamcity_island2.lvc_112493.irr,208666219,1238,bin,23046737980c79ad
l_gothamcity,812,gothamcity_island2.lvc_112493_low.irr,208667457,374,bin,23046737980c79ad
l_gothamcity,813,gothamcity_island2.lvc_112494.irr,208667831,842,bin,084408670d50df22
l_gothamcity,814,gothamcity_island2.lvc_112494_low.irr,208668673,266,bin,084408670d50df22
l_gothamcity,815,gothamcity_island2.lvc_112495.irr,208668939,1238,bin,be33c87bad329ae7
l_gothamcity,816,gothamcity_island2.lvc_112495_low.irr,208670177,374,bin,be33c87bad329ae7
l_gothamcity,817,gothamcity_island2.lvc_112496.irr,208670551,1238,bin,0110f3a18c9167c4
l_gothamcity,818,gothamcity_island2.lvc_112496_low.irr,208671789,374,bin,0110f3a18c9167c4
l_gothamcity,819,gothamcity_island2.lvc_112497.irr,208672163,1238,bin,b1f2517f47c9155d
l_gothamcity,820,gothamcity_island2.lvc_112497_low.irr,208673401,374,bin,b1f2517f47c9155d
l_gothamcity,821,gothamcity_island2.lvc_112498.irr,208673775,1238,bin,7610e9347f8aa88f
l_gothamcity,822,gothamcity_island2.lvc_112498_low.irr,208675013,374,bin,7610e9347f8aa88f
l_gothamcity,823,gothamcity_island2.lvc_112499.irr,208675387,1238,bin,7cc9ce8ef74724bd
l_gothamcity,824,gothamcity_island2.lvc_112499_low.irr,208676625,374,bin,7cc9ce8ef74724bd
l_gothamcity,825,gothamcity_island2.lvc_112500.irr,208676999,1238,bin,bad45c4e7cabddc9
l_gothamcity,826,gothamcity_island2.lvc_112500_low.irr,208678237,374,bin,bad45c4e7cabddc9
l_gothamcity,827,gothamcity_island2.lvc_112501.irr,208678611,1238,bin,9037e522f9fa5dbc
l_gothamcity,828,gothamcity_island2.lvc_112501_low.irr,208679849,374,bin,9037e522f9fa5dbc
l_gothamcity,829,gothamcity_island2.lvc_112502.irr,208680223,1238,bin,a8dd5bc0fec63674
l_gothamcity,830,gothamcity_island2.lvc_112502_low.irr,208681461,374,bin,a8dd5bc0fec63674
l_gothamcity,831,gothamcity_island2.lvc_112503.irr,208681835,1238,bin,ca315866344c54c5
l_gothamcity,832,gothamcity_island2.lvc_112503_low.irr,208683073,374,bin,ca315866344c54c5
l_gothamcity,833,gothamcity_island2.lvc_112504.irr,208683447,1238,bin,1fd1ac0d494bd264
l_gothamcity,834,gothamcity_island2.lvc_112504_low.irr,208684685,374,bin,1fd1ac0d494bd264
l_gothamcity,835,gothamcity_island2.lvc_112505.irr,208685059,1238,bin,25d666714de96e97
l_gothamcity,836,gothamcity_island2.lvc_112505_low.irr,208686297,374,bin,25d666714de96e97
l_gothamcity,837,gothamcity_island2.lvc_112506.irr,208686671,1238,bin,05bb4c839d86b90a
l_gothamcity,838,gothamcity_island2.lvc_112506_low.irr,208687909,374,bin,05bb4c839d86b90a
l_gothamcity,839,gothamcity_island2.lvc_112507.irr,208688283,1238,bin,6d29bc0352b2365a
l_gothamcity,840,gothamcity_island2.lvc_112507_low.irr,208689521,374,bin,6d29bc0352b2365a
l_gothamcity,841,gothamcity_island2.lvc_112508.irr,208689895,1238,bin,d5e83d95b7420693
l_gothamcity,842,gothamcity_island2.lvc_112508_low.irr,208691133,374,bin,d5e83d95b7420693
l_gothamcity,843,gothamcity_island2.lvc_112509.irr,208691507,2822,bin,870c739520698bbd
l_gothamcity,844,gothamcity_island2.lvc_112509_low.irr,208694329,806,bin,870c739520698bbd
l_gothamcity,845,gothamcity_island2.lvc_112510.irr,208695135,1238,bin,b26733bd29d31d0b
l_gothamcity,846,gothamcity_island2.lvc_112510_low.irr,208696373,374,bin,b26733bd29d31d0b
l_gothamcity,847,gothamcity_island2.lvc_112511.irr,208696747,1238,bin,f749918e402115d4
l_gothamcity,848,gothamcity_island2.lvc_112511_low.irr,208697985,374,bin,f749918e402115d4
l_gothamcity,849,gothamcity_island2.lvc_112512.irr,208698359,1238,bin,0a3331fa3b979cad
l_gothamcity,850,gothamcity_island2.lvc_112512_low.irr,208699597,374,bin,0a3331fa3b979cad
l_gothamcity,851,gothamcity_island2.lvc_112513.irr,208699971,1238,bin,8882ffa81a736a11
l_gothamcity,852,gothamcity_island2.lvc_112513_low.irr,208701209,374,bin,8882ffa81a736a11
l_gothamcity,853,gothamcity_island2.lvc_112514.irr,208701583,1238,bin,951dcec603827d86
l_gothamcity,854,gothamcity_island2.lvc_112514_low.irr,208702821,374,bin,951dcec603827d86
l_gothamcity,855,gothamcity_island2.lvc_112515.irr,208703195,1238,bin,0c8cba53ba060f0e
l_gothamcity,856,gothamcity_island2.lvc_112515_low.irr,208704433,374,bin,0c8cba53ba060f0e
l_gothamcity,857,gothamcity_island2.lvc_112516.irr,208704807,1238,bin,ae7bf464ea595d70
l_gothamcity,858,gothamcity_island2.lvc_112516_low.irr,208706045,374,bin,ae7bf464ea595d70
l_gothamcity,859,gothamcity_island2.lvc_112517.irr,208706419,2030,bin,37724c9161912ebd
l_gothamcity,860,gothamcity_island2.lvc_112517_low.irr,208708449,590,bin,37724c9161912ebd
l_gothamcity,861,gothamcity_island2.lvc_112518.irr,208709039,1238,bin,32eb521d4ef1e004
l_gothamcity,862,gothamcity_island2.lvc_112518_low.irr,208710277,374,bin,32eb521d4ef1e004
l_gothamcity,863,gothamcity_island2.lvc_112519.irr,208710651,1238,bin,4eb2d439888b1845
l_gothamcity,864,gothamcity_island2.lvc_112519_low.irr,208711889,374,bin,4eb2d439888b1845
l_gothamcity,865,gothamcity_island2.lvc_112520.irr,208712263,1238,bin,532a5f0570df5f0e
l_gothamcity,866,gothamcity_island2.lvc_112520_low.irr,208713501,374,bin,532a5f0570df5f0e
l_gothamcity,867,gothamcity_island2.lvc_112521.irr,208713875,3746,bin,bf3ba64c21d17768
l_gothamcity,868,gothamcity_island2.lvc_112521_low.irr,208717621,1058,bin,bf3ba64c21d17768
l_gothamcity,869,gothamcity_island2.lvc_112522.irr,208718679,6386,bin,4511eca6bd5b2be7
l_gothamcity,870,gothamcity_island2.lvc_112522_low.irr,208725065,1778,bin,4511eca6bd5b2be7
l_gothamcity,871,gothamcity_island2.lvc_112523.irr,208726843,5858,bin,898d79b0263b8945
l_gothamcity,872,gothamcity_island2.lvc_112523_low.irr,208732701,1634,bin,898d79b0263b8945
l_gothamcity,873,gothamcity_island2.lvc_112524.irr,208734335,2162,bin,a07df057eabbbafc
l_gothamcity,874,gothamcity_island2.lvc_112524_low.irr,208736497,626,bin,a07df057eabbbafc
l_gothamcity,875,gothamcity_island2.lvc_112525.irr,208737123,2162,bin,ede5be9ec24d2835
l_gothamcity,876,gothamcity_island2.lvc_112525_low.irr,208739285,626,bin,ede5be9ec24d2835
l_gothamcity,877,gothamcity_island2.lvc_112526.irr,208739911,4802,bin,b74cc26edba06b87
l_gothamcity,878,gothamcity_island2.lvc_112526_low.irr,208744713,1346,bin,b74cc26edba06b87
l_gothamcity,879,gothamcity_island2.lvc_112527.irr,208746059,2690,bin,ddadd2d10dd214f8
l_gothamcity,880,gothamcity_island2.lvc_112527_low.irr,208748749,770,bin,ddadd2d10dd214f8
l_gothamcity,881,gothamcity_island2.lvc_112528.irr,208749519,578,bin,aab97da59361bceb
l_gothamcity,882,gothamcity_island2.lvc_112528_low.irr,208750097,194,bin,aab97da59361bceb
l_gothamcity,883,gothamcity_island2.lvc_112529.irr,208750291,578,bin,3259da4af3e646b5
l_gothamcity,884,gothamcity_island2.lvc_112529_low.irr,208750869,194,bin,3259da4af3e646b5
l_gothamcity,885,gothamcity_island2.lvc_112530.irr,208751063,578,bin,5e3d5a1aab5fe5ee
l_gothamcity,886,gothamcity_island2.lvc_112530_low.irr,208751641,194,bin,5e3d5a1aab5fe5ee
l_gothamcity,887,gothamcity_island2.lvc_112531.irr,208751835,578,bin,905c9a39cc024ff0
l_gothamcity,888,gothamcity_island2.lvc_112531_low.irr,208752413,194,bin,905c9a39cc024ff0
l_gothamcity,889,gothamcity_island2.lvc_112532.irr,208752607,578,bin,73941cd661293c3e
l_gothamcity,890,gothamcity_island2.lvc_112532_low.irr,208753185,194,bin,73941cd661293c3e
l_gothamcity,891,gothamcity_island2.lvc_112533.irr,208753379,6650,bin,28c066b885dfc669
l_gothamcity,892,gothamcity_island2.lvc_112533_low.irr,208760029,1850,bin,28c066b885dfc669
l_gothamcity,893,gothamcity_island2.lvc_112534.irr,208761879,5858,bin,7fe421e7c8cebab6
l_gothamcity,894,gothamcity_island2.lvc_112534_low.irr,208767737,1634,bin,7fe421e7c8cebab6
l_gothamcity,895,gothamcity_island2.lvc_112535.irr,208769371,3746,bin,9dc48a2a390f20d4
l_gothamcity,896,gothamcity_island2.lvc_112535_low.irr,208773117,1058,bin,9dc48a2a390f20d4
l_gothamcity,897,gothamcity_island2.lvc_112536.irr,208774175,2162,bin,d9b6e1cb82e63d01
l_gothamcity,898,gothamcity_island2.lvc_112536_low.irr,208776337,626,bin,d9b6e1cb82e63d01
l_gothamcity,899,gothamcity_island2.lvc_112537.irr,208776963,182,bin,2bfb2f411e19ea40
l_gothamcity,900,gothamcity_island2.lvc_112537_low.irr,208777145,86,bin,2bfb2f411e19ea40
l_gothamcity,901,gothamcity_island2.lvc_112538.irr,208777231,182,bin,f2e981834e341551
l_gothamcity,902,gothamcity_island2.lvc_112538_low.irr,208777413,86,bin,f2e981834e341551
l_gothamcity,903,gothamcity_island2.lvc_112539.irr,208777499,182,bin,f32cdf00890679f6
l_gothamcity,904,gothamcity_island2.lvc_112539_low.irr,208777681,86,bin,f32cdf00890679f6
l_gothamcity,905,gothamcity_island2.lvc_112540.irr,208777767,182,bin,ac3731735213735f
l_gothamcity,906,gothamcity_island2.lvc_112540_low.irr,208777949,86,bin,ac3731735213735f
l_gothamcity,907,gothamcity_island2.lvc_112541.irr,208778035,182,bin,80f603a792a132de
l_gothamcity,908,gothamcity_island2.lvc_112541_low.irr,208778217,86,bin,80f603a792a132de
l_gothamcity,909,gothamcity_island2.lvc_112542.irr,208778303,182,bin,fd1f3603902864bf
l_gothamcity,910,gothamcity_island2.lvc_112542_low.irr,208778485,86,bin,fd1f3603902864bf
l_gothamcity,911,gothamcity_island2.lvc_112543.irr,208778571,182,bin,99a71d4f265c8723
l_gothamcity,912,gothamcity_island2.lvc_112543_low.irr,208778753,86,bin,99a71d4f265c8723
l_gothamcity,913,gothamcity_island2.lvc_112544.irr,208778839,182,bin,2cec64fd1180eaad
l_gothamcity,914,gothamcity_island2.lvc_112544_low.irr,208779021,86,bin,2cec64fd1180eaad
l_gothamcity,915,gothamcity_island2.lvc_112545.irr,208779107,182,bin,29261109eae5c2ad
l_gothamcity,916,gothamcity_island2.lvc_112545_low.irr,208779289,86,bin,29261109eae5c2ad
l_gothamcity,917,gothamcity_island2.lvc_112546.irr,208779375,182,bin,89b8a9ee4b0efa61
l_gothamcity,918,gothamcity_island2.lvc_112546_low.irr,208779557,86,bin,89b8a9ee4b0efa61
l_gothamcity,919,gothamcity_island2.lvc_112547.irr,208779643,3746,bin,3dc0f617115f6f42
l_gothamcity,920,gothamcity_island2.lvc_112547_low.irr,208783389,1058,bin,3dc0f617115f6f42
l_gothamcity,921,gothamcity_island2.lvc_112548.irr,208784447,182,bin,ed1ef54d519a9390
l_gothamcity,922,gothamcity_island2.lvc_112548_low.irr,208784629,86,bin,ed1ef54d519a9390
l_gothamcity,923,gothamcity_island2.lvc_112549.irr,208784715,4802,bin,164e7f27a2ea164c
l_gothamcity,924,gothamcity_island2.lvc_112549_low.irr,208789517,1346,bin,164e7f27a2ea164c
l_gothamcity,925,gothamcity_island2.lvc_112550.irr,208790863,4274,bin,1e451cd1a6673f5a
l_gothamcity,926,gothamcity_island2.lvc_112550_low.irr,208795137,1202,bin,1e451cd1a6673f5a
l_gothamcity,927,gothamcity_island2.lvc_112551.irr,208796339,710,bin,0b9cd6c0e0a82239
l_gothamcity,928,gothamcity_island2.lvc_112551_low.irr,208797049,230,bin,0b9cd6c0e0a82239
l_gothamcity,929,gothamcity_island2.lvc_112552.irr,208797279,446,bin,845a5d42ff4753d8
l_gothamcity,930,gothamcity_island2.lvc_112552_low.irr,208797725,158,bin,845a5d42ff4753d8
l_gothamcity,931,gothamcity_island2.lvc_112553.irr,208797883,446,bin,187a916bd9c74489
l_gothamcity,932,gothamcity_island2.lvc_112553_low.irr,208798329,158,bin,187a916bd9c74489
l_gothamcity,933,gothamcity_island2.lvc_112554.irr,208798487,446,bin,0771697096c93ee5
l_gothamcity,934,gothamcity_island2.lvc_112554_low.irr,208798933,158,bin,0771697096c93ee5
l_gothamcity,935,gothamcity_island2.lvc_112555.irr,208799091,842,bin,e6a46777705e547a
l_gothamcity,936,gothamcity_island2.lvc_112555_low.irr,208799933,266,bin,e6a46777705e547a
l_gothamcity,937,gothamcity_island2.lvc_112556.irr,208800199,842,bin,db56cdc21aff38a7
l_gothamcity,938,gothamcity_island2.lvc_112556_low.irr,208801041,266,bin,db56cdc21aff38a7
l_gothamcity,939,gothamcity_island2.lvc_112557.irr,208801307,842,bin,78af5223bf03304f
l_gothamcity,940,gothamcity_island2.lvc_112557_low.irr,208802149,266,bin,78af5223bf03304f
l_gothamcity,941,gothamcity_island2.lvc_112558.irr,208802415,842,bin,2af8c0a5fd891288
l_gothamcity,942,gothamcity_island2.lvc_112558_low.irr,208803257,266,bin,2af8c0a5fd891288
l_gothamcity,943,gothamcity_island2.lvc_112559.irr,208803523,578,bin,9c281beec0cc8012
l_gothamcity,944,gothamcity_island2.lvc_112559_low.irr,208804101,194,bin,9c281beec0cc8012
l_gothamcity,945,gothamcity_island2.lvc_112560.irr,208804295,578,bin,0701046e74ea0a41
l_gothamcity,946,gothamcity_island2.lvc_112560_low.irr,208804873,194,bin,0701046e74ea0a41
l_gothamcity,947,gothamcity_island2.lvc_112561.irr,208805067,578,bin,a0d6ed8793b2e636
l_gothamcity,948,gothamcity_island2.lvc_112561_low.irr,208805645,194,bin,a0d6ed8793b2e636
l_gothamcity,949,gothamcity_island2.lvc_112562.irr,208805839,578,bin,a654ca30d8240ba4
l_gothamcity,950,gothamcity_island2.lvc_112562_low.irr,208806417,194,bin,a654ca30d8240ba4
l_gothamcity,951,gothamcity_island2.lvc_112563.irr,208806611,1370,bin,502250e6d5e678b7
l_gothamcity,952,gothamcity_island2.lvc_112563_low.irr,208807981,410,bin,502250e6d5e678b7
l_gothamcity,953,gothamcity_island2.lvc_112564.irr,208808391,842,bin,6900a00d4fa6a129
l_gothamcity,954,gothamcity_island2.lvc_112564_low.irr,208809233,266,bin,6900a00d4fa6a129
l_gothamcity,955,gothamcity_island2.lvc_112565.irr,208809499,5594,bin,344cc2e6474fc068
l_gothamcity,956,gothamcity_island2.lvc_112565_low.irr,208815093,1562,bin,344cc2e6474fc068
l_gothamcity,957,gothamcity_island2.lvc_112566.irr,208816655,1238,bin,5ce02df5561518d0
l_gothamcity,958,gothamcity_island2.lvc_112566_low.irr,208817893,374,bin,5ce02df5561518d0
l_gothamcity,959,gothamcity_island2.lvc_112567.irr,208818267,1238,bin,2c5fbeb708cc6c07
l_gothamcity,960,gothamcity_island2.lvc_112567_low.irr,208819505,374,bin,2c5fbeb708cc6c07
l_gothamcity,961,gothamcity_island2.lvc_112568.irr,208819879,1238,bin,656531ebcd34218d
l_gothamcity,962,gothamcity_island2.lvc_112568_low.irr,208821117,374,bin,656531ebcd34218d
l_gothamcity,963,gothamcity_island2.lvc_112583.irr,208821491,182,bin,2bf74283629b5771
l_gothamcity,964,gothamcity_island2.lvc_112583_low.irr,208821673,86,bin,2bf74283629b5771
l_gothamcity,965,gothamcity_island2.lvc_112584.irr,208821759,182,bin,8d0731775901a575
l_gothamcity,966,gothamcity_island2.lvc_112584_low.irr,208821941,86,bin,8d0731775901a575
l_gothamcity,967,gothamcity_island2.lvc_112585.irr,208822027,182,bin,2f80895dc3039282
l_gothamcity,968,gothamcity_island2.lvc_112585_low.irr,208822209,86,bin,2f80895dc3039282
l_gothamcity,969,gothamcity_island2.lvc_112586.irr,208822295,182,bin,3fd4e8c0e9090a1a
l_gothamcity,970,gothamcity_island2.lvc_112586_low.irr,208822477,86,bin,3fd4e8c0e9090a1a
l_gothamcity,971,gothamcity_island2.lvc_112594.irr,208822563,578,bin,74192419c5efae12
l_gothamcity,972,gothamcity_island2.lvc_112594_low.irr,208823141,194,bin,74192419c5efae12
l_gothamcity,973,gothamcity_island2.lvc_112597.irr,208823335,1106,bin,20c55825e5c49deb
l_gothamcity,974,gothamcity_island2.lvc_112597_low.irr,208824441,338,bin,20c55825e5c49deb
l_gothamcity,975,gothamcity_island2.lvc_112598.irr,208824779,314,bin,6710521f244aaf47
l_gothamcity,976,gothamcity_island2.lvc_112598_low.irr,208825093,122,bin,6710521f244aaf47
l_gothamcity,977,gothamcity_island2.lvc_112599.irr,208825215,446,bin,22b169cf8f137eb9
l_gothamcity,978,gothamcity_island2.lvc_112599_low.irr,208825661,158,bin,22b169cf8f137eb9
l_gothamcity,979,gothamcity_island2.lvc_112600.irr,208825819,314,bin,68808bdde6604e19
l_gothamcity,980,gothamcity_island2.lvc_112600_low.irr,208826133,122,bin,68808bdde6604e19
l_gothamcity,981,gothamcity_island2.lvc_112601.irr,208826255,182,bin,cae07ff9247294bb
l_gothamcity,982,gothamcity_island2.lvc_112601_low.irr,208826437,86,bin,cae07ff9247294bb
l_gothamcity,983,gothamcity_island2.lvc_112602.irr,208826523,314,bin,2a3db76e79c4df85
l_gothamcity,984,gothamcity_island2.lvc_112602_low.irr,208826837,122,bin,2a3db76e79c4df85
l_gothamcity,985,gothamcity_island2.lvc_112603.irr,208826959,1634,bin,62aca5e3eb8921bd
l_gothamcity,986,gothamcity_island2.lvc_112603_low.irr,208828593,482,bin,62aca5e3eb8921bd
l_gothamcity,987,gothamcity_island2.lvc_112604.irr,208829075,1634,bin,3f99092e506a8f84
l_gothamcity,988,gothamcity_island2.lvc_112604_low.irr,208830709,482,bin,3f99092e506a8f84
l_gothamcity,989,gothamcity_island2.lvc_112605.irr,208831191,182,bin,c26c9f06719d983b
l_gothamcity,990,gothamcity_island2.lvc_112605_low.irr,208831373,86,bin,c26c9f06719d983b
l_gothamcity,991,gothamcity_island2.lvc_112606.irr,208831459,182,bin,d22869408b9a2694
l_gothamcity,992,gothamcity_island2.lvc_112606_low.irr,208831641,86,bin,d22869408b9a2694
l_gothamcity,993,gothamcity_island2.lvc_112607.irr,208831727,182,bin,70f55228444c4d4c
l_gothamcity,994,gothamcity_island2.lvc_112607_low.irr,208831909,86,bin,70f55228444c4d4c
l_gothamcity,995,gothamcity_island2.lvc_112608.irr,208831995,182,bin,d92d881e81533a74
l_gothamcity,996,gothamcity_island2.lvc_112608_low.irr,208832177,86,bin,d92d881e81533a74
l_gothamcity,997,gothamcity_island2.lvc_112609.irr,208832263,182,bin,3db3633cf678e109
l_gothamcity,998,gothamcity_island2.lvc_112609_low.irr,208832445,86,bin,3db3633cf678e109
l_gothamcity,999,gothamcity_island2.lvc_112610.irr,208832531,182,bin,fc51e69a85e50d72
l_gothamcity,1000,gothamcity_island2.lvc_112610_low.irr,208832713,86,bin,fc51e69a85e50d72
l_gothamcity,1001,gothamcity_island2.lvc_112611.irr,208832799,182,bin,f17cac6072f69ef6
l_gothamcity,1002,gothamcity_island2.lvc_112611_low.irr,208832981,86,bin,f17cac6072f69ef6
l_gothamcity,1003,gothamcity_island2.lvc_112612.irr,208833067,182,bin,ed3d263c8a2b3dc4
l_gothamcity,1004,gothamcity_island2.lvc_112612_low.irr,208833249,86,bin,ed3d263c8a2b3dc4
l_gothamcity,1005,gothamcity_island2.lvc_112613.irr,208833335,182,bin,f6ca00ff8cbf48d2
l_gothamcity,1006,gothamcity_island2.lvc_112613_low.irr,208833517,86,bin,f6ca00ff8cbf48d2
l_gothamcity,1007,gothamcity_island2.lvc_112614.irr,208833603,182,bin,39c262a145050777
l_gothamcity,1008,gothamcity_island2.lvc_112614_low.irr,208833785,86,bin,39c262a145050777
l_gothamcity,1009,gothamcity_island2.lvc_112615.irr,208833871,182,bin,c07ad7224dd052e6
l_gothamcity,1010,gothamcity_island2.lvc_112615_low.irr,208834053,86,bin,c07ad7224dd052e6
l_gothamcity,1011,gothamcity_island2.lvc_112620.irr,208834139,446,bin,5c5bdf2ed087cfe4
l_gothamcity,1012,gothamcity_island2.lvc_112620_low.irr,208834585,158,bin,5c5bdf2ed087cfe4
l_gothamcity,1013,gothamcity_island2.lvc_112621.irr,208834743,578,bin,0f7d6db4fa4c1219
l_gothamcity,1014,gothamcity_island2.lvc_112621_low.irr,208835321,194,bin,0f7d6db4fa4c1219
l_gothamcity,1015,gothamcity_island2.lvc_112622.irr,208835515,182,bin,a736e8033924afd1
l_gothamcity,1016,gothamcity_island2.lvc_112622_low.irr,208835697,86,bin,a736e8033924afd1
l_gothamcity,1017,gothamcity_island2.lvc_112623.irr,208835783,182,bin,61767f2b2da31654
l_gothamcity,1018,gothamcity_island2.lvc_112623_low.irr,208835965,86,bin,61767f2b2da31654
l_gothamcity,1019,gothamcity_island2.lvc_112624.irr,208836051,182,bin,f5da7e293a164a92
l_gothamcity,1020,gothamcity_island2.lvc_112624_low.irr,208836233,86,bin,f5da7e293a164a92
l_gothamcity,1021,gothamcity_island2.lvc_112625.irr,208836319,182,bin,2be8d78b857e16b8
l_gothamcity,1022,gothamcity_island2.lvc_112625_low.irr,208836501,86,bin,2be8d78b857e16b8
l_gothamcity,1023,gothamcity_island2.lvc_112626.irr,208836587,182,bin,e5cc06bfe248bf4b
l_gothamcity,1024,gothamcity_island2.lvc_112626_low.irr,208836769,86,bin,e5cc06bfe248bf4b
l_gothamcity,1025,gothamcity_island2.lvc_112627.irr,208836855,3746,bin,da5112b52b45a411
l_gothamcity,1026,gothamcity_island2.lvc_112627_low.irr,208840601,1058,bin,da5112b52b45a411
l_gothamcity,1027,gothamcity_island2.lvc_112628.irr,208841659,182,bin,cc8e76331903ab9e
l_gothamcity,1028,gothamcity_island2.lvc_112628_low.irr,208841841,86,bin,cc8e76331903ab9e
l_gothamcity,1029,gothamcity_island2.lvc_112629.irr,208841927,182,bin,29fb0ca71047f281
l_gothamcity,1030,gothamcity_island2.lvc_112629_low.irr,208842109,86,bin,29fb0ca71047f281
l_gothamcity,1031,gothamcity_island2.lvc_112630.irr,208842195,182,bin,5452a6d4a29a719c
l_gothamcity,1032,gothamcity_island2.lvc_112630_low.irr,208842377,86,bin,5452a6d4a29a719c
l_gothamcity,1033,gothamcity_island2.lvc_112631.irr,208842463,182,bin,e062051781a53338
l_gothamcity,1034,gothamcity_island2.lvc_112631_low.irr,208842645,86,bin,e062051781a53338
l_gothamcity,1035,gothamcity_island2.lvc_112632.irr,208842731,182,bin,4dca08780f32b095
l_gothamcity,1036,gothamcity_island2.lvc_112632_low.irr,208842913,86,bin,4dca08780f32b095
l_gothamcity,1037,gothamcity_island2.lvc_112633.irr,208842999,578,bin,20e592cbea897d7a
l_gothamcity,1038,gothamcity_island2.lvc_112633_low.irr,208843577,194,bin,20e592cbea897d7a
l_gothamcity,1039,gothamcity_island2.lvc_112634.irr,208843771,182,bin,82b52d47e40dc6ae
l_gothamcity,1040,gothamcity_island2.lvc_112634_low.irr,208843953,86,bin,82b52d47e40dc6ae
l_gothamcity,1041,gothamcity_island2.lvc_112635.irr,208844039,314,bin,0adf18b4da49f59f
l_gothamcity,1042,gothamcity_island2.lvc_112635_low.irr,208844353,122,bin,0adf18b4da49f59f
l_gothamcity,1043,gothamcity_island2.lvc_112636.irr,208844475,182,bin,ed672da1425a8be2
l_gothamcity,1044,gothamcity_island2.lvc_112636_low.irr,208844657,86,bin,ed672da1425a8be2
l_gothamcity,1045,gothamcity_island2.lvc_112637.irr,208844743,182,bin,9f0c548657ad4688
l_gothamcity,1046,gothamcity_island2.lvc_112637_low.irr,208844925,86,bin,9f0c548657ad4688
l_gothamcity,1047,gothamcity_island2.lvc_112638.irr,208845011,182,bin,87590d8db951771e
l_gothamcity,1048,gothamcity_island2.lvc_112638_low.irr,208845193,86,bin,87590d8db951771e
l_gothamcity,1049,gothamcity_island2.lvc_112639.irr,208845279,182,bin,a2c93d171627a730
l_gothamcity,1050,gothamcity_island2.lvc_112639_low.irr,208845461,86,bin,a2c93d171627a730
l_gothamcity,1051,gothamcity_island2.lvc_112640.irr,208845547,182,bin,7d153ceaf16d1c98
l_gothamcity,1052,gothamcity_island2.lvc_112640_low.irr,208845729,86,bin,7d153ceaf16d1c98
l_gothamcity,1053,gothamcity_island2.lvc_112641.irr,208845815,182,bin,7e6e23e47c600d85
l_gothamcity,1054,gothamcity_island2.lvc_112641_low.irr,208845997,86,bin,7e6e23e47c600d85
l_gothamcity,1055,gothamcity_island2.lvc_112642.irr,208846083,182,bin,44c6f9ffd7029b3a
l_gothamcity,1056,gothamcity_island2.lvc_112642_low.irr,208846265,86,bin,44c6f9ffd7029b3a
l_gothamcity,1057,gothamcity_island2.lvc_112643.irr,208846351,182,bin,df8013f7f096ac8d
l_gothamcity,1058,gothamcity_island2.lvc_112643_low.irr,208846533,86,bin,df8013f7f096ac8d
l_gothamcity,1059,gothamcity_island2.lvc_112644.irr,208846619,182,bin,eb317e99b22e2274
l_gothamcity,1060,gothamcity_island2.lvc_112644_low.irr,208846801,86,bin,eb317e99b22e2274
l_gothamcity,1061,gothamcity_island2.lvc_112645.irr,208846887,182,bin,1ecb8f2f38d0e060
l_gothamcity,1062,gothamcity_island2.lvc_112645_low.irr,208847069,86,bin,1ecb8f2f38d0e060
l_gothamcity,1063,gothamcity_island2.lvc_112646.irr,208847155,182,bin,059bf9933eec25cb
l_gothamcity,1064,gothamcity_island2.lvc_112646_low.irr,208847337,86,bin,059bf9933eec25cb
l_gothamcity,1065,gothamcity_island2.lvc_112647.irr,208847423,182,bin,efed4bd1c8a186ac
l_gothamcity,1066,gothamcity_island2.lvc_112647_low.irr,208847605,86,bin,efed4bd1c8a186ac
l_gothamcity,1067,gothamcity_island2.lvc_112648.irr,208847691,182,bin,452faf539b25f132
l_gothamcity,1068,gothamcity_island2.lvc_112648_low.irr,208847873,86,bin,452faf539b25f132
l_gothamcity,1069,gothamcity_island2.lvc_112649.irr,208847959,182,bin,a381c458a50c756f
l_gothamcity,1070,gothamcity_island2.lvc_112649_low.irr,208848141,86,bin,a381c458a50c756f
l_menu,0,MM_Cave.bdae,213,254780,bin,58db7a926c0a0dfc
l_menu,1,MM_City.bdae,254993,59948,bin,d417af6bdf6b2aab
l_menu,2,MM_City_Camera.bdae,314941,22092,bin,757c457a85dc33e0
l_menu,3,MM_FallingDebris.bdae,337033,32676,bin,75b720ae14af81ab
l_menu,4,MM_FallingRocks.bdae,369709,58560,bin,c1c5e1aa2d41e32a
l_menu,5,MM_Pit.bdae,428269,226032,bin,bfa433f730da2c71
l_military,0,Military_Complex_Collision.bdae,1201,400188,bin,b7d82f404319f258
l_military,1,Military_Complex_Collision_simple.bdae,401389,96568,bin,e3445ac24616a16b
l_military,2,Military_LPLD.bdae,497957,1571732,bin,a6b7e41bc77ad278
l_military,3,Military_Skybox.bdae,2069689,11668,bin,a15bbbb146585087
l_military,4,Military_Water.bdae,2081357,6600,bin,061ec21759543c36
l_military,5,Military_Zone_01.bdae,2087957,4390176,bin,b2aec597cbfe0aa8
l_military,6,Military_Zone_01_Low.bdae,6478133,2058920,bin,6761f0ae083b7f61
l_military,7,Military_Zone_02.bdae,8537053,393596,bin,4ef71df3747fcdde
l_military,8,Military_Zone_02_Low.bdae,8930649,222520,bin,52e996be31ff2482
l_military,9,Military_Zone_03.bdae,9153169,529828,bin,5c954e0be96922e2
l_military,10,Military_Zone_03_Low.bdae,9682997,340552,bin,e189ea74633427ed
l_military,11,Military_Zone_04.bdae,10023549,271376,bin,6fb4f60f50fceb88
l_military,12,Military_Zone_04_Low.bdae,10294925,160168,bin,6d4292bb8e987a9c
l_military,13,Military_Zone_05.bdae,10455093,43164,bin,27435880ab1e4dab
l_military,14,Military_Zone_05_Low.bdae,10498257,32980,bin,bfa0a7f5e1a5036e
l_military,15,Military_Zone_06.bdae,10531237,43184,bin,a3a8b3f19527e2d5
l_military,16,Military_Zone_06_Low.bdae,10574421,32256,bin,ebb7849cad9706ac
l_military,17,Military_Zone_07.bdae,10606677,43280,bin,836e775865714f17
l_military,18,Military_Zone_07_Low.bdae,10649957,32420,bin,4fb2062e463530da
l_military,19,Military_Zone_08.bdae,10682377,77788,bin,76e52f81f4f7b970
l_military,20,Military_Zone_08_Low.bdae,10760165,51120,bin,c12fac794166b1bc
l_military,21,Military_Zone_09.bdae,10811285,86980,bin,0be3849cf94c042d
l_military,22,Military_Zone_09_Low.bdae,10898265,58012,bin,41feb71604ecf485
l_military,23,Military.lvc_1100001.irr,10956277,6386,bin,fa4e29c2f482038a
l_military,24,military.lvc_1100001_low.irr,10962663,1778,bin,fa4e29c2f482038a
l_military,25,military.lvc_800001.irr,10964441,127958,bin,99017d8a3dfc811a
l_military,26,military.lvc_800001_low.irr,11092399,34934,bin,99017d8a3dfc811a
l_military,27,military.lvc_800003.irr,11127333,5990,bin,95a58c0c78b74ea1
l_military,28,military.lvc_800003_low.irr,11133323,1670,bin,95a58c0c78b74ea1
l_policestation,0,box_collision_grapnel_test.bdae,3843,113836,bin,8e148e7b76bb2959
l_policestation,1,box_collision_test.bdae,117679,83860,bin,f1fb964bef564742
l_policestation,2,desk_window.bdae,201539,21624,bin,4fa3973ffc7fa512
l_policestation,3,desk_window_anim.bdae,223163,364,bin,ccd88f16d629b607
l_policestation,4,desk_window_collision.bdae,223527,84528,bin,5dc906c50681b000
l_policestation,5,desk_window_low.bdae,308055,16032,bin,822dc6168e826496
l_policestation,6,GC_Policestation_centralcomputer.bdae,324087,22476,bin,7074fb63d38b8dad
l_policestation,7,GC_Policestation_centralcomputer_anim.bdae,346563,408,bin,4b941b89f3d1dfee
l_policestation,8,GC_Policestation_centralcomputer_collision.bdae,346971,112588,bin,a37b8a097fcbc5a9
l_policestation,9,GC_Policestation_chow_room_LOD04.bdae,459559,225856,bin,f411c5cbba3cb647
l_policestation,10,GC_Policestation_chow_room_LOD04_low.bdae,685415,161864,bin,4e386351be2a988b
l_policestation,11,GC_Policestation_desks01_LOD03.bdae,847279,274568,bin,431bc19a9dbf0c43
l_policestation,12,GC_Policestation_desks01_LOD03_low.bdae,1121847,142124,bin,e452b4d8d71b26f2
l_policestation,13,GC_Policestation_desks02_LOD03.bdae,1263971,296508,bin,04f5c1659cb28d41
l_policestation,14,GC_Policestation_desks02_LOD03_low.bdae,1560479,176552,bin,afd0dd577ef84fa3
l_policestation,15,GC_Policestation_desks03_LOD03.bdae,1737031,206468,bin,a4aa535fd7abbd9b
l_policestation,16,GC_Policestation_desks03_LOD03_low.bdae,1943499,101640,bin,83cfb4e23d7a3ac7
l_policestation,17,GC_Policestation_desks04_LOD03.bdae,2045139,342408,bin,de8c263e0aba64a8
l_policestation,18,GC_Policestation_desks04_LOD03_low.bdae,2387547,116712,bin,3e639ceca47bf16f
l_policestation,19,GC_Policestation_desks_top_LOD03.bdae,2504259,194996,bin,09c88b3b7ff492bb
l_policestation,20,GC_Policestation_desks_top_LOD03_low.bdae,2699255,96128,bin,661374bca23e83cc
l_policestation,21,GC_Policestation_garadge_glass.bdae,2795383,21544,bin,8c547e84a345e97f
l_policestation,22,GC_Policestation_garadge_glass_collision.bdae,2816927,84976,bin,aba889f4b4d8441e
l_policestation,23,GC_Policestation_garadge_glass_low.bdae,2901903,15904,bin,36868340e052bd23
l_policestation,24,GC_Policestation_lightning.bdae,2917807,7348,bin,b4ac3a45c0b0de72
l_policestation,25,GC_Policestation_neon_destroy.bdae,2925155,22184,bin,fef572be6a00974c
l_policestation,26,GC_Policestation_neon_destroy_anim.bdae,2947339,3312,bin,ad9bf11279c42990
l_policestation,27,GC_Policestation_neon_destroy_collision.bdae,2950651,84684,bin,151897c8ae8e65ce
l_policestation,28,GC_Policestation_neon_destroy_low.bdae,3035335,17348,bin,fd80a16f0cc9c6fc
l_policestation,29,GC_Policestation_Skybox.bdae,3052683,6080,bin,de603dffaa187e15
l_policestation,30,GC_Policestation_spotlight_sky.bdae,3058763,32580,bin,891318cf0d7c803b
l_policestation,31,GC_Policestation_spotlight_sky_anim.bdae,3091343,13992,bin,df2bff5ac7704ea0
l_policestation,32,GC_Policestation_spotlight_sky_anim_low.bdae,3105335,53944,bin,be25f5155c9a9c59
l_policestation,33,GC_Policestation_spotlight_sky_low.bdae,3159279,27596,bin,57e1128a3891b421
l_policestation,34,GC_Policestation_spotlight_tower.bdae,3186875,34864,bin,37602e5dd350c16b
l_policestation,35,GC_Policestation_spotlight_tower_anim.bdae,3221739,8556,bin,ae52382f21b483d3
l_policestation,36,GC_Policestation_spotlight_tower_anim_low.bdae,3230295,48604,bin,97a99ddc7c325ed2
l_policestation,37,GC_Policestation_spotlight_tower_collision.bdae,3278899,84592,bin,eed479dac5516a19
l_policestation,38,GC_Policestation_spotlight_tower_low.bdae,3363491,30044,bin,62a0ad73fb3f8d72
l_policestation,39,GC_Policestation_water_islands.bdae,3393535,24888,bin,857c29185d6ccda7
l_policestation,40,GC_Policestation_water_islands_low.bdae,3418423,20000,bin,e0970791c1a07216
l_policestation,41,GC_Policestation_window_frame_LOD02.bdae,3438423,138820,bin,c224cb69e651e88d
l_policestation,42,GC_SpBuilding_PoliceStation_01.bdae,3577243,2224140,bin,0e4f9e6b95c26aa5
l_policestation,43,GC_SpBuilding_PoliceStation_01_Collisions.bdae,5801383,437484,bin,0c5b4c01fdef77f8
l_policestation,44,GC_SpBuilding_PoliceStation_01_low.bdae,6238867,1649012,bin,21383167b9369f7d
l_policestation,45,GC_SpBuilding_PoliceStation_coronas.bdae,7887879,301956,bin,3dae041f40d37a7a
l_policestation,46,GC_SpBuilding_PoliceStation_farcity.bdae,8189835,20920,bin,e53e302b4819b660
l_policestation,47,GC_SpBuilding_PoliceStation_garage_int_LOD02.bdae,8210755,316392,bin,0a2b440dabebbcd1
l_policestation,48,GC_SpBuilding_PoliceStation_garage_int_LOD02_low.bdae,8527147,200172,bin,14f68d0c8493c65f
l_policestation,49,GC_SpBuilding_PoliceStation_glass_upstairs.bdae,8727319,21292,bin,68ffcfb903429e3c
l_policestation,50,GC_SpBuilding_PoliceStation_glass_upstairs_collision.bdae,8748611,118868,bin,fa87bf6e0812c437
l_policestation,51,GC_SpBuilding_PoliceStation_glass_upstairs_low.bdae,8867479,15764,bin,17b61160f54e275a
l_policestation,52,GC_SpBuilding_PoliceStation_radiost_int_LOD02.bdae,8883243,315600,bin,57ab4a13d9b8f91b
l_policestation,53,GC_SpBuilding_PoliceStation_radiost_int_LOD02_low.bdae,9198843,154844,bin,4dca4045dbd817be
l_policestation,54,GC_SpBuilding_PoliceStation_reflection.bdae,9353687,20720,bin,1fb9ca7abdb5e433
l_policestation,55,GC_SpBuilding_PoliceStation_roof_glass.bdae,9374407,38292,bin,cd2ea5128b03fc9d
l_policestation,56,GC_SpBuilding_PoliceStation_roof_glass_collision.bdae,9412699,114800,bin,89638630fa7617f1
l_policestation,57,GC_SpBuilding_PoliceStation_roof_glass_low.bdae,9527499,36876,bin,9573edb6e660d42b
l_policestation,58,window_animation.bdae,9564375,61268,bin,c3ad415c32c28a33
l_policestation,59,window_animation_anim.bdae,9625643,40420,bin,4021c5f96d8da087
l_policestation,60,police_station.lvc_800002.irr,9666063,487922,bin,4f22956dd38ac00c
l_policestation,61,police_station.lvc_800002_low.irr,10153985,133106,bin,4f22956dd38ac00c
l_policestation,62,police_station.lvc_800003.irr,10287091,88754,bin,afe406a7264428cf
l_policestation,63,police_station.lvc_800003_low.irr,10375845,24242,bin,afe406a7264428cf
l_policestation,64,police_station.lvc_800004.irr,10400087,103010,bin,7014f722b4b13f01
l_policestation,65,police_station.lvc_800004_low.irr,10503097,28130,bin,7014f722b4b13f01
l_policestation,66,Police_Station.lvc_800005.irr,10531227,36350,bin,9f25c2837fbbd749
l_policestation,67,police_station.lvc_800005_low.irr,10567577,9950,bin,9f25c2837fbbd749
l_policestation,68,Police_Station.lvc_800007.irr,10577527,36350,bin,d10d1718d22161cd
l_policestation,69,police_station.lvc_800007_low.irr,10613877,9950,bin,d10d1718d22161cd
l_stadion,0,ST_skybox.bdae,1154,2192,bin,ab7ba20294b0f9df
l_stadion,1,ST_skybox_00.bdae,3346,2192,bin,ab7ba20294b0f9df
l_stadion,2,ST_stadium.bdae,5538,5069524,bin,3f7b1dad5aaa024f
l_stadion,3,ST_stadium_Animated.bdae,5075062,11488,bin,3faa55d844d66418
l_stadion,4,ST_stadium_Collision.bdae,5086550,71328,bin,97074fd7a35a1e16
l_stadion,5,ST_stadium_LongDist.bdae,5157878,776176,bin,b31373f0bd9a6628
l_stadion,6,ST_stadium_low.bdae,5934054,2292060,bin,82e955db333efdb5
l_stadion,7,ST_stadium_Volumetric.bdae,8226114,30796,bin,008b77a4e5a159a0
l_stadion,8,Stadion.lvc_1300002.irr,8256910,842,bin,4fe3c45e8be855c2
l_stadion,9,stadion.lvc_1300002_low.irr,8257752,266,bin,4fe3c45e8be855c2
l_stadion,10,Stadion.lvc_1300003.irr,8258018,842,bin,9f2baf2e554e499f
l_stadion,11,stadion.lvc_1300003_low.irr,8258860,266,bin,9f2baf2e554e499f
l_stadion,12,Stadion.lvc_1300004.irr,8259126,4802,bin,900eb2b45907b382
l_stadion,13,stadion.lvc_1300004_low.irr,8263928,1346,bin,900eb2b45907b382
l_stadion,14,Stadion.lvc_1300005.irr,8265274,4802,bin,273f7e1a54526ff9
l_stadion,15,stadion.lvc_1300005_low.irr,8270076,1346,bin,273f7e1a54526ff9
l_stadion,16,Stadion.lvc_1300006.irr,8271422,6914,bin,bf2376f9069ade30
l_stadion,17,stadion.lvc_1300006_low.irr,8278336,1922,bin,bf2376f9069ade30
l_stadion,18,Stadion.lvc_1300007.irr,8280258,3746,bin,0162de9e05263a1a
l_stadion,19,stadion.lvc_1300007_low.irr,8284004,1058,bin,0162de9e05263a1a
l_stadion,20,Stadion.lvc_1300008.irr,8285062,446,bin,ed2aa596cbff7f4e
l_stadion,21,stadion.lvc_1300008_low.irr,8285508,158,bin,ed2aa596cbff7f4e
l_stadion,22,Stadion.lvc_1300009.irr,8285666,446,bin,ed2aa596cbff7f4e
l_stadion,23,stadion.lvc_1300009_low.irr,8286112,158,bin,ed2aa596cbff7f4e
l_stadion,24,stadion.lvc_1300010.irr,8286270,182,bin,a097f0ae85062253
l_stadion,25,stadion.lvc_1300010_low.irr,8286452,86,bin,a097f0ae85062253
l_stadion,26,stadion.lvc_800002.irr,8286538,37010,bin,cf595a4a66468a5b
l_stadion,27,stadion.lvc_800002_low.irr,8323548,10130,bin,cf595a4a66468a5b
l_stockexchange,0,box_collision_test.bdae,3863,96372,bin,5e52bbdee487ad1f
l_stockexchange,1,CG_SE_RoomsDoor_01.bdae,100235,15152,bin,6334ed972b56978c
l_stockexchange,2,CG_SE_RoomsDoor_01_anim.bdae,115387,17712,bin,435c04f3af3e6618
l_stockexchange,3,CG_SE_RoomsDoor_02.bdae,133099,15044,bin,24b593a715c8c363
l_stockexchange,4,CG_SE_RoomsDoor_02_anim.bdae,148143,17604,bin,5246c763078473a1
l_stockexchange,5,CG_SE_RoomsDoor_03.bdae,165747,13208,bin,d2ddb72d4b2003c1
l_stockexchange,6,CG_SE_RoomsDoor_03_anim.bdae,178955,14812,bin,fdcb2ceb535cd28d
l_stockexchange,7,GC_SE_Columns.bdae,193767,69180,bin,d6fb1e1d8a371fc4
l_stockexchange,8,GC_SE_Columns_Destroyed.bdae,262947,49176,bin,78598b2bc471b0e2
l_stockexchange,9,GC_SE_Columns_Destroyed_Anim.bdae,312123,56112,bin,1f9ebce9513960fb
l_stockexchange,10,GC_SE_ExitDoor_01.bdae,368235,16012,bin,93dd6945f839b342
l_stockexchange,11,GC_SE_ExitDoor_01_anim.bdae,384247,16760,bin,81d17cf0e5a4ddcd
l_stockexchange,12,GC_SE_mainRoomDoor_01.bdae,401007,15172,bin,3e45bf08c57edba5
l_stockexchange,13,GC_SE_mainRoomDoor_01_anim.bdae,416179,17740,bin,88a0a776c33b90e0
l_stockexchange,14,GC_SE_mainRoomDoor_02.bdae,433919,15172,bin,3e45bf08c57edba5
l_stockexchange,15,GC_SE_mainRoomDoor_02_anim.bdae,449091,17740,bin,88a0a776c33b90e0
l_stockexchange,16,GC_SE_mainRoomDoor_03.bdae,466831,15172,bin,3e45bf08c57edba5
l_stockexchange,17,GC_SE_mainRoomDoor_03_anim.bdae,482003,17740,bin,88a0a776c33b90e0
l_stockexchange,18,GC_SE_mainRoomDoor_04.bdae,499743,15172,bin,3e45bf08c57edba5
l_stockexchange,19,GC_SE_mainRoomDoor_04_anim.bdae,514915,17740,bin,88a0a776c33b90e0
l_stockexchange,20,GC_SE_Window_Break1.bdae,532655,50596,bin,f98b3d9bc71097f8
l_stockexchange,21,GC_SE_Window_Break1_anim.bdae,583251,884,bin,0ecd8ff59b625b63
l_stockexchange,22,GC_SE_Window_Break2.bdae,584135,50584,bin,986b7a2eb3723ce8
l_stockexchange,23,GC_SE_Window_Break2_anim.bdae,634719,876,bin,579ca062333c41a0
l_stockexchange,24,GC_SE_Window_Break3.bdae,635595,50596,bin,f98b3d9bc71097f8
l_stockexchange,25,GC_SE_Window_Break3_anim.bdae,686191,884,bin,0ecd8ff59b625b63
l_stockexchange,26,GC_SE_Window_Break4.bdae,687075,50596,bin,f98b3d9bc71097f8
l_stockexchange,27,GC_SE_Window_Break4_anim.bdae,737671,884,bin,0ecd8ff59b625b63
l_stockexchange,28,GC_SE_Window_Break5.bdae,738555,50596,bin,f98b3d9bc71097f8
l_stockexchange,29,GC_SE_Window_Break5_anim.bdae,789151,884,bin,0ecd8ff59b625b63
l_stockexchange,30,GC_SE_Window_Break6.bdae,790035,50596,bin,f98b3d9bc71097f8
l_stockexchange,31,GC_SE_Window_Break6_anim.bdae,840631,884,bin,0ecd8ff59b625b63
l_stockexchange,32,GC_SE_Window_Break7.bdae,841515,50596,bin,f98b3d9bc71097f8
l_stockexchange,33,GC_SE_Window_Break7_anim.bdae,892111,884,bin,0ecd8ff59b625b63
l_stockexchange,34,GC_SE_Window_Break8.bdae,892995,50596,bin,f98b3d9bc71097f8
l_stockexchange,35,GC_SE_Window_Break8_anim.bdae,943591,884,bin,0ecd8ff59b625b63
l_stockexchange,36,GC_StockExchange_Dome.bdae,944475,267184,bin,8a6ec15aef416261
l_stockexchange,37,GC_StockExchange_Dome_Anim.bdae,1211659,834392,bin,6a1b3f7c0c244e54
l_stockexchange,38,GC_StockExchange_Dome_placeholder.bdae,2046051,44128,bin,62ae4282baf277f4
l_stockexchange,39,GC_StockExchange_DoubleDoor.bdae,2090179,5480,bin,540d20675bba895a
l_stockexchange,40,GC_StockExchange_DoubleDoor_Anim.bdae,2095659,7572,bin,2b21887b4b12ae04
l_stockexchange,41,GC_StockExchange_FinalAnim.bdae,2103231,244480,bin,ac03aa4ce838f7af
l_stockexchange,42,GC_StockExchange_FinalMesh.bdae,2347711,255088,bin,14684aaaced308fa
l_stockexchange,43,GC_StockExchange_Final_finish_Collision.bdae,2602799,180440,bin,2545bf23813ec422
l_stockexchange,44,GC_StockExchange_Final_start_Collision.bdae,2783239,94108,bin,524b8c250e3eb369
l_stockexchange,45,GC_StockExchange_Main_Entrance_Exterior.bdae,2877347,300188,bin,cc75213658129b78
l_stockexchange,46,GC_StockExchange_Main_Entrance_Exterior_Collision.bdae,3177535,261616,bin,cc8d64fcda8c07d3
l_stockexchange,47,GC_StockExchange_Main_Entrance_Room.bdae,3439151,3888292,bin,3b39728bed2a85a9
l_stockexchange,48,GC_StockExchange_Main_Entrance_Room_Collision.bdae,7327443,244948,bin,7bfab5c42b2fcc53
l_stockexchange,49,GC_StockExchange_Main_Entrance_Room_Low.bdae,7572391,2591544,bin,1a1d425973655861
l_stockexchange,50,GC_StockExchange_Main_Entrance_Room_NavMesh.bdae,10163935,146132,bin,e99e797f42c6cf08
l_stockexchange,51,Gc_Stockexchange_MonitorWall.bdae,10310067,52360,bin,78ef70f4f890d5d6
l_stockexchange,52,GC_StockExchange_PoliceAdditive.bdae,10362427,42828,bin,e08d1bd9e0b9cfe5
l_stockexchange,53,GC_StockExchange_PoliceAdditive_anim.bdae,10405255,44484,bin,3dd079ab408667dc
l_stockexchange,54,GC_StockExchange_Props_Floor3.bdae,10449739,25112,bin,8db0baf331987ef0
l_stockexchange,55,GC_StockExchange_Props_Floor3_Collision.bdae,10474851,90656,bin,f88defc069298a89
l_stockexchange,56,GC_StockExchange_Props_Floor3_Small.bdae,10565507,24576,bin,146b75de6a45738d
l_stockexchange,57,GC_StockExchange_Props_Floor3_Small_Collision.bdae,10590083,90584,bin,518565454f38e6c8
l_stockexchange,58,GC_StockExchange_Props_MonitorAnim.bdae,10680667,1800,bin,2aa8a13b43357cd5
l_stockexchange,59,GC_StockExchange_Props_MonitorMesh.bdae,10682467,53596,bin,a541ef8329a4f2c7
l_stockexchange,60,GC_StockExchange_Props_Monitor_Collision_End.bdae,10736063,101512,bin,5c4035dd39367889
l_stockexchange,61,GC_StockExchange_Props_Monitor_Collision_Start.bdae,10837575,101556,bin,cda296d60edfc9ad
l_stockexchange,62,GC_StockExchange_SingleDoorArc.bdae,10939131,5136,bin,8ae89f70cb3b6566
l_stockexchange,63,GC_StockExchange_SingleDoorArc_Anim.bdae,10944267,21068,bin,b61f376bfa44051a
l_stockexchange,64,SE_FakeGotham_LPLD.bdae,10965335,251340,bin,648af291ee03534a
l_stockexchange,65,SE_FakeGotham_LPLD_LOW.bdae,11216675,108208,bin,4264c078aff0e462
l_stockexchange,66,SE_Skybox.bdae,11324883,19192,bin,e22fbcf95c6e47e8
l_stockexchange,67,StockExchange.lvc_800003.irr,11344075,53510,bin,7c068a184c321c15
l_stockexchange,68,stockexchange.lvc_800003_low.irr,11397585,14630,bin,7c068a184c321c15
l_stockexchange,69,stockexchange.lvc_800005.irr,11412215,11138,bin,9b663becb8711274
l_stockexchange,70,stockexchange.lvc_800005_low.irr,11423353,3074,bin,9b663becb8711274
l_stockexchange,71,stockexchange.lvc_800006.irr,11426427,9554,bin,a2863ee5ddd9b924
l_stockexchange,72,stockexchange.lvc_800006_low.irr,11435981,2642,bin,a2863ee5ddd9b924
l_stockexchange,73,stockexchange.lvc_800007.irr,11438623,6650,bin,99d345fdfa069b1b
l_stockexchange,74,stockexchange.lvc_800007_low.irr,11445273,1850,bin,99d345fdfa069b1b
l_stockexchange,75,stockexchange.lvc_800008.irr,11447123,13250,bin,2699f1a4abae29ae
l_stockexchange,76,stockexchange.lvc_800008_low.irr,11460373,3650,bin,2699f1a4abae29ae
l_stockexchange,77,stockexchange.lvc_800009.irr,11464023,3218,bin,8f8c4ce4ded84c14
l_stockexchange,78,stockexchange.lvc_800009_low.irr,11467241,914,bin,8f8c4ce4ded84c14
l_thepit,0,Box1.bdae,7771,24096,bin,51e58b301b192c5a
l_thepit,1,Box1_Collision.bdae,31867,96500,bin,b54831695c1ab312
l_thepit,2,Box2.bdae,128367,30328,bin,5a77d3f5a902eefe
l_thepit,3,Box2_Collision.bdae,158695,96500,bin,b54831695c1ab312
l_thepit,4,box_collision_test.bdae,255195,96372,bin,5e52bbdee487ad1f
l_thepit,5,FenceFall.bdae,351567,254104,bin,108f7ee6d9a6b075
l_thepit,6,FenceFall_Anim.bdae,605671,2640,bin,c649bddee4a4bb77
l_thepit,7,FencePlaceHolder.bdae,608311,211012,bin,135aff553d3bf79c
l_thepit,8,FencePlaceHolder_Collision.bdae,819323,97548,bin,2a5050f5f1c4e56d
l_thepit,9,FencePlaceHolder_Collision2.bdae,916871,96712,bin,2f207370a0822db1
l_thepit,10,GC_Residential_Props_UtilityBox.bdae,1013583,4392,bin,916e8a57cf29f55e
l_thepit,11,GC_Residential_Props_UtilityBox_Collision.bdae,1017975,91256,bin,8776074bf3970636
l_thepit,12,GC_StockExchange_Dome.bdae,1109231,287928,bin,0676eef0794f1152
l_thepit,13,GC_StockExchange_Dome_Anim.bdae,1397159,695024,bin,5d49ff8a8034035e
l_thepit,14,GC_ThePit.bdae,2092183,1352852,bin,bb865cfaa1f57ba8
l_thepit,15,GC_ThePit_Collision.bdae,3445035,147060,bin,efdb0c9ab1d3f57c
l_thepit,16,R1_Vent.bdae,3592095,36676,bin,4c9948c3f0317d95
l_thepit,17,R1_Vent_Anim.bdae,3628771,1968,bin,3a3f7d6fc137b574
l_thepit,18,R1_Vent_Low.bdae,3630739,34196,bin,3abc9691f86debc5
l_thepit,19,Rock.bdae,3664935,17524,bin,f55144e323b1764d
l_thepit,20,RockPile2.bdae,3682459,282096,bin,fa88a1971e51d4d6
l_thepit,21,Room1.bdae,3964555,518808,bin,a49d49146e9b6b32
l_thepit,22,Room1_Collision.bdae,4483363,106676,bin,a04c428799825b6b
l_thepit,23,Room1_Coronas.bdae,4590039,38188,bin,cce7d82251fdd716
l_thepit,24,Room1_FlareLight.bdae,4628227,46340,bin,21bd92718817188b
l_thepit,25,Room1_FlareLight_Anim.bdae,4674567,157828,bin,10e4f4cc5419739d
l_thepit,26,Room1_LightRays.bdae,4832395,46972,bin,00b38bcf39add535
l_thepit,27,Room1_LightRays_Anim.bdae,4879367,254000,bin,181b605643d56660
l_thepit,28,Room1_Low.bdae,5133367,495952,bin,4ccd1475a0879f1b
l_thepit,29,Room1_refl.bdae,5629319,487772,bin,ec5509a28cd0b9e7
l_thepit,30,Room1_Water.bdae,6117091,35848,bin,8c2cf096a3e4376c
l_thepit,31,Room1_WaterDrop.bdae,6152939,45024,bin,f5d43dcc32432c27
l_thepit,32,Room1_WaterDrop_Anim.bdae,6197963,9556,bin,37a68b9df8d14ce5
l_thepit,33,Room2.bdae,6207519,1579244,bin,8f1ca11f52c236c3
l_thepit,34,Room2_Collision.bdae,7786763,363512,bin,b4a9cda5d0e1c363
l_thepit,35,Room2_Coronas.bdae,8150275,48288,bin,99c5840493b0ea81
l_thepit,36,Room2_Low.bdae,8198563,985416,bin,1fbcd3646b92a6d3
l_thepit,37,Room2_Valve1.bdae,9183979,39448,bin,4a812a0fa332801b
l_thepit,38,Room2_Valve1_Anim.bdae,9223427,2008,bin,4ff5d27bc2e890a3
l_thepit,39,Room2_Valve2.bdae,9225435,38748,bin,32b97517a4e829c5
l_thepit,40,Room2_Valve2_Anim.bdae,9264183,2008,bin,4ff5d27bc2e890a3
l_thepit,41,Room2_Vent.bdae,9266191,50984,bin,abda5ea4c911038f
l_thepit,42,Room2_Vent_Anim.bdae,9317175,3220,bin,e294fa72305b836c
l_thepit,43,Room2_Vent_Low.bdae,9320395,51172,bin,d31ac058f5a23ccd
l_thepit,44,Room3.bdae,9371567,1414564,bin,417ccc916952f2ce
l_thepit,45,Room3_AnimatedLight.bdae,10786131,53016,bin,b4c920022040708e
l_thepit,46,Room3_AnimatedLight_Anim.bdae,10839147,9092,bin,414449a4c3b41eab
l_thepit,47,Room3_Batman.bdae,10848239,485048,bin,146eaebfba1aa471
l_thepit,48,Room3_Batman_Collision.bdae,11333287,97232,bin,501340d9c3c63d24
l_thepit,49,Room3_Collision.bdae,11430519,251976,bin,fe2136a36f3b4e97
l_thepit,50,Room3_Coronas.bdae,11682495,33948,bin,5660f59eb3fd7a55
l_thepit,51,Room3_Door.bdae,11716443,33992,bin,e3b9a4fc5c0b2a60
l_thepit,52,Room3_Door_Anim.bdae,11750435,1320,bin,cd14ec4cd9778c51
l_thepit,53,Room3_Door_Collision.bdae,11751755,98924,bin,6336c6adcf98952c
l_thepit,54,Room3_Door_Low.bdae,11850679,34484,bin,0f6cbf44f9901297
l_thepit,55,Room3_LightBulb_Collision.bdae,11885163,99260,bin,38f96c222853fd72
l_thepit,56,Room3_LightBulb_Green.bdae,11984423,30556,bin,df878e2f0ccc3007
l_thepit,57,Room3_LightBulb_Green_Anim.bdae,12014979,2076,bin,e11628823a49ee9d
l_thepit,58,Room3_LightBulb_Off.bdae,12017055,29212,bin,fe1bca9e30f339b6
l_thepit,59,Room3_LightBulb_Red.bdae,12046267,31560,bin,344743b1e04cea05
l_thepit,60,Room3_LightBulb_Red_Anim.bdae,12077827,3328,bin,47b7ece155ac0bf9
l_thepit,61,Room3_Low.bdae,12081155,965120,bin,8e8efda115cd4b66
l_thepit,62,Room4.bdae,13046275,1312444,bin,7bd6974c1ec01c59
l_thepit,63,Room4_Chains_Anim.bdae,14358719,82412,bin,c7d3052c0d4a1ede
l_thepit,64,Room4_Chains_Morph.bdae,14441131,92020,bin,9e517a69d06db64e
l_thepit,65,Room4_Collision.bdae,14533151,191000,bin,d9f68089c60eab0b
l_thepit,66,Room4_Coronas.bdae,14724151,32924,bin,b3c2cdeb601e42bd
l_thepit,67,Room4_Low.bdae,14757075,1108552,bin,44ec69c8e6c9cf64
l_thepit,68,Room4_Smoke.bdae,15865627,43744,bin,d450e25ab81a4cc6
l_thepit,69,Room4_Smoke_Anim.bdae,15909371,250008,bin,ac82c508c408fb6f
l_thepit,70,Room4_Vent.bdae,16159379,42860,bin,4516940562650cb6
l_thepit,71,Room4_Vent_Anim.bdae,16202239,1948,bin,dc59ab2761125f24
l_thepit,72,Room4_Vent_Low.bdae,16204187,42880,bin,f4486abedc6b15ff
l_thepit,73,Room5.bdae,16247067,1903368,bin,31f6ca09c8d748fc
l_thepit,74,Room5_Collision.bdae,18150435,303748,bin,cdaea58b4685fad4
l_thepit,75,Room5_Coronas.bdae,18454183,155320,bin,d755d3ece165b00c
l_thepit,76,Room5_Gate.bdae,18609503,49320,bin,40bd61b0e20db1bd
l_thepit,77,Room5_Gate_Anim.bdae,18658823,52128,bin,735beec4f4b2ee7d
l_thepit,78,Room5_Low.bdae,18710951,1406316,bin,ef2ec34bc15d0264
l_thepit,79,Room6.bdae,20117267,1975744,bin,5122fa2cf4b5c04e
l_thepit,80,Room6_Collision.bdae,22093011,544416,bin,e5963e81bc72f125
l_thepit,81,Room6_Coronas.bdae,22637427,42872,bin,6566057f2bb8fafa
l_thepit,82,Room6_Gate.bdae,22680299,48392,bin,68ed00e84cee6027
l_thepit,83,Room6_Gate_Anim.bdae,22728691,49000,bin,1e646cd841eb80ab
l_thepit,84,Room6_Low.bdae,22777691,1185792,bin,bd7b2fc768a811f2
l_thepit,85,TP_Skybox.bdae,23963483,8708,bin,298dee925822782f
l_thepit,86,Tunel_1_2.bdae,23972191,618712,bin,ef42e3d8b6fb4928
l_thepit,87,Tunel_1_2_Collision.bdae,24590903,239100,bin,246102981243aabe
l_thepit,88,Tunel_1_2_Coronas.bdae,24830003,36640,bin,77a196fea8fe89b4
l_thepit,89,Tunel_1_2_Low.bdae,24866643,363164,bin,bdbc30097c52310a
l_thepit,90,Tunel_1_2_Picaturi.bdae,25229807,32340,bin,76a39310cc5adb3a
l_thepit,91,Tunel_1_2_Picaturi_Anim.bdae,25262147,4992,bin,a0f6d7a2fc67cceb
l_thepit,92,Tunel_2_3.bdae,25267139,694248,bin,3ade0527ed445bff
l_thepit,93,Tunel_2_3_Collision.bdae,25961387,101648,bin,3d412eb84fb15d41
l_thepit,94,Tunel_2_3_Low.bdae,26063035,520736,bin,67f2373081b8120a
l_thepit,95,Tunel_2_3_Picaturi.bdae,26583771,52872,bin,442ace0fe69e6b57
l_thepit,96,Tunel_2_3_Picaturi_Anim.bdae,26636643,13960,bin,dc14f85001e24eff
l_thepit,97,Tunel_3_4.bdae,26650603,594488,bin,05ab7ff83b66e411
l_thepit,98,Tunel_3_4_Collision.bdae,27245091,37012,bin,37a3e83c8f3fe401
l_thepit,99,Tunel_3_4_Coronas.bdae,27282103,34044,bin,778913fe0ff1ceeb
l_thepit,100,Tunel_3_4_Low.bdae,27316147,457352,bin,c35a86c90752f23a
l_thepit,101,Tunel_3_4_Picaturi.bdae,27773499,34460,bin,a1425eccb0e12eb9
l_thepit,102,Tunel_3_4_Picaturi_Anim.bdae,27807959,4496,bin,1d37cb82bbbae708
l_thepit,103,Tunel_4_5.bdae,27812455,512832,bin,be1e7467d7a3b2a9
l_thepit,104,Tunel_4_5_Collision.bdae,28325287,233728,bin,ac9d08d1f60598b9
l_thepit,105,Tunel_4_5_Coronas.bdae,28559015,163932,bin,a124886ea52065b2
l_thepit,106,Tunel_4_5_Gate.bdae,28722947,45632,bin,0abbb8871867f2db
l_thepit,107,Tunel_4_5_Gate_Anim.bdae,28768579,52128,bin,735beec4f4b2ee7d
l_thepit,108,Tunel_4_5_Low.bdae,28820707,492892,bin,1a96b5e0a9e37535
l_thepit,109,Tunel_5_6.bdae,29313599,298748,bin,b58f3d7902f284d2
l_thepit,110,Tunel_5_6_Collision.bdae,29612347,304580,bin,da792a9125dd41c3
l_thepit,111,Tunel_5_6_Coronas.bdae,29916927,42548,bin,350fdec9db4ba868
l_thepit,112,Tunel_5_6_Gate.bdae,29959475,36036,bin,f0fe90568cd4def6
l_thepit,113,Tunel_5_6_Gate_Anim.bdae,29995511,49000,bin,1e646cd841eb80ab
l_thepit,114,Tunel_5_6_Low.bdae,30044511,298676,bin,9f2ed75e95b7a420
l_thepit,115,thepit.lvc_200068.irr,30343187,7178,bin,67efbc7d8400faed
l_thepit,116,thepit.lvc_200068_low.irr,30350365,1994,bin,67efbc7d8400faed
l_thepit,117,thepit.lvc_200069.irr,30352359,3746,bin,7d07ce974f200ffd
l_thepit,118,thepit.lvc_200069_low.irr,30356105,1058,bin,7d07ce974f200ffd
l_thepit,119,thepit.lvc_200071.irr,30357163,4802,bin,8f9b1ecdb8cae1a3
l_thepit,120,thepit.lvc_200071_low.irr,30361965,1346,bin,8f9b1ecdb8cae1a3
l_thepit,121,thepit.lvc_200072.irr,30363311,3746,bin,639b495641fe6bd8
l_thepit,122,thepit.lvc_200072_low.irr,30367057,1058,bin,639b495641fe6bd8
l_thepit,123,thepit.lvc_200073.irr,30368115,34898,bin,6f944df25b9efa43
l_thepit,124,thepit.lvc_200073_low.irr,30403013,9554,bin,6f944df25b9efa43
l_thepit,125,thepit.lvc_200076.irr,30412567,446,bin,9c11b7f3fcab677e
l_thepit,126,thepit.lvc_200076_low.irr,30413013,158,bin,9c11b7f3fcab677e
l_thepit,127,thepit.lvc_200077.irr,30413171,446,bin,b82f9a5e67e36360
l_thepit,128,thepit.lvc_200077_low.irr,30413617,158,bin,b82f9a5e67e36360
l_thepit,129,thepit.lvc_200078.irr,30413775,314,bin,2a4db27f26f1fff7
l_thepit,130,thepit.lvc_200078_low.irr,30414089,122,bin,2a4db27f26f1fff7
l_thepit,131,thepit.lvc_200079.irr,30414211,314,bin,5b46d1b3584cd6bf
l_thepit,132,thepit.lvc_200079_low.irr,30414525,122,bin,5b46d1b3584cd6bf
l_thepit,133,thepit.lvc_200081.irr,30414647,9554,bin,fbe2c4d29b9afd2f
l_thepit,134,thepit.lvc_200081_low.irr,30424201,2642,bin,fbe2c4d29b9afd2f
l_thepit,135,thepit.lvc_200082.irr,30426843,2426,bin,89ced393e4a78c41
l_thepit,136,thepit.lvc_200082_low.irr,30429269,698,bin,89ced393e4a78c41
l_thepit,137,thepit.lvc_200083.irr,30429967,842,bin,89ced393e4a78c41
l_thepit,138,thepit.lvc_200083_low.irr,30430809,266,bin,89ced393e4a78c41
l_thepit,139,thepit.lvc_200084.irr,30431075,314,bin,164965e8fce821bc
l_thepit,140,thepit.lvc_200084_low.irr,30431389,122,bin,164965e8fce821bc
l_thepit,141,thepit.lvc_200085.irr,30431511,578,bin,6b1a55696f59b9c0
l_thepit,142,thepit.lvc_200085_low.irr,30432089,194,bin,6b1a55696f59b9c0
l_thepit,143,thepit.lvc_200086.irr,30432283,446,bin,744e883c47c13761
l_thepit,144,thepit.lvc_200086_low.irr,30432729,158,bin,744e883c47c13761
l_thepit,145,thepit.lvc_200087.irr,30432887,38066,bin,2e004384c0139a24
l_thepit,146,thepit.lvc_200087_low.irr,30470953,10418,bin,2e004384c0139a24
l_thepit,147,thepit.lvc_200088.irr,30481371,314,bin,0a3cbdc0da07669d
l_thepit,148,thepit.lvc_200088_low.irr,30481685,122,bin,0a3cbdc0da07669d
l_thepit,149,thepit.lvc_200089.irr,30481807,314,bin,2cbb860c480c1843
l_thepit,150,thepit.lvc_200089_low.irr,30482121,122,bin,2cbb860c480c1843
l_thepit,151,thepit.lvc_200090.irr,30482243,314,bin,f8dbf0ebcaed9a39
l_thepit,152,thepit.lvc_200090_low.irr,30482557,122,bin,f8dbf0ebcaed9a39
l_thepit,153,thepit.lvc_200091.irr,30482679,314,bin,25624d880fca80a0
l_thepit,154,thepit.lvc_200091_low.irr,30482993,122,bin,25624d880fca80a0
l_thepit,155,thepit.lvc_200092.irr,30483115,182,bin,a6cc262d19dcc10e
l_thepit,156,thepit.lvc_200092_low.irr,30483297,86,bin,a6cc262d19dcc10e
l_thepit,157,thepit.lvc_200093.irr,30483383,314,bin,da681981ba358a68
l_thepit,158,thepit.lvc_200093_low.irr,30483697,122,bin,da681981ba358a68
l_thepit,159,thepit.lvc_200094.irr,30483819,1106,bin,5fa022824c98138a
l_thepit,160,thepit.lvc_200094_low.irr,30484925,338,bin,5fa022824c98138a
l_thepit,161,thepit.lvc_200095.irr,30485263,446,bin,c70cbe46a783c1a3
l_thepit,162,thepit.lvc_200095_low.irr,30485709,158,bin,c70cbe46a783c1a3
l_thepit,163,thepit.lvc_200096.irr,30485867,182,bin,7cc82c63b02e3ca3
l_thepit,164,thepit.lvc_200096_low.irr,30486049,86,bin,7cc82c63b02e3ca3
l_thepit,165,thepit.lvc_200097.irr,30486135,182,bin,5adeb1f77cded3c7
l_thepit,166,thepit.lvc_200097_low.irr,30486317,86,bin,5adeb1f77cded3c7
l_thepit,167,thepit.lvc_200098.irr,30486403,314,bin,b8bb97f76d9b9e77
l_thepit,168,thepit.lvc_200098_low.irr,30486717,122,bin,b8bb97f76d9b9e77
l_thepit,169,thepit.lvc_200099.irr,30486839,314,bin,ed0076e505255dc9
l_thepit,170,thepit.lvc_200099_low.irr,30487153,122,bin,ed0076e505255dc9
l_thepit,171,thepit.lvc_200100.irr,30487275,842,bin,22e7d4733ffd348a
l_thepit,172,thepit.lvc_200100_low.irr,30488117,266,bin,22e7d4733ffd348a
l_thepit,173,thepit.lvc_200101.irr,30488383,106970,bin,ffd3fea25bdd3bfe
l_thepit,174,thepit.lvc_200101_low.irr,30595353,29210,bin,ffd3fea25bdd3bfe
l_thepit,175,thepit.lvc_200102.irr,30624563,139046,bin,c055f6fd97c85ba8
l_thepit,176,thepit.lvc_200102_low.irr,30763609,37958,bin,c055f6fd97c85ba8
l_thepit,177,thepit.lvc_200103.irr,30801567,64202,bin,9b13dc8a6462947b
l_thepit,178,thepit.lvc_200103_low.irr,30865769,17546,bin,9b13dc8a6462947b
l_thepit,179,thepit.lvc_200104.irr,30883315,64202,bin,3404172eb08bd22d
l_thepit,180,thepit.lvc_200104_low.irr,30947517,17546,bin,3404172eb08bd22d
l_thepit,181,thepit.lvc_200105.irr,30965063,5990,bin,03f0ad10ce0592ed
l_thepit,182,thepit.lvc_200105_low.irr,30971053,1670,bin,03f0ad10ce0592ed
l_thepit,183,thepit.lvc_200106.irr,30972723,4802,bin,96c46b9066184060
l_thepit,184,thepit.lvc_200106_low.irr,30977525,1346,bin,96c46b9066184060
l_thepit,185,thepit.lvc_200107.irr,30978871,4802,bin,5d769abeacbd14bc
l_thepit,186,thepit.lvc_200107_low.irr,30983673,1346,bin,5d769abeacbd14bc
l_thepit,187,thepit.lvc_200108.irr,30985019,1898,bin,7bb7454f060441b3
l_thepit,188,thepit.lvc_200108_low.irr,30986917,554,bin,7bb7454f060441b3
l_thepit,189,thepit.lvc_200109.irr,30987471,1634,bin,ef0fc9d9bae141a3
l_thepit,190,thepit.lvc_200109_low.irr,30989105,482,bin,ef0fc9d9bae141a3
l_thepit,191,thepit.lvc_200110.irr,30989587,842,bin,ffcb4927b71f41ed
l_thepit,192,thepit.lvc_200110_low.irr,30990429,266,bin,ffcb4927b71f41ed
l_thepit,193,thepit.lvc_200112.irr,30990695,2030,bin,26a665a59b267f60
l_thepit,194,thepit.lvc_200112_low.irr,30992725,590,bin,26a665a59b267f60
l_thepit,195,thepit.lvc_200113.irr,30993315,2822,bin,3a06463f8892bc9e
l_thepit,196,thepit.lvc_200113_low.irr,30996137,806,bin,3a06463f8892bc9e
l_thepit,197,thepit.lvc_200114.irr,30996943,11138,bin,74e815a41d0ede57
l_thepit,198,thepit.lvc_200114_low.irr,31008081,3074,bin,74e815a41d0ede57
l_thepit,199,thepit.lvc_200115.irr,31011155,6386,bin,9050c1836e71ef66
l_thepit,200,thepit.lvc_200115_low.irr,31017541,1778,bin,9050c1836e71ef66
l_thepit,201,thepit.lvc_200116.irr,31019319,2426,bin,9abffded9fac233c
l_thepit,202,thepit.lvc_200116_low.irr,31021745,698,bin,9abffded9fac233c
l_underground,0,ROOM_03_part1_dark.bdae,6997,363116,bin,83576d7dfeacdef7
l_underground,1,ROOM_03_part1_dark_low.bdae,370113,179580,bin,115a3dd02ce6bbc7
l_underground,2,ROOM_03_part1_light.bdae,549693,364172,bin,dc46b80277ce0804
l_underground,3,ROOM_03_part1_light_low.bdae,913865,179548,bin,60779cc68e0bf81b
l_underground,4,ROOM_03_part2_dark.bdae,1093413,370792,bin,9b54a68e0c8ca925
l_underground,5,ROOM_03_part2_dark_low.bdae,1464205,219808,bin,91ba04797dc1114f
l_underground,6,ROOM_03_part2_light.bdae,1684013,371844,bin,b15505d083bc7874
l_underground,7,ROOM_03_part2_light_low.bdae,2055857,219772,bin,b05450030897ed75
l_underground,8,ROOM_03_part3_dark.bdae,2275629,596388,bin,f7a6dac3a30ea351
l_underground,9,ROOM_03_part3_dark_low.bdae,2872017,415224,bin,17bf1705e1dbca46
l_underground,10,ROOM_03_part3_light.bdae,3287241,597396,bin,983f02bed25ddc09
l_underground,11,ROOM_03_part3_light_low.bdae,3884637,415144,bin,900c7be4c4d443ab
l_underground,12,ROOM_03_vent_animation.bdae,4299781,24288,bin,90becbf28aa963f7
l_underground,13,ROOM_03_vent_animation_anim.bdae,4324069,1924,bin,21b060052061f1b0
l_underground,14,ROOM_03_vent_animation_low.bdae,4325993,21612,bin,d91a9bf3808c09e1
l_underground,15,underground_anim_advertising.bdae,4347605,16232,bin,8e20641fc73f3d7e
l_underground,16,underground_anim_advertising2.bdae,4363837,16232,bin,8e20641fc73f3d7e
l_underground,17,underground_catwoman_electric_pannel_anim.bdae,4380069,712,bin,9e4c43582edbea48
l_underground,18,underground_catwoman_electric_pannel_morph.bdae,4380781,87000,bin,f0479678f17f42ae
l_underground,19,underground_catwoman_electric_pannel_morph_low.bdae,4467781,18160,bin,633f666fa845e08d
l_underground,20,underground_collision.bdae,4485941,148740,bin,42f3e618b715ea32
l_underground,21,underground_electric_pannell_anim.bdae,4634681,12300,bin,db8274dfdb178521
l_underground,22,underground_electric_pannell_morph.bdae,4646981,21976,bin,39c7dff607946d63
l_underground,23,underground_electric_pannell_morph_low.bdae,4668957,18160,bin,633f666fa845e08d
l_underground,24,underground_elevator.bdae,4687117,49516,bin,ee30be3f72938236
l_underground,25,underground_elevator_collision.bdae,4736633,7224,bin,27db8fdd930e8869
l_underground,26,underground_elevator_low.bdae,4743857,42156,bin,34a9992986028616
l_underground,27,underground_highgargoyle.bdae,4786013,54772,bin,b7ad04dadf12f743
l_underground,28,underground_highgargoyle_anim.bdae,4840785,2752,bin,157653ee40ddc01b
l_underground,29,underground_light_destroy.bdae,4843537,33324,bin,60973aef436cb48c
l_underground,30,underground_light_destroy_anim.bdae,4876861,34752,bin,8bbdd0db9584b860
l_underground,31,underground_light_destroy_anim_low.bdae,4911613,27236,bin,8f7e16c68f17f2bc
l_underground,32,underground_light_destroy_low.bdae,4938849,24388,bin,9dfa9358af0a929a
l_underground,33,underground_lowgargoyle.bdae,4963237,49940,bin,21f534645161cd96
l_underground,34,underground_lowgargoyle_anim.bdae,5013177,1624,bin,914802ffdbd889b7
l_underground,35,underground_mesh.bdae,5014801,1070424,bin,36c49431e043445e
l_underground,36,underground_mesh_low.bdae,6085225,717472,bin,9160e3aec8fa892b
l_underground,37,underground_panell_fall.bdae,6802697,25996,bin,fbde199e5a11184e
l_underground,38,underground_panell_fall_anim.bdae,6828693,6552,bin,b59ebc9bacafd0cb
l_underground,39,underground_panell_fall_collision_after.bdae,6835245,79732,bin,451a076c8f335b18
l_underground,40,underground_panell_fall_collision_initial.bdae,6914977,79768,bin,be607a4f285cf96a
l_underground,41,underground_panell_fall_low.bdae,6994745,24088,bin,f80a8f6871658381
l_underground,42,underground_poolwater.bdae,7018833,137008,bin,64a8d2a129af784d
l_underground,43,underground_poolwater_low.bdae,7155841,121904,bin,81cac129f1a5c86d
l_underground,44,underground_ROOM01_coronas.bdae,7277745,62372,bin,e22a7f77fa3aa64d
l_underground,45,underground_ROOM02.bdae,7340117,482912,bin,246c1eeb498908be
l_underground,46,underground_ROOM02_bars_gate.bdae,7823029,18156,bin,1d9aacfbe2b6d498
l_underground,47,underground_ROOM02_bars_gate_anim.bdae,7841185,824,bin,535ff204701704ea
l_underground,48,underground_ROOM02_bars_gate_collision.bdae,7842009,8228,bin,ff8a371e930855d4
l_underground,49,underground_ROOM02_bars_gate_low.bdae,7850237,10356,bin,34b567fa089b22c1
l_underground,50,underground_ROOM02_collision.bdae,7860593,29504,bin,6657dfad6a3d634a
l_underground,51,underground_ROOM02_coronas.bdae,7890097,33732,bin,46e76dd3e0be87a7
l_underground,52,underground_ROOM02_gate_door.bdae,7923829,18128,bin,31b7774cf189d686
l_underground,53,underground_ROOM02_gate_door_anim.bdae,7941957,848,bin,46af882a044157d2
l_underground,54,underground_ROOM02_gate_door_low.bdae,7942805,10328,bin,d1d3dfa081295d79
l_underground,55,underground_ROOM02_low.bdae,7953133,184344,bin,f0089413a224ceb6
l_underground,56,underground_ROOM02_ventanim.bdae,8137477,26816,bin,c4d0f769f5d12ac4
l_underground,57,underground_ROOM02_ventanim_anim.bdae,8164293,3136,bin,7ed1f4410e7c79e6
l_underground,58,underground_ROOM02_ventanim_low.bdae,8167429,19016,bin,3fe5ebc7779a98fd
l_underground,59,underground_ROOM03.bdae,8186445,54736,bin,64f185643265d195
l_underground,60,underground_ROOM03_collision.bdae,8241181,114380,bin,3314bc8b9249783a
l_underground,61,underground_ROOM03_water_reflection.bdae,8355561,102260,bin,27cbc7dafbe6da92
l_underground,62,underground_ROOM04.bdae,8457821,1031632,bin,01496f7509d00a81
l_underground,63,underground_ROOM04_collision.bdae,9489453,108308,bin,1851e783eb16c5d1
l_underground,64,underground_ROOM04_coronas.bdae,9597761,46712,bin,2935527d50533a61
l_underground,65,underground_ROOM04_low.bdae,9644473,797020,bin,160a68c3e50f4fc9
l_underground,66,underground_ROOM04_nopassing_fence.bdae,10441493,29212,bin,fe1bca9e30f339b6
l_underground,67,underground_ROOM04_nopassing_fence_col.bdae,10470705,73292,bin,70d40f92b7e7ac5c
l_underground,68,underground_ROOM04_pannell_fall_anim.bdae,10543997,9824,bin,63ffa423ed9e05b8
l_underground,69,underground_ROOM04_pannell_fall_collision.bdae,10553821,2592,bin,a245864bdb0080a2
l_underground,70,underground_ROOM04_pannell_fall_morph.bdae,10556413,113452,bin,6ef2fd6e3c459416
l_underground,71,underground_ROOM04_pannell_fall_morph_low.bdae,10669865,104072,bin,895848b4de5b0435
l_underground,72,underground_ROOM04_uv_anim_light.bdae,10773937,24340,bin,b04ffea374b636c8
l_underground,73,underground_ROOM04_ventanim.bdae,10798277,33836,bin,7c5ca97e3244fd05
l_underground,74,underground_ROOM04_ventanim_low.bdae,10832113,22904,bin,c81b7a3bbfe0df52
l_underground,75,underground_ROOM04_ventfall.bdae,10855017,24956,bin,ae99a11b699b6642
l_underground,76,underground_ROOM04_ventfall_anim.bdae,10879973,2800,bin,2aded8dc7c526416
l_underground,77,underground_ROOM04_ventfall_low.bdae,10882773,15936,bin,2a335f05cc96db1a
l_underground,78,underground_ROOM04_warning_light.bdae,10898709,21300,bin,5aa976f9009c5016
l_underground,79,underground_ROOM04_warning_light2.bdae,10920009,21300,bin,5aa976f9009c5016
l_underground,80,underground_ROOM05.bdae,10941309,1325664,bin,436bbca0eea202ea
l_underground,81,underground_ROOM05_collision.bdae,12266973,38556,bin,634e8114d7fd7b45
l_underground,82,underground_ROOM05_coronas.bdae,12305529,26260,bin,d61b63ab5b3cdc20
l_underground,83,underground_ROOM05_low.bdae,12331789,1338584,bin,e2396b7933532399
l_underground,84,underground_ROOM05_Reflection.bdae,13670373,37240,bin,116ecf1b2f574cef
l_underground,85,underground_ROOM05_wall_explosion.bdae,13707613,67604,bin,00ad8b85bb2d06fe
l_underground,86,underground_ROOM05_wall_explosion_anim.bdae,13775217,73508,bin,aa2cd59c699a1f0f
l_underground,87,underground_ROOM05_wall_explosion_collision.bdae,13848725,4064,bin,f0765a1d8759b7bf
l_underground,88,underground_ROOM05_wall_explosion_low.bdae,13852789,57272,bin,30ae086e7575236f
l_underground,89,underground_ROOM05_warning_light_anim.bdae,13910061,32740,bin,89bae3a9998e1636
l_underground,90,underground_ROOM_03_coronas.bdae,13942801,57788,bin,04091e87a683ee8e
l_underground,91,underground_smallgargoyles.bdae,14000589,20828,bin,e0267b20f21a1e78
l_underground,92,underground_train_collision.bdae,14021417,2604,bin,e30efb4ad278d528
l_underground,93,underground_train_light_interior.bdae,14024021,104852,bin,8eb6349dbe6a7a4e
l_underground,94,underground_train_light_interior_anim.bdae,14128873,12248,bin,951f077ffa6d1314
l_underground,95,underground_tunnel_01_02.bdae,14141121,185496,bin,fdff16df9f57a602
l_underground,96,underground_tunnel_01_02_collision.bdae,14326617,13188,bin,3d92ba9cc59e0bf7
l_underground,97,underground_tunnel_01_02_coronas.bdae,14339805,16384,bin,7223427458ca5e0c
l_underground,98,underground_tunnel_01_02_low.bdae,14356189,79432,bin,d4d58ee33f68e7b3
l_underground,99,underground_tunnel_02_03.bdae,14435621,201332,bin,1e093de64a2f172c
l_underground,100,underground_tunnel_02_03_collision.bdae,14636953,15448,bin,8272c885dac43166
l_underground,101,underground_tunnel_02_03_coronas.bdae,14652401,16384,bin,7223427458ca5e0c
l_underground,102,underground_tunnel_02_03_low.bdae,14668785,89848,bin,15205606a49a110e
l_underground,103,underground_tunnel_03_04.bdae,14758633,184328,bin,800200678831d3f2
l_underground,104,underground_tunnel_03_04_collision.bdae,14942961,11600,bin,83c7ad8b234c22ca
l_underground,105,underground_tunnel_03_04_coronas.bdae,14954561,21216,bin,4db2f77ec2c84111
l_underground,106,underground_tunnel_03_04_low.bdae,14975777,72788,bin,90a297788a6852e7
l_underground,107,underground_tunnel_04_05.bdae,15048565,160944,bin,3b28ecec55aeaff4
l_underground,108,underground_tunnel_04_05_collision.bdae,15209509,28180,bin,9e67f8ea1456836d
l_underground,109,underground_tunnel_04_05_coronas.bdae,15237689,24924,bin,5ae8d1ed43be671d
l_underground,110,underground_tunnel_04_05_low.bdae,15262613,152312,bin,d43c2e8f6aefcf69
l_underground,111,underground_water_surface.bdae,15414925,29192,bin,761a511858c4f652
l_underground,112,underground_window_collision.bdae,15444117,4972,bin,49e96b287d5b02d2
l_underground,113,underground.lvc_300475.irr,15449089,8498,bin,5f3203b747ff7ba1
l_underground,114,underground.lvc_300475_low.irr,15457587,2354,bin,5f3203b747ff7ba1
l_underground,115,underground.lvc_300476.irr,15459941,15890,bin,bfc60968e9776490
l_underground,116,underground.lvc_300476_low.irr,15475831,4370,bin,bfc60968e9776490
l_underground,117,underground.lvc_300477.irr,15480201,49154,bin,455661c652eb0ccd
l_underground,118,underground.lvc_300477_low.irr,15529355,13442,bin,455661c652eb0ccd
l_underground,119,underground.lvc_300478.irr,15542797,7178,bin,e6440a4ef02d50ff
l_underground,120,underground.lvc_300478_low.irr,15549975,1994,bin,e6440a4ef02d50ff
l_underground,121,underground.lvc_300479.irr,15551969,4010,bin,1e0f7edc81cbac75
l_underground,122,underground.lvc_300479_low.irr,15555979,1130,bin,1e0f7edc81cbac75
l_underground,123,underground.lvc_300480.irr,15557109,7442,bin,5f691543dec62e76
l_underground,124,underground.lvc_300480_low.irr,15564551,2066,bin,5f691543dec62e76
l_underground,125,underground.lvc_300481.irr,15566617,39650,bin,f6eb28f462e38d13
l_underground,126,underground.lvc_300481_low.irr,15606267,10850,bin,f6eb28f462e38d13
l_underground,127,underground.lvc_800002.irr,15617117,106970,bin,5c6830666e5cb3e2
l_underground,128,underground.lvc_800002_low.irr,15724087,29210,bin,5c6830666e5cb3e2
l_underground,129,underground.lvc_800003.irr,15753297,4802,bin,2d26863c48fea00d
l_underground,130,underground.lvc_800003_low.irr,15758099,1346,bin,2d26863c48fea00d
l_underground,131,underground.lvc_800004.irr,15759445,5330,bin,ca8c6d8a5334300c
l_underground,132,underground.lvc_800004_low.irr,15764775,1490,bin,ca8c6d8a5334300c
l_underground,133,underground.lvc_800005.irr,15766265,7442,bin,7c9ebbda9339aeae
l_underground,134,underground.lvc_800005_low.irr,15773707,2066,bin,7c9ebbda9339aeae
l_underground,135,underground.lvc_800006.irr,15775773,9554,bin,6bdc45b4f7021d08
l_underground,136,underground.lvc_800006_low.irr,15785327,2642,bin,6bdc45b4f7021d08
l_underground,137,underground.lvc_800007.irr,15787969,47570,bin,be6a18774c5efc3b
l_underground,138,underground.lvc_800007_low.irr,15835539,13010,bin,be6a18774c5efc3b
l_underground,139,underground.lvc_800010.irr,15848549,11930,bin,2bcb8e87854ba1cb
l_underground,140,underground.lvc_800010_low.irr,15860479,3290,bin,2bcb8e87854ba1cb
particlesystems,0,effects.bin,44,103014,bin,a88db52c3a45d938
sounds,0,bat.vxvs,132159,323057,vxa,595cb82122e479b4
sounds,1,BATCAVE_STORY_01.wav,455216,133638,riff,ace39f7c8637aac9
sounds,2,BATCAVE_STORY_02.wav,588854,48994,riff,545e7116edd5609a
sounds,3,BATCAVE_STORY_03.wav,637848,127094,riff,8cf8c1fcf22b00ae
sounds,4,BATCAVE_STORY_04.wav,764942,38108,riff,15084f9fe53982ab
sounds,5,BATCAVE_STORY_05.wav,803050,92898,riff,6d7157967f09a0f0
sounds,6,BATCAVE_STORY_06.wav,895948,46741,riff,79664c08d7ceec5a
sounds,7,BATCAVE_STORY_07.wav,942689,186249,riff,bea02e5069ef67ec
sounds,8,BATCAVE_STORY_08.wav,1128938,40902,riff,67659988b6d26c5f
sounds,9,BATCAVE_STORY_09.wav,1169840,130000,riff,9f743bc3a127db3c
sounds,10,BATCAVE_STORY_11.wav,1299840,77074,riff,38f0c1b674949869
sounds,11,BATCAVE_STORY_13.wav,1376914,8040,riff,6ab4f9a70b9db9f7
sounds,12,BATCAVE_STORY_15.wav,1384954,34893,riff,64912f27778fcb68
sounds,13,BATCAVE_STORY_17.wav,1419847,54623,riff,9bd3f32fb32e96d7
sounds,14,BATCAVE_STORY_18.wav,1474470,42316,riff,17839086d04ebee0
sounds,15,BATCAVE_STORY_19.wav,1516786,15717,riff,b46cbce41ad17ca9
sounds,16,BATMAN_ALFRED_BAR_1.wav,1532503,27638,riff,1fe6314d9ca312ea
sounds,17,BATMAN_ALFRED_BAR_2.wav,1560141,61799,riff,87642aa787ade959
sounds,18,BATMAN_ALFRED_BAR_3.wav,1621940,22545,riff,cb24295652931210
sounds,19,BATMAN_BLAKE_OUTRO_1.wav,1644485,16376,riff,c03c4b2258ea522f
sounds,20,BATMAN_BLAKE_OUTRO_2.wav,1660861,68548,riff,a060ac3b2dd8b57d
sounds,21,BATMAN_BLAKE_OUTRO_3.wav,1729409,60668,riff,484633c67dc77bd7
sounds,22,BATMAN_BLAKE_OUTRO_4.wav,1790077,95777,riff,b13512f264d83c25
sounds,23,BATMAN_BLAKE_OUTRO_5.wav,1885854,9603,riff,fb6bf772d0cac5b0
sounds,24,BATMAN_BLAKE_OUTRO_6.wav,1895457,85898,riff,a1b8efe08a783e16
sounds,25,BATMAN_SELINA_BAR_1.wav,1981355,62635,riff,c786d68dc584b3ba
sounds,26,BATMAN_SELINA_BAR_10.wav,2043990,18284,riff,da13433f676560a6
sounds,27,BATMAN_SELINA_BAR_1_Alt_a.wav,2062274,116514,riff,49f7827b2ee1d56d
sounds,28,BATMAN_SELINA_BAR_1_Alt_b.wav,2178788,82541,riff,31ccc94e35fa53f4
sounds,29,BATMAN_SELINA_BAR_1_Alt_c.wav,2261329,49590,riff,15cfba8cefdf35a6
sounds,30,BATMAN_SELINA_BAR_2.wav,2310919,90139,riff,b1793f29375c5633
sounds,31,BATMAN_SELINA_BAR_3.wav,2401058,48660,riff,847b2696a0727a24
sounds,32,BATMAN_SELINA_BAR_4.wav,2449718,127248,riff,d7fd187e84c58bd5
sounds,33,BATMAN_SELINA_BAR_5.wav,2576966,159113,riff,0be35cf527bfa2a6
sounds,34,BATMAN_SELINA_BAR_6.wav,2736079,57245,riff,734facac4a7f79c0
sounds,35,BATMAN_SELINA_BAR_7.wav,2793324,12975,riff,2f4618559f845886
sounds,36,BATMAN_SELINA_BAR_8.wav,2806299,75012,riff,212321dcd5c8c75e
sounds,37,BATMAN_SELINA_BAR_9.wav,2881311,69545,riff,f3dd2ab1921ae247
sounds,38,BATMAN_UNAMED_1.wav,2950856,18418,riff,8db9ade4fc9d0ed2
sounds,39,BATMAN_UNAMED_2.wav,2969274,17286,riff,04c53cbbcbb31423
sounds,40,BATMAN_UNAMED_3.wav,2986560,33742,riff,cd8f87ef233bce10
sounds,41,BATMAN_UNNAMED_01.wav,3020302,60815,riff,af587f43ccbef435
sounds,42,BATMAN_UNNAMED_02.wav,3081117,63430,riff,952c6fab5b6e3f12
sounds,43,batpod.vxvs,3144547,834622,vxa,595cb82122e479b4
sounds,44,CHAPTER_3_BRIEFING03.wav,3979169,57338,riff,2771c8cf654a911e
sounds,45,CHAPTER_3_BRIEFING_01.wav,4036507,66341,riff,5071941c49fb0e20
sounds,46,CHAPTER_3_BRIEFING_02.wav,4102848,24530,riff,e9957ecaca601dac
sounds,47,CHAPTER_3_BRIEFING_04.wav,4127378,102211,riff,6f8a7b05c1835b2a
sounds,48,CHAPTER_3_BRIEFING_05.wav,4229589,9905,riff,a43bce1bc0dad563
sounds,49,CHAPTER_3_BRIEFING_07.wav,4239494,122531,riff,184954e6f5c131b3
sounds,50,CHAPTER_3_BRIEFING_08.wav,4362025,85806,riff,9d8deed138d22900
sounds,51,CHAPTER_3_BRIEFING_09.wav,4447831,29455,riff,37ad0447aad1e53d
sounds,52,CHAPTER_3_BRIEFING_10.wav,4477286,96181,riff,ed143253d2d62147
sounds,53,CHASE_CHAT_11.wav,4573467,35937,riff,a084a1e83a53a0b2
sounds,54,CHASE_CHAT_12.wav,4609404,20592,riff,e0b2687043f59777
sounds,55,CHASE_CHAT_13.wav,4629996,45143,riff,7d574de35183a058
sounds,56,CHASE_CHAT_14.wav,4675139,24884,riff,9c54afbe5dd1d17a
sounds,57,CHASE_CHAT_15.wav,4700023,22362,riff,30fef889c8dc77a9
sounds,58,CHASE_SIDE_MISSION_1_1.wav,4722385,73630,riff,4c1dbdf9f2e2ed80
sounds,59,CHASE_SIDE_MISSION_1_2.wav,4796015,12204,riff,94cb73b9daba4425
sounds,60,CHASE_SIDE_MISSION_1_3.wav,4808219,13097,riff,8b6bc5efc9f4d13e
sounds,61,CHASE_SIDE_MISSION_1_4.wav,4821316,43500,riff,62d326e11d7922d7
sounds,62,CHASE_SIDE_MISSION_2_1.wav,4864816,51811,riff,2d0eb6696c51c84a
sounds,63,CHASE_SIDE_MISSION_2_2.wav,4916627,58415,riff,41e459ccba14e069
sounds,64,CHASE_SIDE_MISSION_2_6.wav,4975042,14428,riff,515e33b94d756da3
sounds,65,CHASE_SIDE_MISSION_2_7.wav,4989470,12989,riff,8ea5412a688e075a
sounds,66,CHASE_SIDE_MISSION_2_8.wav,5002459,60925,riff,247b406fd55f50d7
sounds,67,CHASE_SIDE_MISSION_3_1.wav,5063384,45847,riff,bd2508121eed74de
sounds,68,CHASE_SIDE_MISSION_3_2.wav,5109231,43154,riff,650d3f3221e8ca74
sounds,69,CHASE_SIDE_MISSION_3_5.wav,5152385,32030,riff,749eb9bb666d8b6e
sounds,70,CHASE_SIDE_MISSION_3_6.wav,5184415,46557,riff,6276e96bbbc3e41d
sounds,71,CLEANING_HOUSE_01.wav,5230972,40364,riff,7a9cc35e543222a7
sounds,72,CLEANING_HOUSE_02.wav,5271336,220019,riff,e13dfce999c152ad
sounds,73,CLEANING_HOUSE_03.wav,5491355,73599,riff,7ba7ca6a5cfd5c3d
sounds,74,CLEANING_HOUSE_04.wav,5564954,117642,riff,4a0e5b1310a35115
sounds,75,CLEANING_HOUSE_05.wav,5682596,19687,riff,f73f5a94dfff9303
sounds,76,CLEANING_HOUSE_06.wav,5702283,39382,riff,72487013f12f8b27
sounds,77,CLEANING_HOUSE_07.wav,5741665,30623,riff,ea787268816301c7
sounds,78,CLEANING_HOUSE_08.wav,5772288,138682,riff,e8e0bb4e558f528f
sounds,79,CLEANING_HOUSE_09.wav,5910970,78756,riff,3b98d4da1b7890ee
sounds,80,CLEANING_HOUSE_10.wav,5989726,115230,riff,314845d06a9e3d93
sounds,81,CLEANING_HOUSE_11.wav,6104956,131678,riff,bd4fd7c8ad1b0f7c
sounds,82,CLEANING_HOUSE_12.wav,6236634,80791,riff,cb0e1b2954217596
sounds,83,CLEANING_HOUSE_13.wav,6317425,128948,riff,89dcbfeae840e2d8
sounds,84,CLEANING_HOUSE_14.wav,6446373,145909,riff,b34f7dbea5c6c029
sounds,85,CLEANING_HOUSE_15.wav,6592282,65191,riff,93cd399aa9fa9fa9
sounds,86,CLEANING_HOUSE_16.wav,6657473,144352,riff,7881710d6fef5a44
sounds,87,CLEANING_HOUSE_17.wav,6801825,27210,riff,c5ebde3d9cee96d6
sounds,88,CLEANING_HOUSE_18.wav,6829035,26862,riff,f031ff7b07abe4c5
sounds,89,CLEANING_HOUSE_19.wav,6855897,74414,riff,3014b667e327b0a2
sounds,90,CLEANING_HOUSE_20.wav,6930311,76650,riff,d63588a197cee4a9
sounds,91,CLEANING_HOUSE_21.wav,7006961,88865,riff,3d074969f2588b58
sounds,92,CLEANING_HOUSE_22.wav,7095826,33208,riff,7ed217d997277583
sounds,93,CLEANING_HOUSE_23.wav,7129034,82704,riff,1a0a40b086afdd44
sounds,94,CLEANING_HOUSE_24.wav,7211738,51812,riff,48ea68aaa8f3a2c6
sounds,95,CLEANING_HOUSE_25.wav,7263550,94099,riff,c22f264bf3d2aab2
sounds,96,CLEANING_HOUSE_26.wav,7357649,75656,riff,ef67b9f4f0213e55
sounds,97,CLEANING_HOUSE_27.wav,7433305,38846,riff,4302d255f9acb416
sounds,98,CLEANING_HOUSE_28.wav,7472151,83468,riff,52e1888c25f08683
sounds,99,CLEANING_HOUSE_29.wav,7555619,38127,riff,f335e5ff94be0ff0
sounds,100,CLEANING_HOUSE_30.wav,7593746,45898,riff,be520876d7808691
sounds,101,CLEANING_HOUSE_31.wav,7639644,32707,riff,ae1574b8621fec29
sounds,102,CLEANING_HOUSE_32.wav,7672351,47136,riff,a36cf9dca5328eca
sounds,103,CLEANING_HOUSE_33.wav,7719487,67739,riff,86192d3ac0c32117
sounds,104,CLEANING_HOUSE_34.wav,7787226,28290,riff,2050daf643b8aea7
sounds,105,CLEANING_HOUSE_35.wav,7815516,19570,riff,90dc75fb5539d8e4
sounds,106,CLEANING_HOUSE_36.wav,7835086,48926,riff,0b4e78ecc83d84c0
sounds,107,CLEANING_HOUSE_37.wav,7884012,22178,riff,492d325e1e07b357
sounds,108,CLEANING_HOUSE_38.wav,7906190,30858,riff,78f2cdd5c59b8b63
sounds,109,CLEANING_HOUSE_39.wav,7937048,8972,riff,61b0a9abf41dc718
sounds,110,CLEANING_HOUSE_40.wav,7946020,32608,riff,e5ecc73afdd8dff7
sounds,111,CLEANING_HOUSE_41.wav,7978628,20245,riff,8e4173eb240c9ace
sounds,112,CLEANING_HOUSE_42.wav,7998873,23931,riff,07606e7dd296cd10
sounds,113,CLEANING_HOUSE_43.wav,8022804,47778,riff,338012a608ba76f9
sounds,114,CLEANING_HOUSE_44.wav,8070582,41834,riff,463e75d148636b0a
sounds,115,CLEANING_HOUSE_45.wav,8112416,44780,riff,b04c1e8a309f41b5
sounds,116,CLEANING_HOUSE_46.wav,8157196,39665,riff,bdf649ab46ca33fa
sounds,117,CLEANING_HOUSE_47.wav,8196861,30617,riff,e1915a160d2856b6
sounds,118,CLEANING_HOUSE_49.wav,8227478,32658,riff,fea645269a1b3328
sounds,119,CLEANING_HOUSE_50.wav,8260136,26986,riff,9795b1f9b69b8b3a
sounds,120,CLEANING_HOUSE_51.wav,8287122,44996,riff,f3b10730e2c9864b
sounds,121,CRANE_GAS_CINE_01.wav,8332118,101440,riff,a9efdf9d52d9233d
sounds,122,CRANE_GAS_CINE_02.wav,8433558,23231,riff,c6bf533ce9c83f1d
sounds,123,CRANE_GAS_CINE_03.wav,8456789,53697,riff,cc45edaba09f9168
sounds,124,CRANE_GAS_CINE_04.wav,8510486,106922,riff,2c075c2456f60b60
sounds,125,CRANE_GAS_CINE_05.wav,8617408,71408,riff,8c9c81babbe241da
sounds,126,CRANE_GAS_CINE_06.wav,8688816,97930,riff,07d59b1e4fec6fa6
sounds,127,CRANE_GAS_CINE_07.wav,8786746,91402,riff,a5237ecdd7930f61
sounds,128,CRANE_GAS_CINE_08.wav,8878148,101401,riff,687f1469271ce7a6
sounds,129,CRANE_GAS_CINE_09.wav,8979549,127283,riff,ceb1a3fe727eca10
sounds,130,C_DIALOGUE2_1.wav,9106832,21770,riff,59e6f141026a99f8
sounds,131,C_DIALOGUE2_2.wav,9128602,18401,riff,c2b1c708d8fc2f8c
sounds,132,C_DIALOGUE3_1.wav,9147003,32087,riff,c01bafb1fb86587f
sounds,133,C_DIALOGUE3_2.wav,9179090,22226,riff,d072b7f14da7a7e0
sounds,134,C_DIALOGUE3_3.wav,9201316,11040,riff,495ff2515f22a376
sounds,135,C_HOSTAGEINTRO04.wav,9212356,181894,riff,7a40fcf7f04d1bc5
sounds,136,C_HOSTAGEINTRO05.wav,9394250,18978,riff,fe093b6879ea697e
sounds,137,C_HOSTAGEINTRO09.wav,9413228,11498,riff,3573a2e6da4bfc38
sounds,138,C_HOSTAGEINTRO16.wav,9424726,14588,riff,fe41ab3a9934ea9b
sounds,139,C_HOSTAGEINTRO17.wav,9439314,26643,riff,1d59f68b37ddf236
sounds,140,C_HOSTAGEINTRO18.wav,9465957,74744,riff,4ebe6c73dfe47e52
sounds,141,C_HOSTAGEINTRO19.wav,9540701,33884,riff,793d8de2a3458eda
sounds,142,C_HOSTAGEINTRO23.wav,9574585,65419,riff,320294f2b228a985
sounds,143,C_HOSTAGEINTRO25.wav,9640004,15450,riff,cd4d4268e5049ca7
sounds,144,C_HOSTAGEINTRO26.wav,9655454,25717,riff,bc2ee5e23bdf18f8
sounds,145,C_HOSTAGEINTRO27.wav,9681171,12446,riff,e51f039948ac35f2
sounds,146,C_HOSTAGEINTRO28.wav,9693617,37176,riff,a8e1b9135900a348
sounds,147,C_HOSTAGEINTRO29.wav,9730793,84614,riff,d473adfd7749a898
sounds,148,C_HOSTAGEINTRO30.wav,9815407,52815,riff,571479018b52506a
sounds,149,C_HOSTAGEINTRO31.wav,9868222,91876,riff,e1ba5861b4b6acc7
sounds,150,C_INTROLEVEL_CUTSCENE_1.wav,9960098,15242,riff,10eda30c2f02be25
sounds,151,C_INTROLEVEL_CUTSCENE_2.wav,9975340,61488,riff,a7e353f916a74d14
sounds,152,C_INTROLEVEL_CUTSCENE_3.wav,10036828,84399,riff,e139749ceed417f7
sounds,153,C_MONOLOGUE18.wav,10121227,56159,riff,8992f1b70cdd68dd
sounds,154,C_MONOLOGUE19.wav,10177386,39736,riff,52c663b26ed1a304
sounds,155,C_MONOLOGUE2.wav,10217122,44333,riff,902716ed337302c0
sounds,156,C_MONOLOGUE20.wav,10261455,90698,riff,f658a368e7c3cbac
sounds,157,C_MONOLOGUE24.wav,10352153,40558,riff,3b59970dd5676610
sounds,158,C_MONOLOGUE26.wav,10392711,38744,riff,a664935b19290c04
sounds,159,C_MONOLOGUE27.wav,10431455,68762,riff,8cc445ba3c67cb22
sounds,160,C_MONOLOGUE4.wav,10500217,88203,riff,780fdc97cbd436f5
sounds,161,C_STOCKEXCHANGE_TRANZITION1.wav,10588420,50638,riff,3f139238f7f84d83
sounds,162,C_STOCKEXCHANGE_TRANZITION2.wav,10639058,36082,riff,ee81261aa5215fe5
sounds,163,C_STOCKEXCHANGE_TRANZITION2_a.wav,10675140,19109,riff,2084fb111773db1b
sounds,164,C_STOCKEXCHANGE_TRANZITION3.wav,10694249,59859,riff,94375da5dfc1e2e9
sounds,165,C_STOCKEXCHANGE_TRANZITION7.wav,10754108,93221,riff,7ed0f6c2cd998513
sounds,166,C_STOCKEXCHANGE_TRANZITION8.wav,10847329,48067,riff,2ab0c7573520c8cd
sounds,167,DECRYPTION_PT4_01.wav,10895396,129162,riff,7c50e904102667af
sounds,168,DECRYPTION_PT4_02.wav,11024558,79505,riff,3b22e73717f12357
sounds,169,DECRYPTION_PT4_03.wav,11104063,17146,riff,16c08c5418123b43
sounds,170,DECRYPTION_PT4_04.wav,11121209,56960,riff,afc8e2171a201f66
sounds,171,DECRYPTION_PT4_05.wav,11178169,72157,riff,3d482e9210cd482a
sounds,172,DECRYPTION_PT4_06.wav,11250326,23294,riff,54e16d394f792732
sounds,173,DECRYPTION_PT4_07.wav,11273620,61640,riff,d5994a39515bac93
sounds,174,DECRYPTION_PT4_08.wav,11335260,14498,riff,7eacdcdabb8f26d5
sounds,175,DECRYPTION_PT4_08_alt.wav,11349758,28695,riff,4c21d1f9067d81af
sounds,176,DECRYPTION_PT4_09.wav,11378453,52546,riff,7644de2bbe4a0f6e
sounds,177,DECRYPTION_PT4_11.wav,11430999,89938,riff,1ec40ab1a2e4f31f
sounds,178,DECRYPTION_PT4_12.wav,11520937,68562,riff,9cf968d3e1fd2260
sounds,179,DECRYPTION_PT4_13.wav,11589499,48173,riff,d5cebd588db0c132
sounds,180,DECRYPTION_PT4_14.wav,11637672,65431,riff,dc9c3a8c9627be4f
sounds,181,DECRYPTION_PT4_15.wav,11703103,25361,riff,b248480fcaf08ecb
sounds,182,DECRYPTION_PT4_16.wav,11728464,54035,riff,4c89b15d361ad03d
sounds,183,DECRYPTION_PT4_17.wav,11782499,67813,riff,54cda127d6525e2d
sounds,184,DECRYPTION_PT4_18.wav,11850312,94881,riff,a584343e33a4842c
sounds,185,DECRYPTION_PT4_19.wav,11945193,16676,riff,ddc9bb0dbd1e7d93
sounds,186,DECRYPTION_PT4_20.wav,11961869,28581,riff,43380709382a77d9
sounds,187,DECRYPTION_PT4_21.wav,11990450,10299,riff,5747960a4c801192
sounds,188,DECRYPTION_PT4_22.wav,12000749,29302,riff,7d5f7c54e843f236
sounds,189,DECRYPTION_PT4_23.wav,12030051,37397,riff,eb8a39a0b278e5cd
sounds,190,DECRYPTION_PT4_24.wav,12067448,32475,riff,44ccf6ddb4bab34f
sounds,191,DECRYPTION_PT4_25.wav,12099923,22183,riff,333c4ddcfd848eb1
sounds,192,DIRTYCOP_DIALOGUE_04.wav,12122106,70494,riff,263484bafe770f10
sounds,193,DIRTYCOP_DIALOGUE_05.wav,12192600,85013,riff,1b150154d25ca7a3
sounds,194,DIRTYCOP_DIALOGUE_09.wav,12277613,30107,riff,c3e1c771b324e12e
sounds,195,DIRTYCOP_DIALOGUE_11.wav,12307720,43862,riff,83d7347c897d113a
sounds,196,DIRTYCOP_DIALOGUE_13.wav,12351582,25887,riff,481c47998f60f673
sounds,197,DIRTYCOP_DIALOGUE_14.wav,12377469,55424,riff,bcab0c3adb0dcbf1
sounds,198,DIRTYCOP_DIALOGUE_15.wav,12432893,48910,riff,70f2484e14964c50
sounds,199,DIRTYCOP_HINT_01.wav,12481803,35305,riff,4169c82c41b55747
sounds,200,DIRTYCOP_TOO_CLOSE.wav,12517108,13137,riff,919cd7767230c093
sounds,201,DIRTYCOP_TOO_FAR.wav,12530245,14605,riff,119f35dc376b1a96
sounds,202,END_CINE_01.wav,12544850,23622,riff,d977aa6b0d256cef
sounds,203,END_CINE_02.wav,12568472,72353,riff,11ba8063221e1a75
sounds,204,END_CINE_03.wav,12640825,107659,riff,0c7ab1e45ec91620
sounds,205,END_CINE_04.wav,12748484,36055,riff,371c8a9a81cfc904
sounds,206,FFP_FIGHT_DINER_1.wav,12784539,35327,riff,b0f464435aa7a153
sounds,207,FIFTH_ROOM_MESSAGE_01.wav,12819866,27936,riff,0d9fe67616e9c187
sounds,208,FIFTH_ROOM_MESSAGE_02.wav,12847802,94503,riff,e05cd9f4d29231ed
sounds,209,FIFTH_ROOM_MESSAGE_03.wav,12942305,18190,riff,61c3400ffee52537
sounds,210,FIFTH_ROOM_MESSAGE_04.wav,12960495,31073,riff,ca099ad68f1dfe87
sounds,211,FLY_SIDE_MISSION_1_1.wav,12991568,54038,riff,fa300433dee9730b
sounds,212,FLY_SIDE_MISSION_1_2.wav,13045606,41004,riff,bb14726344aea338
sounds,213,FLY_SIDE_MISSION_1_3.wav,13086610,32662,riff,55d8afd9a84986ba
sounds,214,FLY_SIDE_MISSION_1_4.wav,13119272,15203,riff,5a6f52e09a6863c9
sounds,215,FOURTH_ROOM_MESSAGE_01.wav,13134475,37556,riff,f605cb34c1173e1a
sounds,216,FOURTH_ROOM_MESSAGE_02.wav,13172031,43587,riff,9c8d6242d068d86b
sounds,217,FPP_INTRO_CINEMATIC_1.wav,13215618,40386,riff,ae528db079c25f90
sounds,218,FPP_INTRO_CINEMATIC_2.wav,13256004,191634,riff,0011adbb18f07101
sounds,219,FPP_STOCKEXCHANGE_EXT_1.wav,13447638,42014,riff,8c3521347072c35e
sounds,220,FPP_STOCKEXCHANGE_EXT_2.wav,13489652,54144,riff,14da3828dd235594
sounds,221,FPP_STOCKEXCHANGE_EXT_3.wav,13543796,10961,riff,611dff8c8fea6e8d
sounds,222,FPP_STOCKEXCHANGE_EXT_4.wav,13554757,83927,riff,8f3bdbb3e201cc76
sounds,223,FPP_STOCKEXCHANGE_EXT_5.wav,13638684,41135,riff,54bedbcdc8252c7a
sounds,224,FPP_STOCKEXCHANGE_EXT_6.wav,13679819,48450,riff,0399f53c64dd7bfe
sounds,225,FPP_STOCKEXCHANGE_EXT_7.wav,13728269,40980,riff,987b43ab2b4e3957
sounds,226,FPP_ZOOM_GADGET_3.wav,13769249,49294,riff,52bc23110dbf349d
sounds,227,FPP_ZOOM_GADGET_4.wav,13818543,26375,riff,260cd107cd854af4
sounds,228,GOOSE_CHASE_01.wav,13844918,84106,riff,4e4f04d3e5ace517
sounds,229,GOOSE_CHASE_02.wav,13929024,78836,riff,db9d3a769345fbd6
sounds,230,GOOSE_CHASE_03.wav,14007860,19785,riff,e22a7729959ad7b5
sounds,231,GOOSE_CHASE_04.wav,14027645,107798,riff,bd6fd883b8562b54
sounds,232,GOOSE_CHASE_05.wav,14135443,82803,riff,c2112dcdbccca777
sounds,233,GOOSE_CHASE_06.wav,14218246,15677,riff,3ad2cc0969814ca0
sounds,234,GOOSE_CHASE_08.wav,14233923,71560,riff,265dafbf7733a95e
sounds,235,GOOSE_CHASE_10.wav,14305483,28763,riff,9963d8261a12f93c
sounds,236,GOOSE_CHASE_11.wav,14334246,20037,riff,73439bc390b92674
sounds,237,GOOSE_CHASE_12.wav,14354283,23902,riff,3789be891730ef6a
sounds,238,GOOSE_CHASE_12_ALT_a.wav,14378185,99065,riff,a370df494f32fac7
sounds,239,GOOSE_CHASE_13.wav,14477250,81534,riff,6be2b9360a5b2d14
sounds,240,GOOSE_CHASE_13_ALT.wav,14558784,87210,riff,40cab47f1cf3f81d
sounds,241,GOOSE_CHASE_13_ALT_a.wav,14645994,88761,riff,92387655825cc631
sounds,242,GOOSE_CHASE_13_ALT_b.wav,14734755,87350,riff,b97fb51908372345
sounds,243,GOOSE_CHASE_15.wav,14822105,71550,riff,a111764b195d768a
sounds,244,GOOSE_CHASE_16.wav,14893655,48220,riff,d1bb0b2300c0ff51
sounds,245,GOOSE_CHASE_17.wav,14941875,41640,riff,4efebfd1c3969295
sounds,246,GOOSE_CHASE_18.wav,14983515,206720,riff,4ca583ff6ee2c9d4
sounds,247,GOOSE_CHASE_19.wav,15190235,138260,riff,a16490e85d3aab41
sounds,248,GOOSE_CHASE_21.wav,15328495,96039,riff,716bec5f378baa17
sounds,249,GOOSE_CHASE_22.wav,15424534,59863,riff,2260697a553e5e93
sounds,250,GOOSE_CHASE_23.wav,15484397,46316,riff,a9dc28f5763b0027
sounds,251,HINT_4.wav,15530713,26545,riff,63c25bacbd26dabd
sounds,252,HINT_5.wav,15557258,33073,riff,dd0a1e7b508eaebd
sounds,253,HINT_6.wav,15590331,32022,riff,55fdf07709a485dd
sounds,254,HINT_7.wav,15622353,11786,riff,96210d230c2040f9
sounds,255,INTRO_CINE_01.wav,15634139,74891,riff,a5b2e444e6b8d804
sounds,256,INTRO_CINE_02.wav,15709030,119583,riff,82f87ae4bdbba1d1
sounds,257,INTRO_CINE_03.wav,15828613,51668,riff,d1ad8cbc2e2e1fd2
sounds,258,INTRO_CINE_04.wav,15880281,11647,riff,211fba3ac3ef42d2
sounds,259,INTRO_CINE_05.wav,15891928,104854,riff,309e5392aa862e1d
sounds,260,INTRO_CINE_06.wav,15996782,32686,riff,41351487cca0900f
sounds,261,INTRO_CINE_08.wav,16029468,23613,riff,20445cd8b83ce0c6
sounds,262,INTRO_CINE_09.wav,16053081,49520,riff,f8a22eece38d8979
sounds,263,INTRO_CINE_10.wav,16102601,8900,riff,04bd25d4dbdc6928
sounds,264,INTRO_CINE_11.wav,16111501,33144,riff,49be40e8f1271611
sounds,265,INTRO_CINE_12.wav,16144645,25362,riff,684dcc50503fed08
sounds,266,INTRO_CINE_13.wav,16170007,66141,riff,c492ccfba5c84df7
sounds,267,INTRO_CINE_14.wav,16236148,14622,riff,a654223e05789800
sounds,268,INTRO_CINE_15.wav,16250770,132157,riff,b026554b99145b77
sounds,269,JOES_BAR_COP_01.wav,16382927,25060,riff,56af6e03621d4981
sounds,270,JOES_BAR_COP_02.wav,16407987,69698,riff,e250ddfe31435d5a
sounds,271,JOES_BAR_COP_02_ALT.wav,16477685,74296,riff,13c109e34d9ed1bf
sounds,272,JOES_BAR_COP_03.wav,16551981,32797,riff,85d76615e9ef9267
sounds,273,LAST_HOSTAGE_SAVED_01.wav,16584778,53028,riff,cb9e6ba86804f674
sounds,274,LUCIUS_BRIEF_CANISTERS_01.wav,16637806,34670,riff,2ac424c8a896c440
sounds,275,LUCIUS_BRIEF_CANISTERS_02.wav,16672476,120530,riff,6d80169ebb5fae8d
sounds,276,LUCIUS_BRIEF_CANISTERS_03.wav,16793006,69580,riff,2e798305252c98ea
sounds,277,LUCIUS_BRIEF_CANISTERS_04.wav,16862586,22107,riff,47949e835ff236b0
sounds,278,LUCIUS_BRIEF_HELICOPTERS_01.wav,16884693,177130,riff,972ef498dfcceb8b
sounds,279,LUCIUS_BRIEF_HELICOPTERS_01_alt.wav,17061823,164706,riff,fc9097278405c23d
sounds,280,LUCIUS_BRIEF_HELICOPTERS_02.wav,17226529,46666,riff,462dbc8711bb54eb
sounds,281,LUCIUS_BRIEF_HELICOPTERS_03.wav,17273195,173966,riff,5355f6c3eb2afdcd
sounds,282,LUCIUS_BRIEF_HELICOPTERS_04.wav,17447161,88024,riff,bab73a438b84a42b
sounds,283,LUCIUS_BRIEF_HELICOPTERS_05.wav,17535185,14538,riff,3886d88ed81fecec
sounds,284,LUCIUS_BRIEF_HELICOPTERS_06.wav,17549723,49354,riff,259f00fed12e28da
sounds,285,LUCIUS_BRIEF_HELICOPTERS_07.wav,17599077,27117,riff,ddb96c796d866a6c
sounds,286,LUCIUS_BRIEF_HELICOPTERS_08.wav,17626194,179239,riff,177417675d995f98
sounds,287,LUCIUS_BRIEF_HELICOPTERS_09.wav,17805433,16819,riff,e62a190518210a27
sounds,288,MASTER_SWITCH.wav,17822252,63522,riff,eccce51c4af7d800
sounds,289,MC_INTRO_01.wav,17885774,24970,riff,1ed16c23723e8f34
sounds,290,MC_INTRO_02.wav,17910744,102802,riff,ce1abba64353067a
sounds,291,MC_INTRO_03.wav,18013546,21377,riff,0043a22976d25bde
sounds,292,MC_INTRO_04.wav,18034923,56038,riff,bc98a52b04d5e4a6
sounds,293,MC_INTRO_05.wav,18090961,74093,riff,4216daad12c66132
sounds,294,MC_INTRO_06.wav,18165054,19033,riff,7b5c1702ad1fec23
sounds,295,MC_INTRO_07.wav,18184087,48044,riff,2c2f4b55ffe905ed
sounds,296,MC_INTRO_08.wav,18232131,40274,riff,e0c209e748e82524
sounds,297,MC_INTRO_09.wav,18272405,16480,riff,b02ded1a4062133b
sounds,298,MC_INTRO_10.wav,18288885,19738,riff,3e68bee6cf2b441a
sounds,299,MC_MISC_MSG_SANDBOX_01.wav,18308623,26978,riff,6befd592deda5feb
sounds,300,MC_MISC_MSG_SANDBOX_02.wav,18335601,56148,riff,17213853689f36cd
sounds,301,MC_MISC_MSG_SANDBOX_02_alt.wav,18391749,70686,riff,375b62188e74c3fe
sounds,302,MC_POLICE_MSG_01.wav,18462435,108346,riff,26c2c8174f86d192
sounds,303,MC_POLICE_MSG_02.wav,18570781,131654,riff,ab1e1636ae917b20
sounds,304,MC_POLICE_MSG_03.wav,18702435,35142,riff,58872456c9323eea
sounds,305,MC_POLICE_MSG_04.wav,18737577,82375,riff,eb191579e088790f
sounds,306,MC_STADIUM_MSG_01.wav,18819952,33692,riff,e5153c6f96ce175c
sounds,307,MC_STADIUM_MSG_02.wav,18853644,26923,riff,b4bbe5dfa6718df6
sounds,308,MC_STADIUM_MSG_03.wav,18880567,47634,riff,bc1e915305fd7a00
sounds,309,MC_STADIUM_MSG_04.wav,18928201,70368,riff,5650cf0c3ed10198
sounds,310,MC_STADIUM_MSG_05.wav,18998569,66334,riff,31089d04403daa0e
sounds,311,MC_STADIUM_MSG_06.wav,19064903,24875,riff,37ba92ac1ba4666a
sounds,312,MC_STADIUM_MSG_07.wav,19089778,63650,riff,8d58ebe3ada16e7f
sounds,313,MC_STADIUM_MSG_08.wav,19153428,29643,riff,d2bd3ee8c8e612e4
sounds,314,MC_STADIUM_MSG_09.wav,19183071,32057,riff,e5ecb1275a796688
sounds,315,MC_STADIUM_MSG_10.wav,19215128,30278,riff,ee43cd54b2d9dc8d
sounds,316,MC_STADIUM_MSG_11.wav,19245406,34208,riff,07964aeb356211f2
sounds,317,MC_STADIUM_MSG_12.wav,19279614,24487,riff,6b5062da4eec9bfc
sounds,318,MC_STADIUM_MSG_13.wav,19304101,47156,riff,aabd2a8b66073b9b
sounds,319,MC_STADIUM_MSG_14.wav,19351257,38025,riff,8a3feec1c7d6a319
sounds,320,MC_STADIUM_MSG_15.wav,19389282,23671,riff,453e46e8c9386579
sounds,321,MC_STADIUM_MSG_16.wav,19412953,31842,riff,8010bfa58d14973f
sounds,322,MC_STADIUM_MSG_17.wav,19444795,37544,riff,54ebb3228609e6fa
sounds,323,MC_STADIUM_MSG_18.wav,19482339,40899,riff,86726226ae74c8ec
sounds,324,MC_STADIUM_MSG_19.wav,19523238,10684,riff,11220ba3f7c32b83
sounds,325,MC_STADIUM_MSG_21.wav,19533922,102829,riff,0d915c9ced81a651
sounds,326,MC_STADIUM_MSG_21A.wav,19636751,96972,riff,1e401fb45202a2ea
sounds,327,MC_STADIUM_MSG_22.wav,19733723,43146,riff,e9c574ef38af495a
sounds,328,MC_STADIUM_MSG_22A.wav,19776869,37037,riff,66aa51e4c78c5e66
sounds,329,MC_STADIUM_MSG_23.wav,19813906,39235,riff,c065f3c450670cb8
sounds,330,MC_STADIUM_MSG_23A.wav,19853141,19145,riff,7b6de812904949c9
sounds,331,MC_STADIUM_MSG_24.wav,19872286,62877,riff,283f7ca9728b8745
sounds,332,MC_STADIUM_MSG_24A.wav,19935163,52042,riff,9bfb0f1e33a466d9
sounds,333,MC_STADIUM_MSG_25.wav,19987205,70468,riff,ea1e426ff38ee848
sounds,334,MC_STADIUM_MSG_25A.wav,20057673,65017,riff,49b71920e75fa4fa
sounds,335,MC_STADIUM_MSG_27.wav,20122690,42014,riff,8c3521347072c35e
sounds,336,MC_STADIUM_MSG_28.wav,20164704,47476,riff,197d51dffecb5cbf
sounds,337,MC_STADIUM_MSG_29.wav,20212180,36946,riff,df2eac03e1305e12
sounds,338,MC_STADIUM_MSG_30.wav,20249126,40065,riff,bab622ca92a86a27
sounds,339,MC_STADIUM_MSG_31.wav,20289191,50678,riff,d3fa443bd6c1784e
sounds,340,MC_STADIUM_MSG_32.wav,20339869,53044,riff,008970811aa0ab3a
sounds,341,MC_STADIUM_MSG_32A.wav,20392913,72591,riff,c6fc78717e0f59c1
sounds,342,MC_STADIUM_MSG_33.wav,20465504,26837,riff,43369ed16832ab25
sounds,343,MC_STADIUM_MSG_34.wav,20492341,66999,riff,7cf3035d17593619
sounds,344,MINIGAME_FIND_BOMBS_1.wav,20559340,47896,riff,ba78cc89fc7f80a0
sounds,345,MINIGAME_FIND_BOMBS_2.wav,20607236,188110,riff,2ddee07825982aa6
sounds,346,MINIGAME_FIND_BOMBS_3.wav,20795346,40551,riff,7a5f93786596a042
sounds,347,MINIGAME_FIND_BOMBS_4.wav,20835897,25220,riff,ecb515fe30285b53
sounds,348,MISC_THUG_CONVO_01.wav,20861117,37124,riff,ccdbdb96816c6317
sounds,349,MISC_THUG_CONVO_02.wav,20898241,48369,riff,b266bedcccfe0a9e
sounds,350,MISC_THUG_CONVO_03.wav,20946610,23854,riff,d45af1c70f955f0c
sounds,351,MISC_THUG_CONVO_04.wav,20970464,36327,riff,f74cf98d94d1a644
sounds,352,MISC_THUG_CONVO_06.wav,21006791,68503,riff,cca14359d39e3050
sounds,353,MISC_THUG_CONVO_07.wav,21075294,36762,riff,8b52f849702fa428
sounds,354,MISC_THUG_CONVO_08.wav,21112056,71499,riff,f60e8d7f8957e4e6
sounds,355,MISC_THUG_CONVO_09.wav,21183555,39293,riff,96fc462c2bcf44fa
sounds,356,MISC_THUG_CONVO_10.wav,21222848,46308,riff,d999e95f3a4d0e58
sounds,357,MISC_THUG_CONVO_11.wav,21269156,60507,riff,d1b9786e89b06475
sounds,358,MISC_THUG_CONVO_13.wav,21329663,33964,riff,152edb66f30a0d42
sounds,359,MISC_THUG_CONVO_14.wav,21363627,37119,riff,b254d2ef13f12f75
sounds,360,MISC_THUG_CONVO_15.wav,21400746,47744,riff,6275758794473a93
sounds,361,MISC_THUG_CONVO_16.wav,21448490,32790,riff,130cd5bb01654547
sounds,362,MISC_THUG_CONVO_17.wav,21481280,57622,riff,ef7e4420820c1424
sounds,363,MISC_THUG_CONVO_20.wav,21538902,27520,riff,aedefa769b420fb2
sounds,364,MISC_THUG_CONVO_21.wav,21566422,59804,riff,44618d6e05be577b
sounds,365,MISC_THUG_CONVO_22.wav,21626226,26730,riff,e3455ebbef5cb937
sounds,366,MISC_THUG_CONVO_23.wav,21652956,34275,riff,887b4982e779fd3d
sounds,367,MISSILE_CRISIS_1.wav,21687231,32162,riff,7542d12c11341473
sounds,368,MISSILE_CRISIS_10.wav,21719393,29200,riff,3558e8434306c8a5
sounds,369,MISSILE_CRISIS_11.wav,21748593,67908,riff,9dd3c5b7c46657b5
sounds,370,MISSILE_CRISIS_2.wav,21816501,121198,riff,19524d1441c8c37e
sounds,371,MISSILE_CRISIS_23.wav,21937699,40506,riff,d00a4decedbfe123
sounds,372,MISSILE_CRISIS_24.wav,21978205,46603,riff,b93b19d6f7324782
sounds,373,MISSILE_CRISIS_25.wav,22024808,97289,riff,f457c615f937ee2a
sounds,374,MISSILE_CRISIS_26.wav,22122097,112912,riff,eccc038654ae575e
sounds,375,MISSILE_CRISIS_4.wav,22235009,56556,riff,ce9925984e865162
sounds,376,MISSILE_CRISIS_41.wav,22291565,21580,riff,fadd9b8e2a8a6fce
sounds,377,MISSILE_CRISIS_42.wav,22313145,18140,riff,ea2827e485bd5788
sounds,378,MISSILE_CRISIS_43.wav,22331285,93801,riff,672887485b3e4187
sounds,379,MISSILE_CRISIS_44.wav,22425086,12283,riff,db859a7d20a0ee38
sounds,380,MISSILE_CRISIS_45.wav,22437369,176223,riff,016c381ef1fb7529
sounds,381,MISSILE_CRISIS_46.wav,22613592,26410,riff,b701d6b0e36e7bc3
sounds,382,MISSILE_CRISIS_47.wav,22640002,33360,riff,72d7915a65988f41
sounds,383,MISSILE_CRISIS_48.wav,22673362,71294,riff,42a1b0a9acbdf7a6
sounds,384,MISSILE_CRISIS_5.wav,22744656,18240,riff,527a15a2c766078c
sounds,385,MISSILE_CRISIS_50.wav,22762896,28660,riff,3e1a1d36368ba996
sounds,386,MISSILE_CRISIS_51.wav,22791556,64134,riff,4347c4cdd0df4b2f
sounds,387,MISSILE_CRISIS_52.wav,22855690,146284,riff,dd7624641a89505b
sounds,388,MISSILE_CRISIS_53.wav,23001974,50014,riff,f95ed97bd4136da9
sounds,389,MISSILE_CRISIS_55.wav,23051988,25356,riff,788e7585d350a0b6
sounds,390,MISSILE_CRISIS_56.wav,23077344,14580,riff,745c26e35f6c1e3f
sounds,391,MISSILE_CRISIS_57.wav,23091924,55640,riff,2bdf390302fb9fc0
sounds,392,MISSILE_CRISIS_57_ALT.wav,23147564,53050,riff,6e2bf4a072aaa638
sounds,393,MISSILE_CRISIS_58.wav,23200614,28698,riff,6b7fcf323db79699
sounds,394,MISSILE_CRISIS_59.wav,23229312,56796,riff,7726b0c2f11f6891
sounds,395,MISSILE_CRISIS_59_ALT.wav,23286108,55117,riff,e115370d9064f139
sounds,396,MISSILE_CRISIS_59_ALT_A.wav,23341225,55948,riff,b415244160c17030
sounds,397,MISSILE_CRISIS_59_ALT_B.wav,23397173,58940,riff,f0720de8392f7840
sounds,398,MISSILE_CRISIS_6.wav,23456113,29195,riff,445f9346635fbfe6
sounds,399,MISSILE_CRISIS_61.wav,23485308,33785,riff,a1f02e5c81c4816c
sounds,400,MISSILE_CRISIS_62.wav,23519093,78119,riff,f547e0e7a70639ba
sounds,401,MISSILE_CRISIS_63.wav,23597212,43624,riff,0723cba361886b57
sounds,402,MISSILE_CRISIS_64.wav,23640836,24022,riff,b06c4a1f16707889
sounds,403,MISSILE_CRISIS_65.wav,23664858,56376,riff,733d7c3fed78e9df
sounds,404,MISSILE_CRISIS_66.wav,23721234,32165,riff,9223fe9c7f705f15
sounds,405,MISSILE_CRISIS_67.wav,23753399,22916,riff,8aa56284ce4afc42
sounds,406,MISSILE_CRISIS_68.wav,23776315,52869,riff,96ed8e4761391de4
sounds,407,MISSILE_CRISIS_69.wav,23829184,48950,riff,69fc2a0407924b10
sounds,408,MISSILE_CRISIS_7.wav,23878134,68468,riff,3e5c302f2f28498a
sounds,409,MISSILE_CRISIS_70.wav,23946602,53115,riff,4ea94c85530c97c3
sounds,410,MISSILE_CRISIS_71.wav,23999717,19292,riff,85ddae3e9a2ed742
sounds,411,MISSILE_CRISIS_72.wav,24019009,22437,riff,ce8d88042965739f
sounds,412,MISSILE_CRISIS_73.wav,24041446,18086,riff,b198f819796a7795
sounds,413,MISSILE_CRISIS_74.wav,24059532,32412,riff,111d52c4575b0405
sounds,414,MISSILE_CRISIS_74_ALT.wav,24091944,35161,riff,e6e23da773475289
sounds,415,MISSILE_CRISIS_75.wav,24127105,22427,riff,6377dd4888ab4089
sounds,416,MISSILE_CRISIS_76.wav,24149532,47718,riff,691b421a834b1aa5
sounds,417,MISSILE_CRISIS_77.wav,24197250,27579,riff,3fc60c9194c36095
sounds,418,MISSILE_CRISIS_78.wav,24224829,33587,riff,986c5dde1adbc603
sounds,419,MISSILE_CRISIS_79.wav,24258416,21532,riff,a028d88144b2ae9c
sounds,420,MISSILE_CRISIS_8.wav,24279948,294597,riff,25e8050d0639836e
sounds,421,MISSILE_CRISIS_80.wav,24574545,44427,riff,f6c99f7bc9413af9
sounds,422,MISSILE_CRISIS_81.wav,24618972,28995,riff,cc957846fa7be12c
sounds,423,MISSION_32_01.wav,24647967,66119,riff,645fddb56a47c474
sounds,424,MISSION_32_01_ALT1.wav,24714086,77647,riff,254b1045391bbd71
sounds,425,MISSION_32_01_ALT2.wav,24791733,75288,riff,8e16de87573015be
sounds,426,MISSION_32_02.wav,24867021,22860,riff,5018c4b3a94afc42
sounds,427,MISSION_32_03.wav,24889881,177256,riff,7c5895749a90af2b
sounds,428,MISSION_32_04.wav,25067137,117293,riff,081c8831026c7596
sounds,429,MISSION_32_05.wav,25184430,16944,riff,b23e948d46832591
sounds,430,MISSION_32_06.wav,25201374,58733,riff,3b66000e102e15ca
sounds,431,MISSION_32_07.wav,25260107,72909,riff,e122c2371aadbb78
sounds,432,MISSION_32_08.wav,25333016,28018,riff,8b189e822e2693fc
sounds,433,MISSION_32_09.wav,25361034,37636,riff,37f1081636cbaa81
sounds,434,MISSION_32_10.wav,25398670,27407,riff,ac18eef6cf4264da
sounds,435,MISSION_32_11.wav,25426077,34392,riff,72699ebd479951b0
sounds,436,MISSION_32_12.wav,25460469,54176,riff,ed1da350a726ebae
sounds,437,MISSION_32_13.wav,25514645,26405,riff,6691dcf62c83d329
sounds,438,MISSION_32_14.wav,25541050,36140,riff,06216cab735ee410
sounds,439,MISSION_32_15.wav,25577190,30747,riff,0bf048c7e6a852e2
sounds,440,MISSION_32_16.wav,25607937,37421,riff,cea9005bc8af1352
sounds,441,MISSION_32_17.wav,25645358,32890,riff,7a31e5c85dd13f97
sounds,442,MISSION_32_18.wav,25678248,47769,riff,c875486f974eaa09
sounds,443,MISSION_32_19.wav,25726017,16031,riff,3776599333e6e7d2
sounds,444,MISSION_32_20.wav,25742048,27293,riff,dcaa14487d845e9c
sounds,445,MISSION_32_21.wav,25769341,30362,riff,9771e3caae9fb6d3
sounds,446,MISSION_32_22.wav,25799703,35278,riff,ab5ae7314ace11bf
sounds,447,MISSION_32_23.wav,25834981,40322,riff,5017a4b94d4d357a
sounds,448,MISSION_32_24.wav,25875303,41442,riff,868223885ff32cae
sounds,449,MISSION_32_25.wav,25916745,45414,riff,98b943cda7e54c71
sounds,450,MISSION_32_26.wav,25962159,22070,riff,78c80229aa814901
sounds,451,MISSION_32_27.wav,25984229,24478,riff,ace1735eaf07936a
sounds,452,MISSION_32_28.wav,26008707,29246,riff,69b783f1df0696c2
sounds,453,MISSION_HOSTAGE_RUN_01.wav,26037953,12386,riff,524fe1079efa9f47
sounds,454,MISSION_HOSTAGE_RUN_02.wav,26050339,28113,riff,51baa3353efeecc8
sounds,455,MISSION_HOSTAGE_RUN_03.wav,26078452,27229,riff,1ff7977e9789717e
sounds,456,MT_SAVE_MIRANDA_01.wav,26105681,26116,riff,b2f803f43df244b8
sounds,457,MT_SAVE_MIRANDA_02.wav,26131797,150044,riff,4a957098760faa17
sounds,458,m_action_high_01.vxn,26281841,2567830,bin,d1b00d399105c9a2
sounds,459,m_action_low_01.vxn,28849671,1931362,bin,2cade220aba390e9
sounds,460,m_action_low_02.vxn,30781033,1770376,bin,b99eedad5809ccaf
sounds,461,m_action_low_03.vxn,32551409,1773712,bin,0212e3c4a6f93f96
sounds,462,m_action_low_04.vxn,34325121,1574248,bin,e8c4ead7e57a6c38
sounds,463,m_action_low_05.vxn,35899369,2219140,bin,9bb2a60f02efd60f
sounds,464,m_action_low_06.vxn,38118509,2228978,bin,28c11c115ec4a149
sounds,465,m_action_low_07.vxn,40347487,1851004,bin,5457a08d2e8b6c8f
sounds,466,m_action_med_01.vxn,42198491,2567076,bin,51ee0785419135f5
sounds,467,m_cst_3_3_1_3D_gadget_zoom.wav,44765567,1076850,riff,e284650b4908a8ee
sounds,468,m_cst_3_3_2_3D.wav,45842417,753216,riff,2b2a99af630dc443
sounds,469,m_cts_1_1_1_3D.vxn,46595633,1641086,bin,081847c32178015d
sounds,470,m_cts_1_2_1_part2.wav,48236719,1908874,riff,816533a448c79e0c
sounds,471,m_cts_1_2_1_part3.wav,50145593,627850,riff,6ad5525fbcfab83c
sounds,472,m_cts_1_2_2.wav,50773443,2245770,riff,6e02dfce05e494c8
sounds,473,m_cts_1_2_3_part1.wav,53019213,531594,riff,7bd79c0f96f9ed8b
sounds,474,m_cts_1_2_3_part2.wav,53550807,236682,riff,2b661f1012385207
sounds,475,m_cts_1_2_5_3D.wav,53787489,596106,riff,e9b404076b9e16bd
sounds,476,m_cts_1_3_1_3D_part1.wav,54383595,1546378,riff,9536011c969c380d
sounds,477,m_cts_1_3_1_3D_part2.vxn,55929973,1038204,bin,3e3d9b395e7b7606
sounds,478,m_cts_1_3_3_3D.wav,56968177,542858,riff,a899d948e0c94594
sounds,479,m_cts_1_4_1_2D.wav,57511035,14851054,riff,ad31093a8ea97283
sounds,480,m_cts_1_4_1_3D.wav,72362089,1076362,riff,fcb749f04885b18e
sounds,481,m_cts_1_4_2_3D.wav,73438451,2469002,riff,59a73890f7d14e67
sounds,482,m_cts_1_5_0_part1.wav,75907453,1222794,riff,3fad8f1735d300d8
sounds,483,m_cts_1_5_0_part2.wav,77130247,545930,riff,9ce67ce0b1706509
sounds,484,m_cts_2_2_1_3D.wav,77676177,2327690,riff,15e79c11e909d185
sounds,485,m_cts_2_2_2_2D.wav,80003867,8437046,riff,e96f2efeaee8aefb
sounds,486,m_cts_2_2_2_3D.wav,88440913,6636718,riff,a06fd77b24979aaf
sounds,487,m_cts_2_2_3_zoom.wav,95077631,1443978,riff,04d5afa9b42882c5
sounds,488,m_cts_2_3_3_2D.wav,96521609,2155658,riff,6f25e05694cecdfd
sounds,489,m_cts_2_3_4_short_3D_fail.wav,98677267,820362,riff,1dd1e8256bda4341
sounds,490,m_cts_2_4_1_3D_part1.wav,99497629,515210,riff,4d7977a173e02fc9
sounds,491,m_cts_2_4_1_3D_part2.wav,100012839,938122,riff,601ca6505584ee27
sounds,492,m_cts_3_0_1_2D.wav,100950961,1826954,riff,e59a40c102884ce5
sounds,493,m_cts_3_1_2_gadget_zoom.wav,102777915,857226,riff,00c2f8e5485c125c
sounds,494,m_cts_3_1_debriefing.wav,103635141,1158098,riff,8ecd71055f4f2459
sounds,495,m_cts_3_3_1_3D_gadget_zoom.wav,104793239,1072266,riff,7339306190220dba
sounds,496,m_cts_3_3_2_3D.wav,105865505,749706,riff,e3906eb180276abe
sounds,497,m_cts_4_3_1.wav,106615211,2122890,riff,3361269dee1ef16a
sounds,498,m_cts_5_3_2 _3D.wav,108738101,2102410,riff,1db4361d7bf49c7e
sounds,499,m_cts_6_1_2_3D.wav,110840511,4110474,riff,5a3ac13cfeac8ba7
sounds,500,m_cts_6_4_1_3D.wav,114950985,4706190,riff,dc2580573cf338b9
sounds,501,m_cts_6_4_2_3D.wav,119657175,966794,riff,4fb8a15e1f58d4fd
sounds,502,m_cts_6_4_3_3D.wav,120623969,2304830,riff,88b864485aa47f8a
sounds,503,m_dialogue_neutral_01.wav,122928799,2102410,riff,1db4361d7bf49c7e
sounds,504,m_dialogue_neutral_02.wav,125031209,1547402,riff,d9aced2791e3c590
sounds,505,m_dialogue_tension_01.wav,126578611,672906,riff,44f213d1494ec4e1
sounds,506,m_dialogue_tension_02.wav,127251517,1031306,riff,61fcc4805016879a
sounds,507,m_dialogue_tension_03.wav,128282823,1076362,riff,fcb749f04885b18e
sounds,508,m_dialogue_tension_04.wav,129359185,672906,riff,44f213d1494ec4e1
sounds,509,m_dialogue_tension_05.wav,130032091,2420874,riff,0fd66ce4f7979d89
sounds,510,m_env_residential_01.wav,132452965,1021066,riff,4d08e9c8416efcac
sounds,511,m_env_residential_02.wav,133474031,921738,riff,317cae121a765cef
sounds,512,m_env_residential_03.wav,134395769,1196170,riff,b7b16488048d62f1
sounds,513,m_env_residential_04.wav,135591939,1149066,riff,5937c82c36e8414d
sounds,514,m_env_residential_05.wav,136741005,1235082,riff,27e08bff492778db
sounds,515,m_env_residential_06.wav,137976087,1116298,riff,13e566ed9f52e8db
sounds,516,m_env_residential_07.wav,139092385,1100938,riff,eca457f0039ad4fd
sounds,517,m_env_residential_08.wav,140193323,1642634,riff,42eae41243d4e297
sounds,518,m_env_residential_09.wav,141835957,1702026,riff,e1b32d94eced9dcc
sounds,519,m_env_residential_10.wav,143537983,1492106,riff,adf462e9abd2c6a9
sounds,520,m_env_residential_11.wav,145030089,1519754,riff,e7b68ba22ec417e0
sounds,521,m_env_residential_12.wav,146549843,1841290,riff,6cd8475179f82d3f
sounds,522,m_fail.wav,148391133,289930,riff,2561007e96c5accf
sounds,523,m_from_bridge_to_bane.wav,148681063,2540682,riff,b36ea31fe24a9f1f
sounds,524,m_hack_minigame.wav,151221745,2102410,riff,1db4361d7bf49c7e
sounds,525,m_load_screen.vxn,153324155,1559290,bin,081847c32178015d
sounds,526,m_map.wav,154883445,1702026,riff,e1b32d94eced9dcc
sounds,527,m_mission_complete.wav,156585471,1965894,riff,257092bb501d781b
sounds,528,m_mission_military_comp.vxn,158551365,11164994,bin,10ffc7283a788bd9
sounds,529,m_mission_pit.vxn,169716359,11657516,bin,7443fb18f4066693
sounds,530,m_mission_police_station.vxn,181373875,13988834,bin,d27fdb8a687dd0ac
sounds,531,m_mission_stock_exchange.vxn,195362709,12717206,bin,9f37cd99792526dd
sounds,532,m_mission_underground.vxn,208079915,7046336,bin,a0ef433789b47bd7
sounds,533,m_title.vxn,215126251,8064364,bin,081847c32178015d
sounds,534,M_UNDERGROUND_01.wav,223190615,46844,riff,2018a660e68b7e2c
sounds,535,M_UNDERGROUND_02.wav,223237459,63859,riff,1fe4cb7e3293b625
sounds,536,M_UNDERGROUND_03.wav,223301318,72039,riff,30a100787730918c
sounds,537,M_UNDERGROUND_04.wav,223373357,55030,riff,d2d97656fba4fbce
sounds,538,M_UNDERGROUND_05.wav,223428387,37196,riff,b3808b1980aa6f9a
sounds,539,M_UNDERGROUND_06.wav,223465583,4973,riff,433e42ce745f1cf7
sounds,540,M_UNDERGROUND_07.wav,223470556,54718,riff,d13d22913e9f42ed
sounds,541,M_UNDERGROUND_08.wav,223525274,12005,riff,d19955525364e827
sounds,542,M_UNDERGROUND_09.wav,223537279,25596,riff,f3e2d2f0750704dd
sounds,543,M_UNDERGROUND_10.wav,223562875,27263,riff,7521a7e9215cac86
sounds,544,M_UNDERGROUND_15.wav,223590138,43195,riff,3fc81bdf42ab5b95
sounds,545,M_UNDERGROUND_16.wav,223633333,16243,riff,a5072c2fdb581aa8
sounds,546,M_UNDERGROUND_17.wav,223649576,40959,riff,62acf2cfb2750d9a
sounds,547,M_UNDERGROUND_18.wav,223690535,29314,riff,0bf9affb1340c32b
sounds,548,M_UNDERGROUND_19.wav,223719849,38148,riff,176ebd088d717226
sounds,549,PIT_01.wav,223757997,71670,riff,f4abb948f4c0005d
sounds,550,PIT_02.wav,223829667,72299,riff,5fb63d6de60aaaf7
sounds,551,PIT_03.wav,223901966,80569,riff,95b90bd420034b3d
sounds,552,PIT_04.wav,223982535,67216,riff,ed6d8bcdfbf70251
sounds,553,PIT_04_a.wav,224049751,16296,riff,6f029eb6504d41ca
sounds,554,PIT_04_b.wav,224066047,33568,riff,0c68be3a14ad8e3c
sounds,555,PIT_04_c.wav,224099615,79891,riff,d32b6edcca1ec5c9
sounds,556,PIT_04_d.wav,224179506,154985,riff,fdbf8ac3018ac4c7
sounds,557,PIT_05.wav,224334491,126859,riff,e8323c19279a1e60
sounds,558,PIT_07.wav,224461350,78498,riff,b061f34b635a2cc5
sounds,559,PIT_08.wav,224539848,171414,riff,561f7a144fe3a794
sounds,560,PIT_09.wav,224711262,131283,riff,debb69114957ebff
sounds,561,PIT_10.wav,224842545,123289,riff,8a96d042817b9eaf
sounds,562,PIT_12.wav,224965834,60323,riff,f514e543895531b3
sounds,563,PIT_13.wav,225026157,17127,riff,5c9fe14c08aac955
sounds,564,PIT_14.wav,225043284,111268,riff,4e40a7e390ab04e7
sounds,565,PIT_15.wav,225154552,157324,riff,9ff9c98fef066649
sounds,566,PIT_15_ALT_a.wav,225311876,156249,riff,3881741f2d30b85b
sounds,567,PIT_16.wav,225468125,38861,riff,196d94605b2759e1
sounds,568,PIT_17.wav,225506986,70538,riff,8dc686ec0ee649fa
sounds,569,PIT_18.wav,225577524,99466,riff,fcaeba7378a7f4f8
sounds,570,PIT_19.wav,225676990,75764,riff,1c7a2ec1d54cb546
sounds,571,PIT_20.wav,225752754,131115,riff,4bfa7b17fcc656ad
sounds,572,PIT_21.wav,225883869,228711,riff,2af4958a2f6e4538
sounds,573,PIT_21_A.wav,226112580,185175,riff,7b61237c11089350
sounds,574,PIT_22.wav,226297755,205644,riff,a397712fa8193fb2
sounds,575,PIT_23.wav,226503399,67837,riff,76ef73f33ab308cc
sounds,576,PIT_24.wav,226571236,85058,riff,0c178a6d1f517b98
sounds,577,PIT_25.wav,226656294,110311,riff,c35f73a2167cf7bf
sounds,578,PIT_30.wav,226766605,185417,riff,8b80502ac1fd1e7f
sounds,579,PIT_31.wav,226952022,49123,riff,840e1c92b9b50908
sounds,580,PIT_33.wav,227001145,60058,riff,dedecf081e9f34a4
sounds,581,PIT_34.wav,227061203,68206,riff,b42a0f885687f4df
sounds,582,PIT_35.wav,227129409,10766,riff,e604894edfa18ef0
sounds,583,PIT_36.wav,227140175,120309,riff,164ced0adf573758
sounds,584,PIT_37.wav,227260484,69412,riff,400e77ce34b75cd7
sounds,585,PIT_38.wav,227329896,54031,riff,06f45c27957fe486
sounds,586,PIT_39.wav,227383927,55169,riff,d0286f97e1b4bab4
sounds,587,PIT_40.wav,227439096,79824,riff,185c8362cb347261
sounds,588,PIT_41.wav,227518920,75310,riff,12998df462079891
sounds,589,PIT_41A.wav,227594230,65074,riff,2720b1f4914aa003
sounds,590,PIT_42.wav,227659304,72180,riff,9ca5dae122a98bca
sounds,591,PIT_42A.wav,227731484,63385,riff,630257eb94d3e9ca
sounds,592,PIT_43.wav,227794869,54717,riff,1fba74f4ce7fa113
sounds,593,PIT_43A.wav,227849586,74140,riff,934ff4e09e8267ea
sounds,594,PIT_44.wav,227923726,45408,riff,158275943137939a
sounds,595,PIT_45.wav,227969134,71562,riff,2ce3555f3a815af5
sounds,596,PIT_46.wav,228040696,35017,riff,c24bda745c1b78be
sounds,597,PIT_47.wav,228075713,67903,riff,33c23dcfb84c131b
sounds,598,PIT_48.wav,228143616,50634,riff,4902b5f67442dba7
sounds,599,PIT_49.wav,228194250,70584,riff,f05259ca82fefdfa
sounds,600,PIT_50.wav,228264834,53869,riff,b134ed11e04faaac
sounds,601,PIT_51.wav,228318703,79622,riff,a1a6d49272961030
sounds,602,PIT_52.wav,228398325,24721,riff,acb65f358c34dd7f
sounds,603,PIT_53.wav,228423046,65220,riff,74155759d4b51c61
sounds,604,PIT_54.wav,228488266,151916,riff,905baccc0bb83d9e
sounds,605,PIT_55.wav,228640182,87114,riff,93fa4b769ab896ba
sounds,606,PIT_56.wav,228727296,111770,riff,0227b1f5aec1c06d
sounds,607,PIT_58.wav,228839066,65000,riff,656f0a1c6d918a84
sounds,608,PIT_59.wav,228904066,66772,riff,1baf75d8370a8f19
sounds,609,PIT_CLIMB_01.wav,228970838,313576,riff,e175774208767c5a
sounds,610,PIT_CLIMB_02.wav,229284414,294827,riff,a04c4bcf315630e8
sounds,611,PIT_CLIMB_03.wav,229579241,796648,riff,4d77b4c5ea7fe982
sounds,612,POLICE_BRIEFING_01.wav,230375889,48370,riff,19203e5582932f29
sounds,613,POLICE_BRIEFING_02.wav,230424259,13226,riff,e04acaa00ec33b31
sounds,614,POLICE_BRIEFING_03.wav,230437485,72946,riff,7272e75c0e7b5aaf
sounds,615,POLICE_BRIEFING_04.wav,230510431,118085,riff,b987984ca37cb7dc
sounds,616,POLICE_BRIEFING_05.wav,230628516,15478,riff,fe10f07e3a813af5
sounds,617,POWERPLANT_2D01.wav,230643994,150431,riff,cebccbd659221749
sounds,618,POWERPLANT_2D02.wav,230794425,119722,riff,93b89f1591701f36
sounds,619,POWERPLANT_2D03.wav,230914147,69934,riff,659382e75dc3331b
sounds,620,POWERPLANT_END01.wav,230984081,54811,riff,9b9c0967b3b19f54
sounds,621,POWERPLANT_END02.wav,231038892,56384,riff,b7b7ababcdb00f96
sounds,622,POWERPLANT_END03.wav,231095276,16328,riff,e3296174b23aff6f
sounds,623,POWERPLANT_END04.wav,231111604,26314,riff,9867b14cd54f1267
sounds,624,POWERPLANT_END05.wav,231137918,24400,riff,f5bd5c572ae6d093
sounds,625,POWERPLANT_END06.wav,231162318,71728,riff,92f92a13d96106c3
sounds,626,POWERPLANT_END07.wav,231234046,125328,riff,79b52f34a51b2507
sounds,627,POWERPLANT_END08.wav,231359374,109061,riff,13c9367aac40aab6
sounds,628,POWERPLANT_END08_ALT_a.wav,231468435,124670,riff,4bc1b40486538e60
sounds,629,POWERPLANT_END09.wav,231593105,34614,riff,0b3be440774602f6
sounds,630,POWERPLANT_END10.wav,231627719,13496,riff,1b984e5bb757d3e2
sounds,631,POWERPLANT_GAMEPLAY00.wav,231641215,51384,riff,5e12a327a8dcace1
sounds,632,POWERPLANT_GAMEPLAY01.wav,231692599,42722,riff,a9de9282f5d777f9
sounds,633,POWERPLANT_GAMEPLAY02.wav,231735321,27054,riff,e80b4aadd33aafec
sounds,634,POWERPLANT_GAMEPLAY03.wav,231762375,36532,riff,72c5cbc3a31e49b4
sounds,635,POWERPLANT_GAMEPLAY04.wav,231798907,40871,riff,06d25c0bc73f12c3
sounds,636,POWERPLANT_GAMEPLAY07.wav,231839778,17374,riff,d804a3e19579842d
sounds,637,POWERPLANT_GAMEPLAY08.wav,231857152,42436,riff,568da5f7ae7688ba
sounds,638,POWERPLANT_GAMEPLAY09.wav,231899588,46170,riff,abce2a24a0016c76
sounds,639,POWERPLANT_GAMEPLAY10.wav,231945758,67853,riff,0df9f6bbcdfd0629
sounds,640,POWERPLANT_GAMEPLAY11.wav,232013611,9942,riff,3e9f7d8747baad69
sounds,641,POWERPLANT_GAMEPLAY12.wav,232023553,64586,riff,b86cc9a0d0a8ca3b
sounds,642,POWERPLANT_GAMEPLAY13.wav,232088139,24245,riff,260f89f6f078d5d5
sounds,643,POWERPLANT_GAMEPLAY14.wav,232112384,45134,riff,fc8098ccc752ea35
sounds,644,POWERPLANT_GAMEPLAY15.wav,232157518,16264,riff,ee53500242d489f9
sounds,645,POWERPLANT_GAMEPLAY16.wav,232173782,111717,riff,4086326a3dda530b
sounds,646,POWERPLANT_GAMEPLAY16_ALT_a.wav,232285499,103298,riff,20daf7cf46332044
sounds,647,POWERPLANT_GAMEPLAY17.wav,232388797,32033,riff,9fe0089ccc0e693c
sounds,648,POWERPLANT_GAMEPLAY18.wav,232420830,99602,riff,0018bd45a07c384b
sounds,649,POWERPLANT_INTRO00.wav,232520432,44874,riff,1aac87371abb16b3
sounds,650,POWERPLANT_INTRO00BIS.wav,232565306,14663,riff,2eeae8b0ff08ca17
sounds,651,POWERPLANT_INTRO01.wav,232579969,145314,riff,eed6a1fcc94b95bd
sounds,652,POWERPLANT_INTRO01A.wav,232725283,140231,riff,880bb0811bfbe026
sounds,653,POWERPLANT_INTRO02.wav,232865514,64459,riff,2207ddec3cec281d
sounds,654,POWERPLANT_INTRO03.wav,232929973,34750,riff,a917c4a7046c74fd
sounds,655,POWERPLANT_INTRO04.wav,232964723,103445,riff,9c55d15e8b601b85
sounds,656,POWERPLANT_INTRO05.wav,233068168,25024,riff,db01864acf1b8700
sounds,657,POWERPLANT_INTRO07.wav,233093192,98156,riff,41f8fe244c026edb
sounds,658,POWERPLANT_INTRO08.wav,233191348,58114,riff,4983bf8b6d769d08
sounds,659,POWERPLANT_OUTRO01.wav,233249462,38960,riff,b3b052ae9c070aba
sounds,660,POWERPLANT_OUTRO02.wav,233288422,153571,riff,9c1d6e86dcd6d406
sounds,661,POWERPLANT_OUTRO02_ALY_a.wav,233441993,78431,riff,9862f39a415f7a72
sounds,662,POWERPLANT_OUTRO03.wav,233520424,44954,riff,500449c08b883589
sounds,663,POWERPLANT_OUTRO04.wav,233565378,21937,riff,d7bfd2fa17ce58f3
sounds,664,POWERPLANT_OUTRO05.wav,233587315,55258,riff,734a776f49ffe438
sounds,665,PRESENT_CAMERAS_01.wav,233642573,68956,riff,e01e4d73ef976af2
sounds,666,PRESENT_CAMERAS_02.wav,233711529,78726,riff,327bd50e1d9b3652
sounds,667,PRESENT_CAMERAS_03.wav,233790255,71068,riff,6a8540e28c59651a
sounds,668,PROGRESS_SWITCH_1.wav,233861323,16386,riff,4f8fea7735571381
sounds,669,PROGRESS_SWITCH_2.wav,233877709,22022,riff,84eda4cec4634831
sounds,670,PS_CINE_INIT_01.wav,233899731,92269,riff,dc7563885412a21a
sounds,671,PS_CINE_INIT_02.wav,233992000,107983,riff,a6f1b7d6ddcff0fe
sounds,672,PS_CINE_INIT_03.wav,234099983,126645,riff,f915858cb8c584f0
sounds,673,PS_CINE_INIT_04.wav,234226628,83982,riff,0dc5707f5e8a63cd
sounds,674,PS_CINE_INIT_05.wav,234310610,111257,riff,f98c7fc9d36aab38
sounds,675,PS_LUCIUS_BRIEFING_01.wav,234421867,70262,riff,d67069ca8eb39c4f
sounds,676,PS_LUCIUS_BRIEFING_02.wav,234492129,105428,riff,eefd3a0836d878ca
sounds,677,PS_LUCIUS_BRIEFING_04.wav,234597557,15607,riff,33abe0d245704b2a
sounds,678,QUICK_RECONSCOUT_1.wav,234613164,116888,riff,78a1abfc81640721
sounds,679,QUICK_RECONSCOUT_11.wav,234730052,19237,riff,e0957bd0d1d7cd50
sounds,680,QUICK_RECONSCOUT_12.wav,234749289,22289,riff,314f9955380fddda
sounds,681,QUICK_RECONSCOUT_14.wav,234771578,73762,riff,f10e567dbec1462a
sounds,682,QUICK_RECONSCOUT_1_alt.wav,234845340,110327,riff,6d6d99ae4292fc80
sounds,683,QUICK_RECONSCOUT_2.wav,234955667,120199,riff,fae6a37373932c27
sounds,684,QUICK_RECONSCOUT_23.wav,235075866,37833,riff,d0be69c3c5cf3e7b
sounds,685,QUICK_RECONSCOUT_23_alt.wav,235113699,39592,riff,ed6ff5c9454383d6
sounds,686,QUICK_RECONSCOUT_24.wav,235153291,29346,riff,00aff6e728c443b1
sounds,687,QUICK_RECONSCOUT_26.wav,235182637,29705,riff,677ea6ce8340ac8f
sounds,688,QUICK_RECONSCOUT_26_alt.wav,235212342,38689,riff,c6ab3dd7bd317654
sounds,689,QUICK_RECONSCOUT_27.wav,235251031,61383,riff,25d4ee1e74ea6dce
sounds,690,QUICK_RECONSCOUT_28.wav,235312414,50072,riff,7db621dfd5f70b43
sounds,691,QUICK_RECONSCOUT_29.wav,235362486,57860,riff,c6152f5807996cb7
sounds,692,QUICK_RECONSCOUT_2a.wav,235420346,27992,riff,befa80c15aafc36e
sounds,693,QUICK_RECONSCOUT_30.wav,235448338,24321,riff,8a55d1632bdeaee0
sounds,694,QUICK_RECONSCOUT_31.wav,235472659,39215,riff,9e717c98cd2f9f64
sounds,695,QUICK_RECONSCOUT_31_alt.wav,235511874,49344,riff,222443e02017fab3
sounds,696,QUICK_RECONSCOUT_4.wav,235561218,18630,riff,3f96a5a54a0eb642
sounds,697,QUICK_RECONSCOUT_5.wav,235579848,61790,riff,41e2562fa0187654
sounds,698,QUICK_RECONSCOUT_8.wav,235641638,36494,riff,30bf0a65a5db01a7
sounds,699,QUICK_RECONSCOUT_8_alt.wav,235678132,39009,riff,d9d904d0598de302
sounds,700,RESCUED_POLICE_01.wav,235717141,36562,riff,c54306cffcc3feda
sounds,701,RESCUED_POLICE_02.wav,235753703,48698,riff,445f98e19d5c37d7
sounds,702,RESCUED_POLICE_02A.wav,235802401,48698,riff,445f98e19d5c37d7
sounds,703,RESCUED_POLICE_03.wav,235851099,131128,riff,a478a99f6d3d7490
sounds,704,SAVE_LUCIUS_1.wav,235982227,121470,riff,3544b9bcb3fbe0d7
sounds,705,SAVE_LUCIUS_10.wav,236103697,24536,riff,0ba3386b7b183f2d
sounds,706,SAVE_LUCIUS_10_a.wav,236128233,30053,riff,cffc3879e3b41086
sounds,707,SAVE_LUCIUS_10_b.wav,236158286,19759,riff,90a562237270f4a4
sounds,708,SAVE_LUCIUS_10_c.wav,236178045,24999,riff,ddf9d4beefedd619
sounds,709,SAVE_LUCIUS_11.wav,236203044,68249,riff,280ad1c5b9eb25b9
sounds,710,SAVE_LUCIUS_12.wav,236271293,18046,riff,67f8eb50d863e833
sounds,711,SAVE_LUCIUS_13.wav,236289339,68885,riff,c967c2c57b768ea5
sounds,712,SAVE_LUCIUS_14.wav,236358224,40234,riff,2c82f6b596ea498b
sounds,713,SAVE_LUCIUS_15.wav,236398458,11667,riff,13fc841c0078731c
sounds,714,SAVE_LUCIUS_16.wav,236410125,79710,riff,64526ef1b306555d
sounds,715,SAVE_LUCIUS_17.wav,236489835,47285,riff,2d1544b3f12feac5
sounds,716,SAVE_LUCIUS_18.wav,236537120,44315,riff,455446cb722a20be
sounds,717,SAVE_LUCIUS_19.wav,236581435,10625,riff,c510169abc9d1977
sounds,718,SAVE_LUCIUS_19_A.wav,236592060,53706,riff,3bc446de642b3b28
sounds,719,SAVE_LUCIUS_2.wav,236645766,32123,riff,2eaf7d5db8bbcc86
sounds,720,SAVE_LUCIUS_20.wav,236677889,72346,riff,e5e545e173119549
sounds,721,SAVE_LUCIUS_21.wav,236750235,62838,riff,b6b4279b3c83b729
sounds,722,SAVE_LUCIUS_2_2.wav,236813073,99261,riff,fe9ad97d754dcd18
sounds,723,SAVE_LUCIUS_2_4.wav,236912334,111113,riff,36e60fa566802e9d
sounds,724,SAVE_LUCIUS_3.wav,237023447,27129,riff,b4df3570efee545e
sounds,725,SAVE_LUCIUS_4.wav,237050576,34162,riff,9f547dc1418d8ae4
sounds,726,SAVE_LUCIUS_5.wav,237084738,63508,riff,9a973cbbe6c3f678
sounds,727,SAVE_LUCIUS_5_2.wav,237148246,25886,riff,6d64ccd9d43aeed7
sounds,728,SAVE_LUCIUS_6.wav,237174132,132029,riff,e061f839c0c4eef2
sounds,729,SAVE_LUCIUS_8.wav,237306161,31800,riff,af5a0d5c529ab7d9
sounds,730,SAVE_LUCIUS_9.wav,237337961,57142,riff,3f395cc15da906c9
sounds,731,SAVE_LUCIUS_END_1.wav,237395103,18027,riff,6388a526204e2026
sounds,732,SAVE_LUCIUS_END_10.wav,237413130,50367,riff,934645524382671a
sounds,733,SAVE_LUCIUS_END_11.wav,237463497,215162,riff,0154b116512d875d
sounds,734,SAVE_LUCIUS_END_12.wav,237678659,62935,riff,a7f60ea26ba3e225
sounds,735,SAVE_LUCIUS_END_12_2.wav,237741594,18485,riff,65d19f2024d5b633
sounds,736,SAVE_LUCIUS_END_12_3.wav,237760079,23042,riff,0e6348fc65682573
sounds,737,SAVE_LUCIUS_END_12_4.wav,237783121,9920,riff,6dffb16d1680d767
sounds,738,SAVE_LUCIUS_END_13.wav,237793041,14275,riff,d03f5f1d9b54d014
sounds,739,SAVE_LUCIUS_END_13_2.wav,237807316,8606,riff,28d65d479b0c91c3
sounds,740,SAVE_LUCIUS_END_14.wav,237815922,49532,riff,eba45b106b202914
sounds,741,SAVE_LUCIUS_END_16.wav,237865454,102853,riff,3dc76bf27de23905
sounds,742,SAVE_LUCIUS_END_16_ALT_a.wav,237968307,92985,riff,23798c38704b5e5d
sounds,743,SAVE_LUCIUS_END_2.wav,238061292,20552,riff,5a737e2998d9279d
sounds,744,SAVE_LUCIUS_END_3.wav,238081844,17043,riff,ef944b80ba0125f4
sounds,745,SAVE_LUCIUS_END_3_1.wav,238098887,42406,riff,98c648aed3fe4bf8
sounds,746,SAVE_LUCIUS_END_3_1_1.wav,238141293,27712,riff,6df94d9ed661f2c4
sounds,747,SAVE_LUCIUS_END_4.wav,238169005,50654,riff,90c88a3851a81e21
sounds,748,SAVE_LUCIUS_END_5.wav,238219659,10665,riff,5d985033eda40ab4
sounds,749,SAVE_LUCIUS_END_6.wav,238230324,36278,riff,7b6cd6f88a9e30d2
sounds,750,SAVE_LUCIUS_END_7.wav,238266602,18063,riff,dcc234d27f6f1a20
sounds,751,SAVE_LUCIUS_END_8.wav,238284665,110470,riff,c2232f9c95268c5c
sounds,752,SAVE_LUCIUS_END_9.wav,238395135,127031,riff,bb9cdbaf7bd414a3
sounds,753,SAVE_LUCIUS_END_9_ALT_a.wav,238522166,159482,riff,98290c4df4acaede
sounds,754,SAVE_LUCIUS_SPOTTED_1.wav,238681648,38338,riff,c94f83150f310b86
sounds,755,SAVE_LUCIUS_SPOTTED_4.wav,238719986,17643,riff,2bd4718d0c2ef6c1
sounds,756,SAVE_LUCIUS_SPOTTED_5.wav,238737629,17615,riff,ec7902a8413c64ff
sounds,757,SAVE_LUCIUS_SPOTTED_6.wav,238755244,22878,riff,ce92c83eb4756162
sounds,758,SAVE_MIRANDA_01.wav,238778122,34783,riff,e1c3a0de1c6a8d0b
sounds,759,SAVE_MIRANDA_02.wav,238812905,50762,riff,9da8f5934e4c60a7
sounds,760,SAVE_MIRANDA_03.wav,238863667,20340,riff,cf57b50dd3537c2e
sounds,761,SAVE_MIRANDA_04.wav,238884007,49498,riff,cdba3cad1df181e6
sounds,762,SAVE_MIRANDA_05.wav,238933505,52063,riff,c357d0bcf4b56ddd
sounds,763,SAVE_MIRANDA_06.wav,238985568,18190,riff,61c3400ffee52537
sounds,764,SAVE_MIRANDA_07.wav,239003758,27688,riff,0f0098d252d99ebb
sounds,765,SAVE_MIRANDA_08.wav,239031446,88608,riff,196abafadec66e44
sounds,766,SAVE_MIRANDA_09.wav,239120054,61960,riff,24c73d1054f8ac2e
sounds,767,SAVE_MIRANDA_10.wav,239182014,95192,riff,2dd4c9e3ae86348e
sounds,768,SAVE_MIRANDA_14.wav,239277206,90542,riff,ce750265a448b175
sounds,769,SAVE_MIRANDA_15.wav,239367748,26078,riff,b98cd209c9bb1067
sounds,770,SAVE_MIRANDA_16.wav,239393826,39148,riff,28d5e4525570d311
sounds,771,SAVE_MIRANDA_18.wav,239432974,9740,riff,851431b068c63565
sounds,772,SAVE_MIRANDA_19.wav,239442714,6522,riff,39f966cb56869dab
sounds,773,SAVE_MIRANDA_20.wav,239449236,63690,riff,c263a0d798456246
sounds,774,SAVE_MIRANDA_21.wav,239512926,14996,riff,f7048d93b3c079c9
sounds,775,SAVE_MIRANDA_22.wav,239527922,27172,riff,4c1c53dcb97c46d4
sounds,776,SAVE_MIRANDA_23.wav,239555094,5635,riff,2588e3e3245429d8
sounds,777,SAVE_MIRANDA_23A.wav,239560729,4258,riff,97b324f313f132f4
sounds,778,SAVE_MIRANDA_24.wav,239564987,25363,riff,36c81455911588e7
sounds,779,SAVE_MIRANDA_25.wav,239590350,81899,riff,5a3768722c475a8c
sounds,780,SAVE_MIRANDA_26.wav,239672249,37656,riff,0ba11217a1d57ab6
sounds,781,SAVE_MIRANDA_27.wav,239709905,106412,riff,0f6dba4899825c38
sounds,782,SAVE_MIRANDA_28.wav,239816317,75987,riff,33791ac8908c7737
sounds,783,SAVE_MIRANDA_29.wav,239892304,57928,riff,daf8f649ad939106
sounds,784,SAVE_MIRANDA_30.wav,239950232,28144,riff,30323ffc5ee5bc85
sounds,785,SAVE_MIRANDA_31.wav,239978376,69522,riff,db71178ff453abd8
sounds,786,SAVE_MIRANDA_32.wav,240047898,22962,riff,34396de087b15ede
sounds,787,SAVE_MIRANDA_33.wav,240070860,72027,riff,28f6782f0ae2128b
sounds,788,SAVE_MIRANDA_34.wav,240142887,21007,riff,657a0b339b2f4702
sounds,789,SAVE_MIRANDA_35.wav,240163894,46378,riff,69be8b9704cd7b18
sounds,790,SAVE_MIRANDA_36.wav,240210272,36079,riff,d661c737471bac6f
sounds,791,SAVE_MIRANDA_37.wav,240246351,13600,riff,ca2437bc517228de
sounds,792,SAVE_MIRANDA_38.wav,240259951,36210,riff,abc0584554704e76
sounds,793,SAVE_MIRANDA_39.wav,240296161,53096,riff,6f0f566e2eed7921
sounds,794,SAVE_MIRANDA_40.wav,240349257,175643,riff,0970bfcdb57d5083
sounds,795,SAVE_MIRANDA_40_a.wav,240524900,30626,riff,7bad0fe368a521ca
sounds,796,SECOND_ROOM_MESSAGE_01.wav,240555526,13686,riff,28915d5c75d5971c
sounds,797,SECOND_ROOM_MESSAGE_02.wav,240569212,41214,riff,4324a82f97605b37
sounds,798,SECOND_ROOM_MESSAGE_03.wav,240610426,13724,riff,1555ba7b7e6fcd8d
sounds,799,SECOND_ROOM_MESSAGE_04.wav,240624150,2898,riff,1fa5b007d5213706
sounds,800,SECOND_ROOM_MESSAGE_05.wav,240627048,8504,riff,71a07ea215171fc4
sounds,801,SECOND_ROOM_MESSAGE_06.wav,240635552,17761,riff,829d6eda0e333685
sounds,802,SECOND_ROOM_MESSAGE_07.wav,240653313,38603,riff,289b61ee63239a6e
sounds,803,SECOND_ROOM_MESSAGE_08.wav,240691916,31372,riff,2dc1f1ed7250b0ea
sounds,804,SECOND_ROOM_MESSAGE_09.wav,240723288,35573,riff,f423bd770b331a68
sounds,805,SECOND_ROOM_MESSAGE_11.wav,240758861,9985,riff,d962b68cf0767cfb
sounds,806,SELINA_ENTRANCE_01.wav,240768846,12199,riff,3863b0d825424985
sounds,807,SELINA_ENTRANCE_02.wav,240781045,15232,riff,873225865406cf02
sounds,808,SELINA_ENTRANCE_03.wav,240796277,22644,riff,681fa8745e47f0a3
sounds,809,SELINA_STRYVER_BAR_1.wav,240818921,69448,riff,29c5ab490b596f44
sounds,810,SELINA_STRYVER_BAR_2.wav,240888369,20393,riff,2d547ffdfeaf5c68
sounds,811,SELINA_STRYVER_BAR_3.wav,240908762,17651,riff,3caccb9d68e4ad68
sounds,812,SELINA_STRYVER_BAR_4.wav,240926413,67217,riff,18218e6a607cfe6d
sounds,813,SELINA_STRYVER_BAR_5.wav,240993630,72783,riff,d231628f52437b31
sounds,814,SELINA_STRYVER_BAR_6.wav,241066413,27673,riff,7c924b374be847bb
sounds,815,SE_DIALOG_LUCIUS_1.wav,241094086,47316,riff,84de973f60ecfcd2
sounds,816,SE_DIALOG_LUCIUS_2.wav,241141402,17008,riff,02cfb7660ce351b6
sounds,817,SE_DIALOG_LUCIUS_3.wav,241158410,136445,riff,0de99d0cc72ce72b
sounds,818,SE_DIALOG_LUCIUS_4.wav,241294855,12181,riff,b63ba8b699a994ee
sounds,819,SE_DIALOG_LUCIUS_5.wav,241307036,102278,riff,e788f5deb255e652
sounds,820,SE_DIALOG_LUCIUS_7.wav,241409314,18980,riff,ef71bab98fe6b1d8
sounds,821,SE_FINAL_CINEMATIC1.wav,241428294,127160,riff,06d5e2e7e88e9115
sounds,822,SE_FINAL_CINEMATIC1_Alt_a.wav,241555454,191284,riff,dd7a3fac29473f61
sounds,823,SE_FINAL_CINEMATIC2.wav,241746738,26302,riff,139bbf130e0952d4
sounds,824,SE_FINAL_CINEMATIC3.wav,241773040,44704,riff,32f140de957864c0
sounds,825,SE_HOSTAGE_RESCUE_06.wav,241817744,28114,riff,ffde4a7590f9c0b9
sounds,826,SE_HOSTAGE_RESCUE_07.wav,241845858,65663,riff,a198d91afaccc8ed
sounds,827,SE_HOSTAGE_RESCUE_08.wav,241911521,10532,riff,3a36dfc8e7b91d16
sounds,828,SE_HOSTAGE_RESCUE_09.wav,241922053,30586,riff,c1bb166d3a546c27
sounds,829,SE_HOSTAGE_RESCUE_10.wav,241952639,29956,riff,9d7e8b1f4b219ad9
sounds,830,SE_HOSTAGE_RESCUE_11.wav,241982595,17598,riff,b89bfa45ce3468e3
sounds,831,SE_HOSTAGE_RESCUE_12.wav,242000193,28982,riff,f52d3feeadfbef9d
sounds,832,SE_HOSTAGE_RESCUE_13.wav,242029175,45949,riff,898a74ff70faaeb7
sounds,833,SE_HOSTAGE_RESCUE_14.wav,242075124,11622,riff,b19938ad9918b751
sounds,834,SE_HOSTAGE_RESCUE_15.wav,242086746,10682,riff,54662ed4d5bdb45e
sounds,835,SE_HOSTAGE_RESCUE_16.wav,242097428,28124,riff,01d582ef515946c2
sounds,836,SE_HOSTAGE_RESCUE_17.wav,242125552,22172,riff,b54eef392013dfd5
sounds,837,SE_OBJECTIVE_03.wav,242147724,29565,riff,bbcad883c685d01e
sounds,838,SE_RANDOM_TALK_THU1.wav,242177289,13823,riff,f66025d8e3bbc0cd
sounds,839,SE_RANDOM_TALK_THU10.wav,242191112,16492,riff,fb2284875d2d8d06
sounds,840,SE_RANDOM_TALK_THU11.wav,242207604,12962,riff,28eea7facd484b5d
sounds,841,SE_RANDOM_TALK_THU12.wav,242220566,31735,riff,47859e56c4429922
sounds,842,SE_RANDOM_TALK_THU3.wav,242252301,21733,riff,b7a33f4d352e8b6b
sounds,843,SE_RANDOM_TALK_THU4.wav,242274034,22481,riff,043bc8c84382dc52
sounds,844,SE_RANDOM_TALK_THU4A.wav,242296515,18326,riff,360cb7788cbd46ab
sounds,845,SE_RANDOM_TALK_THU5.wav,242314841,13366,riff,8057a702558da929
sounds,846,SE_RANDOM_TALK_THU6.wav,242328207,26335,riff,af71e170ae99db04
sounds,847,SE_RANDOM_TALK_THU7.wav,242354542,11439,riff,cc9cdec406dd1aaf
sounds,848,sfx_achievement_1.wav,242365981,141114,riff,aa865a35379906af
sounds,849,sfx_achievement_2.wav,242507095,130512,riff,a88feaaa8bd31bbb
sounds,850,sfx_achievement_3.wav,242637607,143268,riff,75cf0e4600bc2d13
sounds,851,sfx_add_roller_1.wav,242780875,34828,riff,02aa45fae793e681
sounds,852,sfx_add_roller_2.wav,242815703,36221,riff,22bd8be6bf840355
sounds,853,sfx_add_roller_3.wav,242851924,37418,riff,463ac0180e494c47
sounds,854,sfx_alarm.wav,242889342,95272,riff,ae201bc6e3358e16
sounds,855,sfx_almost_dead.wav,242984614,1307800,riff,0a1d8d248816341d
sounds,856,sfx_almost_dead_recover.wav,244292414,177668,riff,dbbbb378406aae89
sounds,857,sfx_ambiance_pit.wav,244470082,1022720,riff,36efe1b13018ce84
sounds,858,sfx_ambiance_police_station.vxn,245492802,1847148,bin,fd5eed67c66a5e01
sounds,859,sfx_ambiance_powerplant.vxn,247339950,4829460,bin,da7d0ece850b17b0
sounds,860,sfx_ambiance_stock_exchange.wav,252169410,2161856,riff,cfd9d6b820d3cda6
sounds,861,sfx_ambiance_underground.wav,254331266,1389378,riff,482d31828fc7e508
sounds,862,sfx_ambiance_underground_tracks.wav,255720644,658802,riff,13299bb2ad3e34b1
sounds,863,sfx_ambiance_wayne_ext_rain.vxn,256379446,1943328,bin,404519fb42198500
sounds,864,sfx_ambiance_wayne_int.wav,258322774,1792174,riff,4f71a444d3ae77c0
sounds,865,sfx_amb_balcony_left.wav,260114948,509314,riff,dc2b5468db7f1e76
sounds,866,sfx_amb_balcony_right.wav,260624262,509314,riff,dc2b5468db7f1e76
sounds,867,sfx_amb_batcave.wav,261133576,3078104,riff,7be9919708c70f48
sounds,868,sfx_amb_military_outside.wav,264211680,2440582,riff,64b91631ed803f1a
sounds,869,sfx_amb_military_small_room.wav,266652262,931458,riff,05ef7b15c896e8c0
sounds,870,sfx_amb_military_wharehouse.wav,267583720,1170376,riff,e2a15f81d48d95e6
sounds,871,sfx_amb_pit_cave.wav,268754096,760052,riff,2929766b9e25aa92
sounds,872,sfx_amb_pit_first_room.wav,269514148,1392596,riff,49129e8a40452f61
sounds,873,sfx_amb_pit_hallway.wav,270906744,776912,riff,08eab88836e708d0
sounds,874,sfx_amb_pit_large_room.wav,271683656,779738,riff,5e465ab6304ecf00
sounds,875,sfx_amb_pit_last_room.wav,272463394,326856,riff,5f1f7373c36e666c
sounds,876,sfx_amb_pit_machine_hallway.wav,272790250,923744,riff,9340c42160feebb8
sounds,877,sfx_amb_pit_sun_chain_room.wav,273713994,1015182,riff,bde67d1923bc1103
sounds,878,sfx_amb_police_headquarters_high_exterior.wav,274729176,1588592,riff,edfbcb022b7959e7
sounds,879,sfx_amb_police_headquarters_inside_ext_building.wav,276317768,791454,riff,b81f71ca2743f6f6
sounds,880,sfx_amb_police_headquarters_low_exterior.wav,277109222,1277686,riff,91b660493059b411
sounds,881,sfx_amb_police_headquarters_main_interior.wav,278386908,888458,riff,125dbf1470a5577b
sounds,882,sfx_amb_sparks_1.wav,279275366,33967,riff,74f05d4b15c8b75c
sounds,883,sfx_amb_sparks_2.wav,279309333,30529,riff,71b34760342094d5
sounds,884,sfx_amb_sparks_3.wav,279339862,20662,riff,86c5aa9f9c5247ec
sounds,885,sfx_amb_sparks_4.wav,279360524,30750,riff,0c044149802986b2
sounds,886,sfx_amb_stadium_outside.wav,279391274,1436998,riff,3b4de42064ef2eb5
sounds,887,sfx_amb_stadium_underground.wav,280828272,753060,riff,d6bf75678a3bc8d2
sounds,888,sfx_amb_underground_hallway.wav,281581332,691868,riff,a520c3328915e4de
sounds,889,sfx_amb_underground_water_room.wav,282273200,478768,riff,2b1aba109242cbd8
sounds,890,sfx_arm_disarm_loop.wav,282751968,89292,riff,f78485d3fbba2c24
sounds,891,sfx_attack_car_door_grab.wav,282841260,59232,riff,368cfc239279138f
sounds,892,sfx_attack_car_door_rip.wav,282900492,82114,riff,e806c07595f7d868
sounds,893,sfx_attack_car_windshield_grab.wav,282982606,15174,riff,cf4da90d6dbf932d
sounds,894,sfx_attack_car_windshield_pull_loop.wav,282997780,72439,riff,de6d64e9999d4fc8
sounds,895,sfx_attack_car_windshield_rip.wav,283070219,27521,riff,da0940d6a341f945
sounds,896,sfx_bane_big_punch_1.wav,283097740,8506,riff,dc9bfdef359cc1f5
sounds,897,sfx_bane_big_punch_2.wav,283106246,10793,riff,a59580928aa1a490
sounds,898,sfx_bane_death.wav,283117039,31638,riff,9852ff22ff813bd2
sounds,899,sfx_bane_hurt_hard_1.wav,283148677,7230,riff,8da9d61d2b94a200
sounds,900,sfx_bane_hurt_hard_2.wav,283155907,6038,riff,78c3e0403fdeae05
sounds,901,sfx_bane_hurt_hard_3.wav,283161945,7135,riff,59ec3ac55088e1a6
sounds,902,sfx_bane_hurt_hard_4.wav,283169080,7140,riff,21e019c3734170f3
sounds,903,sfx_bane_hurt_hard_5.wav,283176220,7244,riff,1bd32f27868b6e6f
sounds,904,sfx_bane_hurt_light_1.wav,283183464,6135,riff,8100afd7d74aedc0
sounds,905,sfx_bane_hurt_light_2.wav,283189599,4874,riff,2cf0b14640bb7801
sounds,906,sfx_bane_hurt_light_3.wav,283194473,4471,riff,facce72e8f839620
sounds,907,sfx_bane_hurt_light_4.wav,283198944,3559,riff,38a328814e70a685
sounds,908,sfx_bane_hurt_light_5.wav,283202503,5510,riff,55cb2646b02b4413
sounds,909,sfx_bane_intro.wav,283208013,940738,riff,de5c3e8d018313c0
sounds,910,sfx_bane_kick_1.wav,284148751,8210,riff,8b4fddff0f9eaf39
sounds,911,sfx_bane_kick_2.wav,284156961,8210,riff,8b4fddff0f9eaf39
sounds,912,sfx_bane_punch_1.wav,284165171,9455,riff,354cc9d9ecbb302f
sounds,913,sfx_bane_punch_2.wav,284174626,9622,riff,b39dfbf454f077b0
sounds,914,sfx_bane_throws_batman_1.wav,284184248,17306,riff,bb4e364782ab16a8
sounds,915,sfx_bane_throws_batman_2.wav,284201554,16591,riff,278f1ec7347ec826
sounds,916,sfx_bane_throws_batman_3.wav,284218145,13678,riff,78c32e452f1d8464
sounds,917,sfx_bane_throws_batman_4.wav,284231823,12138,riff,9f740f8b858a4b46
sounds,918,sfx_bane_throws_batman_5.wav,284243961,14150,riff,d17e95ddef135ff2
sounds,919,sfx_bane_voice_attack_kick_1.wav,284258111,6427,riff,0a37d5009108a68b
sounds,920,sfx_bane_voice_attack_kick_2.wav,284264538,5973,riff,037f44f60668540b
sounds,921,sfx_bane_voice_attack_kick_3.wav,284270511,6108,riff,dac29a62720f3f3f
sounds,922,sfx_bane_voice_attack_kick_4.wav,284276619,5532,riff,47f42e78e1bc06e3
sounds,923,sfx_bane_voice_attack_punch_1.wav,284282151,4790,riff,f48ae0a21c4e5f7e
sounds,924,sfx_bane_voice_attack_punch_2.wav,284286941,4513,riff,11cd535f6ee2b1cb
sounds,925,sfx_bane_voice_attack_punch_3.wav,284291454,4720,riff,b728b286e378f162
sounds,926,sfx_bane_voice_attack_punch_4.wav,284296174,4186,riff,49a24aeaf19c259b
sounds,927,sfx_bane_voice_attack_punch_5.wav,284300360,4044,riff,fee11577e2e7cc90
sounds,928,sfx_bane_voice_attack_punch_6.wav,284304404,4068,riff,177f18f3002e5b0b
sounds,929,sfx_batarang_loop.wav,284308472,93092,riff,c1c2bdcf645a4a82
sounds,930,sfx_batarang_start_1.wav,284401564,55038,riff,08949a86bf50759d
sounds,931,sfx_batarang_start_2.wav,284456602,54814,riff,17927e6cbce2b199
sounds,932,sfx_batarang_start_3.wav,284511416,56096,riff,d5aada1c8a9e7578
sounds,933,sfx_batman_attack_cross_1.wav,284567512,48878,riff,22dab6fc13e95ea4
sounds,934,sfx_batman_attack_cross_2.wav,284616390,50296,riff,6dee9f3cdc39fe1e
sounds,935,sfx_batman_attack_down_thrust_1.wav,284666686,43876,riff,57dcf9b98edbc40c
sounds,936,sfx_batman_attack_down_thrust_2.wav,284710562,43552,riff,ee87dc7e6589f322
sounds,937,sfx_batman_attack_hook_1.wav,284754114,45050,riff,53afb37d33660983
sounds,938,sfx_batman_attack_hook_2.wav,284799164,38684,riff,6c7db1339a96a9cf
sounds,939,sfx_batman_attack_jab_1.wav,284837848,25576,riff,373cc1a5e4f82c5f
sounds,940,sfx_batman_attack_jab_2.wav,284863424,27094,riff,51fba62238d8edd8
sounds,941,sfx_batman_attack_spin_kick_1.wav,284890518,53154,riff,bc9bb6f1733095dd
sounds,942,sfx_batman_attack_spin_kick_2.wav,284943672,58426,riff,12a73309893d9057
sounds,943,sfx_batman_attack_uppercut_1.wav,285002098,37090,riff,cd43e497c5bd8835
sounds,944,sfx_batman_attack_uppercut_2.wav,285039188,36336,riff,17e89808316fa6ef
sounds,945,sfx_batman_choke_1.wav,285075524,49768,riff,c82f5e05519d4251
sounds,946,sfx_batman_choke_2.wav,285125292,49878,riff,4839d037728edc55
sounds,947,sfx_batman_choke_3.wav,285175170,44685,riff,a6bcfeb174540714
sounds,948,sfx_batman_combat_counterstrike_cross.wav,285219855,19743,riff,1308adbeb76a7fa8
sounds,949,sfx_batman_combat_counterstrike_jab.wav,285239598,25622,riff,3a7b96e4b8d10f24
sounds,950,sfx_batman_combat_counterstrike_kick.wav,285265220,58519,riff,71fcaacc9176e2d7
sounds,951,sfx_batman_combat_counterstrike_left_crowbar.wav,285323739,96772,riff,fddce467846f50da
sounds,952,sfx_batman_combat_counterstrike_right_crowbar.wav,285420511,89180,riff,eb35a27901d9d352
sounds,953,sfx_batman_combat_heavystrike_both_hands.wav,285509691,118444,riff,a8d979c2f3b27f61
sounds,954,sfx_batman_combat_heavystrike_kick_1.wav,285628135,98832,riff,7671cec3f1fa6ce9
sounds,955,sfx_batman_combat_heavystrike_kick_2.wav,285726967,104992,riff,1c3f30736f31818c
sounds,956,sfx_batman_combat_heavystrike_punch_1.wav,285831959,98866,riff,1567e6cff3c4588e
sounds,957,sfx_batman_combat_heavystrike_punch_2.wav,285930825,114252,riff,00dae49ba3cb32ef
sounds,958,sfx_batman_combat_heavystrike_punch_3.wav,286045077,91200,riff,1369ce0b5f3c44df
sounds,959,sfx_batman_combat_heavystrike_punch_4.wav,286136277,105098,riff,4918311308a9d996
sounds,960,sfx_batman_combat_strike_1_elbow.wav,286241375,27577,riff,cb766bfdb5757c9d
sounds,961,sfx_batman_combat_strike_1_punch_1.wav,286268952,22467,riff,46421b9d8d633591
sounds,962,sfx_batman_combat_strike_1_punch_2.wav,286291419,28924,riff,dc23a0323880200c
sounds,963,sfx_batman_combat_strike_2_elbow.wav,286320343,34188,riff,9f2b368957424953
sounds,964,sfx_batman_combat_strike_2_kick.wav,286354531,45907,riff,b0898e0229580528
sounds,965,sfx_batman_combat_strike_2_knee.wav,286400438,42928,riff,8f6309ce9df489c9
sounds,966,sfx_batman_combat_strike_2_punch_1.wav,286443366,34000,riff,f259e8ec909a90ce
sounds,967,sfx_batman_combat_strike_2_punch_2.wav,286477366,28875,riff,3ff9fd51c8b0796a
sounds,968,sfx_batman_combat_strike_3_head.wav,286506241,55925,riff,011bb9fcd91ca8e8
sounds,969,sfx_batman_combat_strike_3_kick.wav,286562166,44767,riff,72f8c12577656608
sounds,970,sfx_batman_combat_strike_3_knee.wav,286606933,37112,riff,8681fb9ee467b9db
sounds,971,sfx_batman_combat_strike_3_punch_1.wav,286644045,28952,riff,b7faa72d3cd7dc86
sounds,972,sfx_batman_disable.wav,286672997,77482,riff,60f152aef39f5ad5
sounds,973,sfx_batman_disarm.wav,286750479,77482,riff,60f152aef39f5ad5
sounds,974,sfx_batman_fall.vxn,286827961,731854,bin,f861c2b68112060a
sounds,975,sfx_batman_grab_body_1.wav,287559815,6159,riff,d3843756deb819a8
sounds,976,sfx_batman_grab_body_2.wav,287565974,11846,riff,0b36b6d7aa8d48b9
sounds,977,sfx_batman_grab_body_3.wav,287577820,10686,riff,4c2ffa9145365747
sounds,978,sfx_batman_grab_gun_1.wav,287588506,24391,riff,85982e76c4a1ed5b
sounds,979,sfx_batman_grab_gun_2.wav,287612897,23976,riff,bb34c17acab28aa6
sounds,980,sfx_batman_hurt_1.wav,287636873,6893,riff,a8dc10e9ef3c25e6
sounds,981,sfx_batman_hurt_2.wav,287643766,8509,riff,05c475a155a69ae3
sounds,982,sfx_batman_hurt_3.wav,287652275,8218,riff,562861300c714676
sounds,983,sfx_batman_impact_1.wav,287660493,10122,riff,a06417888d55c19d
sounds,984,sfx_batman_impact_2.wav,287670615,10343,riff,7f33e3af6273196e
sounds,985,sfx_batman_impact_3.wav,287680958,11447,riff,4562c3da1ae72f50
sounds,986,sfx_batman_impact_crowbar_1.wav,287692405,9993,riff,b2e28988f1164950
sounds,987,sfx_batman_impact_crowbar_2.wav,287702398,10181,riff,93470ce4b0e547ac
sounds,988,sfx_batman_impact_crowbar_3.wav,287712579,11500,riff,cd707f1f794e134f
sounds,989,sfx_batman_jump_1.wav,287724079,9967,riff,5bc8e1b69bd0aedf
sounds,990,sfx_batman_jump_2.wav,287734046,9390,riff,bc30f903698efa35
sounds,991,sfx_batman_jump_3.wav,287743436,10315,riff,140048b3e435226c
sounds,992,sfx_batman_jump_4.wav,287753751,9836,riff,095674cb9aa0c790
sounds,993,sfx_batman_jump_dive_1.wav,287763587,97988,riff,1140b0cf1c71da49
sounds,994,sfx_batman_jump_dive_2.wav,287861575,106478,riff,eed96eb8498b9fe9
sounds,995,sfx_batman_killed_1.wav,287968053,29017,riff,5bc5fc5947c9d21c
sounds,996,sfx_batman_killed_2.wav,287997070,29017,riff,5bc5fc5947c9d21c
sounds,997,sfx_batman_killed_3.wav,288026087,26268,riff,fb058f87f0e7e4a6
sounds,998,sfx_batman_land_car_1.wav,288052355,24519,riff,769cf68b51af9040
sounds,999,sfx_batman_land_car_2.wav,288076874,20244,riff,f918ae6704b48532
sounds,1000,sfx_batman_land_car_3.wav,288097118,19861,riff,1cf4f221d35e6eb3
sounds,1001,sfx_batman_land_car_smash_1.wav,288116979,55536,riff,c910560131fa7841
sounds,1002,sfx_batman_land_car_smash_2.wav,288172515,73244,riff,b3b52dec82e2da25
sounds,1003,sfx_batman_land_enemy_1.wav,288245759,73054,riff,2b80b4d7a2aed9b1
sounds,1004,sfx_batman_land_enemy_2.wav,288318813,73054,riff,2b80b4d7a2aed9b1
sounds,1005,sfx_batman_land_enemy_3.wav,288391867,73054,riff,2b80b4d7a2aed9b1
sounds,1006,sfx_batman_land_hard_1.wav,288464921,33064,riff,1a9752778bd7907a
sounds,1007,sfx_batman_land_hard_2.wav,288497985,36272,riff,3ba17bdf3cd89931
sounds,1008,sfx_batman_land_hard_3.wav,288534257,33768,riff,654f8044be7a6ad5
sounds,1009,sfx_batman_land_pillar_1.wav,288568025,44214,riff,6c134df390792b69
sounds,1010,sfx_batman_land_pillar_2.wav,288612239,44214,riff,6c134df390792b69
sounds,1011,sfx_batman_land_pillar_3.wav,288656453,44214,riff,6c134df390792b69
sounds,1012,sfx_batman_movement_1.wav,288700667,12234,riff,47a97db16fd3949c
sounds,1013,sfx_batman_movement_10.wav,288712901,12234,riff,47a97db16fd3949c
sounds,1014,sfx_batman_movement_11.wav,288725135,12234,riff,47a97db16fd3949c
sounds,1015,sfx_batman_movement_12.wav,288737369,12234,riff,47a97db16fd3949c
sounds,1016,sfx_batman_movement_13.wav,288749603,12234,riff,47a97db16fd3949c
sounds,1017,sfx_batman_movement_14.wav,288761837,12234,riff,47a97db16fd3949c
sounds,1018,sfx_batman_movement_15.wav,288774071,12234,riff,47a97db16fd3949c
sounds,1019,sfx_batman_movement_16.wav,288786305,12234,riff,47a97db16fd3949c
sounds,1020,sfx_batman_movement_17.wav,288798539,12234,riff,47a97db16fd3949c
sounds,1021,sfx_batman_movement_18.wav,288810773,12234,riff,47a97db16fd3949c
sounds,1022,sfx_batman_movement_2.wav,288823007,12234,riff,47a97db16fd3949c
sounds,1023,sfx_batman_movement_3.wav,288835241,12234,riff,47a97db16fd3949c
sounds,1024,sfx_batman_movement_4.wav,288847475,12234,riff,47a97db16fd3949c
sounds,1025,sfx_batman_movement_5.wav,288859709,12234,riff,47a97db16fd3949c
sounds,1026,sfx_batman_movement_6.wav,288871943,12234,riff,47a97db16fd3949c
sounds,1027,sfx_batman_movement_7.wav,288884177,12234,riff,47a97db16fd3949c
sounds,1028,sfx_batman_movement_8.wav,288896411,12234,riff,47a97db16fd3949c
sounds,1029,sfx_batman_movement_9.wav,288908645,12234,riff,47a97db16fd3949c
sounds,1030,sfx_batman_movement_fight_1.wav,288920879,15389,riff,f6f51acf1e61bd7e
sounds,1031,sfx_batman_movement_fight_2.wav,288936268,15389,riff,f6f51acf1e61bd7e
sounds,1032,sfx_batman_movement_fight_3.wav,288951657,15389,riff,f6f51acf1e61bd7e
sounds,1033,sfx_batman_movement_fight_4.wav,288967046,15389,riff,f6f51acf1e61bd7e
sounds,1034,sfx_batman_movement_fight_5.wav,288982435,15389,riff,f6f51acf1e61bd7e
sounds,1035,sfx_batman_movement_fight_6.wav,288997824,15389,riff,f6f51acf1e61bd7e
sounds,1036,sfx_batman_movement_fight_7.wav,289013213,15389,riff,f6f51acf1e61bd7e
sounds,1037,sfx_batman_voice_bullet_impact_1.wav,289028602,3916,riff,d111cbb942a3b47b
sounds,1038,sfx_batman_voice_bullet_impact_2.wav,289032518,4162,riff,e272906cb337bcae
sounds,1039,sfx_batman_voice_bullet_impact_3.wav,289036680,4631,riff,dca50a2bdaed8d98
sounds,1040,sfx_batman_voice_bullet_impact_4.wav,289041311,4583,riff,84aec23f032783a7
sounds,1041,sfx_batman_voice_bullet_impact_5.wav,289045894,5152,riff,59a8a8f68387e1a4
sounds,1042,sfx_batman_voice_bullet_impact_6.wav,289051046,5181,riff,24163caee8cbf7a7
sounds,1043,sfx_batman_voice_choke_enemy_1.wav,289056227,4376,riff,d67b23700fa2ae14
sounds,1044,sfx_batman_voice_choke_enemy_2.wav,289060603,5814,riff,2b831e4a1b9db8a8
sounds,1045,sfx_batman_voice_choke_enemy_3.wav,289066417,7878,riff,f38b3e43ac8d9bad
sounds,1046,sfx_batman_voice_choke_enemy_4.wav,289074295,6573,riff,d88e7f06c9ad0c4e
sounds,1047,sfx_batman_voice_coughing_1.wav,289080868,32042,riff,75c40e794cafd0b1
sounds,1048,sfx_batman_voice_coughing_2.wav,289112910,25643,riff,cfce9362c954c750
sounds,1049,sfx_batman_voice_coughing_3.wav,289138553,32297,riff,9805a28ee5377ad4
sounds,1050,sfx_batman_voice_coughing_4.wav,289170850,52068,riff,1a9de9450279fae1
sounds,1051,sfx_batman_voice_counterattack_1.wav,289222918,3567,riff,14ab40339d26e277
sounds,1052,sfx_batman_voice_counterattack_2.wav,289226485,2786,riff,2bb36048f72605bd
sounds,1053,sfx_batman_voice_counterattack_3.wav,289229271,3776,riff,2f325e1dde908032
sounds,1054,sfx_batman_voice_counterattack_4.wav,289233047,4142,riff,d6cb6af5a9e77747
sounds,1055,sfx_batman_voice_death_1.wav,289237189,20268,riff,54c65439e8ed8a24
sounds,1056,sfx_batman_voice_death_2.wav,289257457,11993,riff,d628931d57adc2d4
sounds,1057,sfx_batman_voice_death_3.wav,289269450,17521,riff,c1ba595ac8078716
sounds,1058,sfx_batman_voice_death_4.wav,289286971,32085,riff,67e4a5f83ee55c38
sounds,1059,sfx_batman_voice_hurt_by_bane_1.wav,289319056,38143,riff,5f11d74b3c8c11ad
sounds,1060,sfx_batman_voice_hurt_by_bane_2.wav,289357199,39469,riff,4d68dc35cf456ec9
sounds,1061,sfx_batman_voice_hurt_hard_1.wav,289396668,4244,riff,f064b603dfd96cd5
sounds,1062,sfx_batman_voice_hurt_hard_2.wav,289400912,4901,riff,878fc4eddf802025
sounds,1063,sfx_batman_voice_hurt_hard_3.wav,289405813,4978,riff,38ab4967c9f76d21
sounds,1064,sfx_batman_voice_hurt_hard_4.wav,289410791,3650,riff,aebfa4a23460e474
sounds,1065,sfx_batman_voice_hurt_hard_5.wav,289414441,4949,riff,26343a07677fbcf9
sounds,1066,sfx_batman_voice_hurt_hard_6.wav,289419390,4358,riff,07c71beeb19e254d
sounds,1067,sfx_batman_voice_hurt_light_1.wav,289423748,3578,riff,9feb74b83529bb36
sounds,1068,sfx_batman_voice_hurt_light_2.wav,289427326,3302,riff,38b73e1e372fe1e2
sounds,1069,sfx_batman_voice_hurt_light_3.wav,289430628,3322,riff,67266d42f4adfd78
sounds,1070,sfx_batman_voice_hurt_light_4.wav,289433950,4104,riff,5df74afe7e5ae8a8
sounds,1071,sfx_batman_voice_hurt_light_5.wav,289438054,4334,riff,a8d38a3a46d4e56f
sounds,1072,sfx_batman_voice_hurt_light_6.wav,289442388,3881,riff,6d2a00bd113dbd64
sounds,1073,sfx_batman_voice_jump_1.wav,289446269,3121,riff,c3b09ce205b962f2
sounds,1074,sfx_batman_voice_jump_2.wav,289449390,3051,riff,1b5d4319882f9afa
sounds,1075,sfx_batman_voice_jump_3.wav,289452441,3798,riff,9a64cb6d909b5839
sounds,1076,sfx_batman_voice_jump_4.wav,289456239,2467,riff,fda96c5d1ec61c02
sounds,1077,sfx_batman_voice_jump_5.wav,289458706,2978,riff,a91bc93907683ec0
sounds,1078,sfx_batman_voice_jump_6.wav,289461684,3563,riff,078856790f6b9b41
sounds,1079,sfx_batman_voice_kick_1.wav,289465247,4345,riff,b41823a396171ebb
sounds,1080,sfx_batman_voice_kick_2.wav,289469592,4788,riff,52225d8786e67928
sounds,1081,sfx_batman_voice_kick_3.wav,289474380,4171,riff,941ef1f7c37fb895
sounds,1082,sfx_batman_voice_kick_4.wav,289478551,5641,riff,8edb6213b641428d
sounds,1083,sfx_batman_voice_kick_5.wav,289484192,3241,riff,de6df422699e0734
sounds,1084,sfx_batman_voice_land_hard_1.wav,289487433,7337,riff,80c09b6e99c8fcf3
sounds,1085,sfx_batman_voice_land_hard_2.wav,289494770,8243,riff,71cd2582a4cd672f
sounds,1086,sfx_batman_voice_land_hard_3.wav,289503013,9534,riff,92a1e614f1a7b26a
sounds,1087,sfx_batman_voice_land_hard_4.wav,289512547,9305,riff,ebb0da514ab61df3
sounds,1088,sfx_batman_voice_land_light_1.wav,289521852,1641,riff,88f7b7d38b837f88
sounds,1089,sfx_batman_voice_land_light_2.wav,289523493,2646,riff,0f6a7d1e02a66f2c
sounds,1090,sfx_batman_voice_land_light_3.wav,289526139,3625,riff,d32421152feda31c
sounds,1091,sfx_batman_voice_land_light_4.wav,289529764,3274,riff,a8b7446b4f848a3a
sounds,1092,sfx_batman_voice_pull_up_ledge_1.wav,289533038,3494,riff,311fb90056502c53
sounds,1093,sfx_batman_voice_pull_up_ledge_2.wav,289536532,5821,riff,add3788128fe6c9d
sounds,1094,sfx_batman_voice_pull_up_ledge_3.wav,289542353,4761,riff,baa6ec506057d0b3
sounds,1095,sfx_batman_voice_pull_up_ledge_4.wav,289547114,4017,riff,fdc2114514be976e
sounds,1096,sfx_batman_voice_swing_fist_hard_1.wav,289551131,5152,riff,59a8a8f68387e1a4
sounds,1097,sfx_batman_voice_swing_fist_hard_2.wav,289556283,5515,riff,9e9ede813b4d7fec
sounds,1098,sfx_batman_voice_swing_fist_hard_3.wav,289561798,5804,riff,2e53ed8690792c31
sounds,1099,sfx_batman_voice_swing_fist_hard_4.wav,289567602,5921,riff,110004f3e3b3042b
sounds,1100,sfx_batman_voice_swing_fist_hard_5.wav,289573523,6142,riff,d31bb87447a4c1e6
sounds,1101,sfx_batman_voice_swing_fist_hard_6.wav,289579665,7439,riff,a149f9bc1334e978
sounds,1102,sfx_batman_voice_swing_fist_light_1.wav,289587104,2960,riff,24049e8436871c2b
sounds,1103,sfx_batman_voice_swing_fist_light_2.wav,289590064,3989,riff,c0b34efc3bf6647c
sounds,1104,sfx_batman_voice_swing_fist_light_3.wav,289594053,3506,riff,87baf4ceadf0a835
sounds,1105,sfx_batman_voice_swing_fist_light_4.wav,289597559,3190,riff,7303bdb8789f84c5
sounds,1106,sfx_batman_voice_swing_fist_light_5.wav,289600749,3970,riff,e1620c4bee0276e6
sounds,1107,sfx_batman_voice_swing_fist_light_6.wav,289604719,3377,riff,f76aacaae8214819
sounds,1108,sfx_batman_voice_throws_batarang_1.wav,289608096,3626,riff,5a68cd7ef0415456
sounds,1109,sfx_batman_voice_throws_batarang_2.wav,289611722,2773,riff,9458cbd650c07652
sounds,1110,sfx_batman_voice_throws_batarang_3.wav,289614495,4110,riff,9d010f64150275c1
sounds,1111,sfx_batman_voice_throws_batarang_4.wav,289618605,4130,riff,3ebe3c4a031ba613
sounds,1112,sfx_batman_voice_throws_enemy_1.wav,289622735,8015,riff,b051e2a7e5776a4d
sounds,1113,sfx_batman_voice_throws_enemy_2.wav,289630750,8834,riff,3e012d7b47e8718d
sounds,1114,sfx_batman_voice_throws_enemy_3.wav,289639584,19075,riff,140b05dd86fb8572
sounds,1115,sfx_batman_voice_throws_enemy_4.wav,289658659,15926,riff,2644b6698b38249c
sounds,1116,sfx_batman_voice_throws_grenade_1.wav,289674585,4487,riff,760fdbb627c62e63
sounds,1117,sfx_batman_voice_throws_grenade_2.wav,289679072,6225,riff,4c6b49e6cf61597e
sounds,1118,sfx_batman_voice_throws_grenade_3.wav,289685297,4436,riff,64bea4eb41d24f0f
sounds,1119,sfx_batman_voice_throws_grenade_4.wav,289689733,7634,riff,b067e879f90583ef
sounds,1120,sfx_batpod_impact_1.wav,289697367,14652,riff,afbaf21e79c98234
sounds,1121,sfx_batpod_impact_2.wav,289712019,14417,riff,8e66a855fc950394
sounds,1122,sfx_batpod_impact_3.wav,289726436,17353,riff,32b4d2eec79eb244
sounds,1123,sfx_batpod_impact_4.wav,289743789,17530,riff,e07200fb53319022
sounds,1124,sfx_batpod_impact_5.wav,289761319,14962,riff,d2f6e62056ea6495
sounds,1125,sfx_batpod_impact_6.wav,289776281,18966,riff,a483d415e1f56252
sounds,1126,sfx_batpod_shoot_loop.wav,289795247,103300,riff,93b2d4c3c0f05a9c
sounds,1127,sfx_batpod_shoot_tail.wav,289898547,71530,riff,b01ad327cf481ee6
sounds,1128,sfx_batpod_shutoff.wav,289970077,36544,riff,47d88080a6b74ba7
sounds,1129,sfx_bat_impact_1.wav,290006621,18845,riff,ae9e1d46cd06d43c
sounds,1130,sfx_bat_impact_2.wav,290025466,20406,riff,eddb2dc39e406fd6
sounds,1131,sfx_bat_impact_3.wav,290045872,25573,riff,a873b7e493ce2c66
sounds,1132,sfx_bat_impact_4.wav,290071445,25094,riff,b66e4dacb9025b4a
sounds,1133,sfx_bat_shoot_1.wav,290096539,101670,riff,74e012a3dfdb8185
sounds,1134,sfx_bat_shoot_2.wav,290198209,108120,riff,73c497c7d4da0644
sounds,1135,sfx_bat_shoot_3.wav,290306329,108120,riff,73c497c7d4da0644
sounds,1136,sfx_bat_shoot_4.wav,290414449,140504,riff,70292bad6243bdfd
sounds,1137,sfx_bat_shutoff.wav,290554953,67480,riff,e7b2f4a2667db42f
sounds,1138,sfx_bat_turn_1.wav,290622433,156150,riff,c46b9445c5b0bd6d
sounds,1139,sfx_bat_turn_2.wav,290778583,159904,riff,082ed095792fcb76
sounds,1140,sfx_bat_turn_3.wav,290938487,138992,riff,ecd73bc15bbbb932
sounds,1141,sfx_bat_turn_4.wav,291077479,121804,riff,984c767fd50a3816
sounds,1142,sfx_bat_turn_5.wav,291199283,122570,riff,e8ee860493ebf278
sounds,1143,sfx_bat_turn_6.wav,291321853,125492,riff,b281b6d1a525b5c7
sounds,1144,sfx_big_fire_loop.wav,291447345,167382,riff,9c9ff4a0555b629d
sounds,1145,sfx_bruce_escape_body_drop.wav,291614727,20559,riff,a57e5298d855f41d
sounds,1146,sfx_bruce_escape_collapse.wav,291635286,68814,riff,63e04067734a295e
sounds,1147,sfx_bruce_escape_fall.wav,291704100,25827,riff,4e88f764de3f110d
sounds,1148,sfx_bruce_escape_footstep_1.wav,291729927,14430,riff,d2ee35c99b224882
sounds,1149,sfx_bruce_escape_footstep_2.wav,291744357,14037,riff,85d5a865b5a2d288
sounds,1150,sfx_bruce_escape_footstep_3.wav,291758394,11558,riff,9e801303a05eb106
sounds,1151,sfx_bruce_escape_footstep_4.wav,291769952,19297,riff,954beb3fb7eb07f9
sounds,1152,sfx_bruce_escape_hand_grab_1.wav,291789249,7751,riff,c64a983bbfc326b4
sounds,1153,sfx_bruce_escape_hand_grab_2.wav,291797000,5208,riff,3f5c37d0066ce282
sounds,1154,sfx_bruce_escape_hand_grab_3.wav,291802208,12329,riff,4ac325808a1d08d9
sounds,1155,sfx_bruce_escape_hand_grab_4.wav,291814537,12527,riff,4972d4b8af1800f9
sounds,1156,sfx_bruce_escape_hand_release_1.wav,291827064,8747,riff,629a31a951c587bc
sounds,1157,sfx_bruce_escape_hand_release_2.wav,291835811,12709,riff,9cbef2d7c6ed46a1
sounds,1158,sfx_bruce_escape_hand_release_3.wav,291848520,13443,riff,f0c368792a7f29af
sounds,1159,sfx_bruce_escape_hand_release_4.wav,291861963,11599,riff,cfd3244c6c0c56dc
sounds,1160,sfx_bruce_escape_jump_1.wav,291873562,22523,riff,d0863aab281742c8
sounds,1161,sfx_bruce_escape_jump_2.wav,291896085,22321,riff,676b027977a30741
sounds,1162,sfx_bruce_escape_jump_3.wav,291918406,28605,riff,0efdeb1e3ab22903
sounds,1163,sfx_bruce_escape_land_1.wav,291947011,14133,riff,cc60f808104cf14a
sounds,1164,sfx_bruce_escape_land_2.wav,291961144,16209,riff,a59e2292f95c1dca
sounds,1165,sfx_bruce_escape_land_feet.wav,291977353,16720,riff,98eccd7b654ab352
sounds,1166,sfx_bruce_escape_lift.wav,291994073,50615,riff,fdb442e067abae82
sounds,1167,sfx_bruce_escape_reach.wav,292044688,47699,riff,3af9652ffb7cb8c6
sounds,1168,sfx_cane_1.wav,292092387,6244,riff,e6122350817dd191
sounds,1169,sfx_cane_2.wav,292098631,6596,riff,c277e88c801cbab0
sounds,1170,sfx_cane_3.wav,292105227,8968,riff,434fccc6a4cb7c00
sounds,1171,sfx_cane_4.wav,292114195,9566,riff,3280e1072358dba7
sounds,1172,sfx_cape_glide_loop.vxn,292123761,655910,bin,da7d0ece850b17b0
sounds,1173,sfx_cape_glide_loop_fast.wav,292779671,226778,riff,3ee61f54a11c7814
sounds,1174,sfx_cape_glide_loop_fast_plunge.wav,293006449,239612,riff,1381c17ae8d289ff
sounds,1175,sfx_cape_rain.wav,293246061,329913,riff,c1e2ee2657b651a6
sounds,1176,sfx_car_alarm_1.wav,293575974,117676,riff,f71c41dd46d26716
sounds,1177,sfx_car_alarm_2.wav,293693650,39828,riff,752d671c8b70d8a6
sounds,1178,sfx_car_alarm_3.wav,293733478,16335,riff,c875a3b1f5045540
sounds,1179,sfx_car_door_close_1.wav,293749813,10068,riff,94869e90fd8629fc
sounds,1180,sfx_car_door_close_2.wav,293759881,8030,riff,a53d9508d8b7cf97
sounds,1181,sfx_car_door_close_3.wav,293767911,7449,riff,974cbeaaef7766d4
sounds,1182,sfx_car_door_open_1.wav,293775360,9029,riff,896a7cc9fb9cc827
sounds,1183,sfx_car_door_open_2.wav,293784389,10130,riff,de172b4b11a32dff
sounds,1184,sfx_car_door_open_3.wav,293794519,11553,riff,aa0ffcd0ae60198d
sounds,1185,sfx_cell_door.wav,293806072,35569,riff,5b2e29e1e4334237
sounds,1186,sfx_climb_ledge_1.wav,293841641,20781,riff,fe4abe8f5202beee
sounds,1187,sfx_climb_ledge_2.wav,293862422,17407,riff,802d925319ba722a
sounds,1188,sfx_climb_ledge_3.wav,293879829,18867,riff,92165f4a4192ae42
sounds,1189,sfx_collectable_wayne.wav,293898696,38630,riff,3920ed47d11d5123
sounds,1190,sfx_collectible.wav,293937326,123316,riff,aae5c326d4dc1e33
sounds,1191,sfx_combat_block_1.wav,294060642,4961,riff,b4ca06679689df18
sounds,1192,sfx_combat_block_2.wav,294065603,5712,riff,7d3df3143021661e
sounds,1193,sfx_combat_block_3.wav,294071315,8324,riff,3da357f6d5151016
sounds,1194,sfx_combat_block_4.wav,294079639,4178,riff,1eec1bfebf5b3f05
sounds,1195,sfx_combat_break_limb_1.wav,294083817,26974,riff,36221b09deedb868
sounds,1196,sfx_combat_break_limb_2.wav,294110791,24821,riff,cef91d1bd9500360
sounds,1197,sfx_combat_extra_power_end_1.wav,294135612,55904,riff,22de74079d720764
sounds,1198,sfx_combat_extra_power_end_2.wav,294191516,58332,riff,298006f27f6c8dec
sounds,1199,sfx_combat_extra_power_end_3.wav,294249848,98534,riff,f0aae4ff60ae67ca
sounds,1200,sfx_combat_extra_power_end_4.wav,294348382,62736,riff,46ab89ce136daa34
sounds,1201,sfx_combat_extra_power_start_1.wav,294411118,40878,riff,d409f7e81da74caa
sounds,1202,sfx_combat_extra_power_start_2.wav,294451996,52794,riff,8bda451442dd036a
sounds,1203,sfx_combat_extra_power_start_3.wav,294504790,45358,riff,788fc47616e59dd9
sounds,1204,sfx_combat_extra_power_start_4.wav,294550148,60550,riff,2d97b00f8d839545
sounds,1205,sfx_combat_grab_1.wav,294610698,7004,riff,49f226d532967a26
sounds,1206,sfx_combat_grab_2.wav,294617702,5248,riff,a8d3a50cce29a73c
sounds,1207,sfx_combat_grab_3.wav,294622950,6927,riff,34388a1131a3afa0
sounds,1208,sfx_combat_grab_4.wav,294629877,5534,riff,b67a899178ac8e94
sounds,1209,sfx_combat_head_1.wav,294635411,2843,riff,eb9d4744a57e3c2c
sounds,1210,sfx_combat_head_2.wav,294638254,2793,riff,0582599b1a9c5283
sounds,1211,sfx_combat_head_3.wav,294641047,2794,riff,970adf3b8c455584
sounds,1212,sfx_combat_head_4.wav,294643841,3015,riff,7af82140a847991d
sounds,1213,sfx_combat_kick_big_1.wav,294646856,6740,riff,7f09e4d468bf8a1b
sounds,1214,sfx_combat_kick_big_2.wav,294653596,7405,riff,b668b22c04297f8f
sounds,1215,sfx_combat_kick_big_3.wav,294661001,4493,riff,2c51f4984eb1d571
sounds,1216,sfx_combat_kick_big_4.wav,294665494,7081,riff,8e15b57ee0f23862
sounds,1217,sfx_combat_kick_small_1.wav,294672575,7598,riff,9b50d558b57bc723
sounds,1218,sfx_combat_kick_small_2.wav,294680173,9096,riff,a31169cc40b4ffa2
sounds,1219,sfx_combat_kick_small_3.wav,294689269,10075,riff,1b454e8cea77f603
sounds,1220,sfx_combat_kick_small_4.wav,294699344,7146,riff,2392f98d90eb88ec
sounds,1221,sfx_combat_knee_1.wav,294706490,5625,riff,e9351588179b7019
sounds,1222,sfx_combat_knee_2.wav,294712115,5515,riff,9e9ede813b4d7fec
sounds,1223,sfx_combat_knee_3.wav,294717630,5633,riff,65affce6cc6f11f1
sounds,1224,sfx_combat_knee_4.wav,294723263,5625,riff,e9351588179b7019
sounds,1225,sfx_combat_punch_big_1.wav,294728888,4895,riff,3d8ec416d7773ef4
sounds,1226,sfx_combat_punch_big_2.wav,294733783,5516,riff,0160425c10ae6af7
sounds,1227,sfx_combat_punch_big_3.wav,294739299,5835,riff,edfe9dd4296cdf57
sounds,1228,sfx_combat_punch_big_4.wav,294745134,6582,riff,430cecdbd6a6ec12
sounds,1229,sfx_combat_punch_medium_1.wav,294751716,3026,riff,4b7f3fd55d44f73f
sounds,1230,sfx_combat_punch_medium_2.wav,294754742,4705,riff,ee3f88f83d1b2c18
sounds,1231,sfx_combat_punch_medium_3.wav,294759447,3463,riff,3a96f094662171c3
sounds,1232,sfx_combat_punch_medium_4.wav,294762910,5301,riff,cd2b5d7d7d2674b8
sounds,1233,sfx_combat_punch_small_1.wav,294768211,3614,riff,c8492e6552fbb68a
sounds,1234,sfx_combat_punch_small_2.wav,294771825,3816,riff,bdd0987d4ff1300c
sounds,1235,sfx_combat_punch_small_3.wav,294775641,3344,riff,62272404d8ab9af2
sounds,1236,sfx_combat_punch_small_4.wav,294778985,3438,riff,b58385e4511ed853
sounds,1237,sfx_conduct_drop.wav,294782423,78881,riff,72dc2b46121f168a
sounds,1238,sfx_diner_explosion.wav,294861304,152098,riff,416f71a529a648c8
sounds,1239,sfx_diner_scene.wav,295013402,1962952,riff,4254c44ad0f4ff13
sounds,1240,sfx_directional_turn_back_1.wav,296976354,26318,riff,cd7fcc11e25a3e45
sounds,1241,sfx_directional_turn_back_2.wav,297002672,27511,riff,9a4b7a4c8937be53
sounds,1242,sfx_directional_turn_back_3.wav,297030183,28703,riff,e6f93dcb973896a2
sounds,1243,sfx_door_hostage.wav,297058886,28034,riff,398e7202b3cc18e1
sounds,1244,sfx_drop_boxes.wav,297086920,61684,riff,fde2a978b4437e8b
sounds,1245,sfx_elevator.wav,297148604,389914,riff,743b892d760c46f2
sounds,1246,sfx_emp_explosion_1.wav,297538518,110516,riff,0851f427a0c99db3
sounds,1247,sfx_emp_explosion_2.wav,297649034,82390,riff,98ecd4317525d6e6
sounds,1248,sfx_emp_explosion_3.wav,297731424,64578,riff,45417535930ebbf3
sounds,1249,sfx_enemies_punch_woosh_1.wav,297796002,8218,riff,562861300c714676
sounds,1250,sfx_enemies_punch_woosh_2.wav,297804220,9062,riff,92fa21d90849732a
sounds,1251,sfx_enemies_punch_woosh_3.wav,297813282,11940,riff,b0312b890c4aa79e
sounds,1252,sfx_enemy_fall_down_1.wav,297825222,10698,riff,c019fe348e91eb08
sounds,1253,sfx_enemy_fall_down_10.wav,297835920,25868,riff,2ceed73c41016da5
sounds,1254,sfx_enemy_fall_down_2.wav,297861788,19576,riff,19f281269474630e
sounds,1255,sfx_enemy_fall_down_3.wav,297881364,16325,riff,89fb89cc07b22aca
sounds,1256,sfx_enemy_fall_down_4.wav,297897689,20391,riff,8a589811d605d5b3
sounds,1257,sfx_enemy_fall_down_5.wav,297918080,16118,riff,d92f83051149c453
sounds,1258,sfx_enemy_fall_down_6.wav,297934198,13918,riff,30297a5554533958
sounds,1259,sfx_enemy_fall_down_7.wav,297948116,16195,riff,841575255f211652
sounds,1260,sfx_enemy_fall_down_8.wav,297964311,11527,riff,3061be5cfdafb3ec
sounds,1261,sfx_enemy_fall_down_9.wav,297975838,25413,riff,9042f9debb3a2980
sounds,1262,sfx_enemy_hit_car_1.wav,298001251,30413,riff,18577f42549f2885
sounds,1263,sfx_enemy_hit_car_2.wav,298031664,30413,riff,18577f42549f2885
sounds,1264,sfx_enemy_hit_glass_1.wav,298062077,35857,riff,1ddfae0f52620f28
sounds,1265,sfx_enemy_hit_glass_2.wav,298097934,35721,riff,30b6746f76d84f5e
sounds,1266,sfx_explosion_bane.wav,298133655,259622,riff,ccd6070186b3eec9
sounds,1267,sfx_fan_pull.wav,298393277,65348,riff,8535d2b7d8f7ef91
sounds,1268,sfx_fire_truck_alarm_distant.wav,298458625,388774,riff,1817c5cc95aa7e0d
sounds,1269,sfx_flag.wav,298847399,320370,riff,a61e8675cd686d69
sounds,1270,sfx_flashbang_1.wav,299167769,130670,riff,6e3f4314f1776d60
sounds,1271,sfx_flashbang_2.wav,299298439,131204,riff,245e27e65094c244
sounds,1272,sfx_flashbang_3.wav,299429643,119152,riff,872e40ec7f9244c9
sounds,1273,sfx_flashbang_press_1.wav,299548795,30374,riff,57a3cf37ba2e63ee
sounds,1274,sfx_flashbang_press_2.wav,299579169,28176,riff,2df92919a8c3c517
sounds,1275,sfx_flashbang_press_3.wav,299607345,31464,riff,f0358225147f90c8
sounds,1276,sfx_fly_tutorial_ring.wav,299638809,60990,riff,6d3bc5026862a6a4
sounds,1277,sfx_free_hostage_1.wav,299699799,99966,riff,1ebf179bab4e289d
sounds,1278,sfx_free_hostage_2.wav,299799765,108934,riff,00a9c9ff3820b241
sounds,1279,sfx_free_hostage_3.wav,299908699,106298,riff,dd94722bff6b05a8
sounds,1280,sfx_fs_enemy_armed_1.wav,300014997,16252,riff,56736253ceeda21b
sounds,1281,sfx_fs_enemy_armed_10.wav,300031249,16252,riff,56736253ceeda21b
sounds,1282,sfx_fs_enemy_armed_2.wav,300047501,16252,riff,56736253ceeda21b
sounds,1283,sfx_fs_enemy_armed_3.wav,300063753,16252,riff,56736253ceeda21b
sounds,1284,sfx_fs_enemy_armed_4.wav,300080005,16252,riff,56736253ceeda21b
sounds,1285,sfx_fs_enemy_armed_5.wav,300096257,16252,riff,56736253ceeda21b
sounds,1286,sfx_fs_enemy_armed_6.wav,300112509,16252,riff,56736253ceeda21b
sounds,1287,sfx_fs_enemy_armed_7.wav,300128761,16252,riff,56736253ceeda21b
sounds,1288,sfx_fs_enemy_armed_8.wav,300145013,16252,riff,56736253ceeda21b
sounds,1289,sfx_fs_enemy_armed_9.wav,300161265,16252,riff,56736253ceeda21b
sounds,1290,sfx_fs_enemy_unarmed_1.wav,300177517,10707,riff,b826f082e1df8cd0
sounds,1291,sfx_fs_enemy_unarmed_2.wav,300188224,10021,riff,a497952f726d8147
sounds,1292,sfx_fs_enemy_unarmed_3.wav,300198245,9758,riff,19a8eef17d44c284
sounds,1293,sfx_fs_enemy_unarmed_4.wav,300208003,7884,riff,3ca07d13980e8036
sounds,1294,sfx_fs_enemy_unarmed_5.wav,300215887,8798,riff,32c20f4314f61b71
sounds,1295,sfx_fs_enemy_unarmed_6.wav,300224685,9329,riff,be73e2f284a92e76
sounds,1296,sfx_fs_land_cement_1.wav,300234014,13880,riff,5417e6f0bf1bf97f
sounds,1297,sfx_fs_land_cement_2.wav,300247894,17076,riff,4d2e63160a34080d
sounds,1298,sfx_fs_land_cement_3.wav,300264970,16258,riff,179a66e8755d31de
sounds,1299,sfx_fs_land_cement_4.wav,300281228,16258,riff,179a66e8755d31de
sounds,1300,sfx_fs_land_heavy_cement_1.wav,300297486,13616,riff,9a6f6f60145f10f4
sounds,1301,sfx_fs_land_heavy_cement_2.wav,300311102,16530,riff,96d691a6fb057938
sounds,1302,sfx_fs_land_heavy_cement_3.wav,300327632,11087,riff,693957d324eb04fb
sounds,1303,sfx_fs_land_heavy_cement_4.wav,300338719,8664,riff,f6acf53b00e48a86
sounds,1304,sfx_fs_land_heavy_dirt_1.wav,300347383,16648,riff,54840f39d3a2d5ae
sounds,1305,sfx_fs_land_heavy_dirt_2.wav,300364031,17998,riff,93226037d5644a7a
sounds,1306,sfx_fs_land_heavy_dirt_3.wav,300382029,18258,riff,71a40d0f2a6bdfa8
sounds,1307,sfx_fs_land_heavy_dirt_4.wav,300400287,13885,riff,09b6ff9b3ad1ff2d
sounds,1308,sfx_fs_land_heavy_metal_1.wav,300414172,13616,riff,9a6f6f60145f10f4
sounds,1309,sfx_fs_land_heavy_metal_2.wav,300427788,16530,riff,96d691a6fb057938
sounds,1310,sfx_fs_land_heavy_metal_3.wav,300444318,16258,riff,179a66e8755d31de
sounds,1311,sfx_fs_land_heavy_metal_4.wav,300460576,15322,riff,470c35a2a589cdc9
sounds,1312,sfx_fs_land_heavy_wet_pave_1.wav,300475898,13616,riff,9a6f6f60145f10f4
sounds,1313,sfx_fs_land_heavy_wet_pave_2.wav,300489514,16530,riff,96d691a6fb057938
sounds,1314,sfx_fs_land_heavy_wet_pave_3.wav,300506044,11087,riff,693957d324eb04fb
sounds,1315,sfx_fs_land_heavy_wet_pave_4.wav,300517131,8664,riff,f6acf53b00e48a86
sounds,1316,sfx_fs_land_light_cement_1.wav,300525795,13880,riff,5417e6f0bf1bf97f
sounds,1317,sfx_fs_land_light_cement_2.wav,300539675,17076,riff,4d2e63160a34080d
sounds,1318,sfx_fs_land_light_cement_3.wav,300556751,11739,riff,9550c0bbe24cf656
sounds,1319,sfx_fs_land_light_cement_4.wav,300568490,9166,riff,b3d84ac9b462b089
sounds,1320,sfx_fs_land_light_dirt_1.wav,300577656,19452,riff,69e8a87fd1b427c7
sounds,1321,sfx_fs_land_light_dirt_2.wav,300597108,21882,riff,d5aa66b4dd4f6008
sounds,1322,sfx_fs_land_light_dirt_3.wav,300618990,19452,riff,69e8a87fd1b427c7
sounds,1323,sfx_fs_land_light_dirt_4.wav,300638442,15355,riff,d8430ee3ae62e9cc
sounds,1324,sfx_fs_land_light_metal_1.wav,300653797,13880,riff,5417e6f0bf1bf97f
sounds,1325,sfx_fs_land_light_metal_2.wav,300667677,17076,riff,4d2e63160a34080d
sounds,1326,sfx_fs_land_light_metal_3.wav,300684753,16679,riff,ce8b31a6d5c86ef1
sounds,1327,sfx_fs_land_light_metal_4.wav,300701432,18576,riff,146da929e89a1f9a
sounds,1328,sfx_fs_land_light_wet_pave_1.wav,300720008,13641,riff,6c371599bc28ab61
sounds,1329,sfx_fs_land_light_wet_pave_2.wav,300733649,16002,riff,1c236abc16063217
sounds,1330,sfx_fs_land_light_wet_pave_3.wav,300749651,14077,riff,9a5e48a6c67fe2d6
sounds,1331,sfx_fs_land_light_wet_pave_4.wav,300763728,17882,riff,92e2e5a573858a20
sounds,1332,sfx_fs_land_medium_dirt_1.wav,300781610,19452,riff,69e8a87fd1b427c7
sounds,1333,sfx_fs_land_medium_dirt_2.wav,300801062,21882,riff,d5aa66b4dd4f6008
sounds,1334,sfx_fs_land_medium_dirt_3.wav,300822944,12898,riff,964ca81c8eb06108
sounds,1335,sfx_fs_land_medium_dirt_4.wav,300835842,16258,riff,179a66e8755d31de
sounds,1336,sfx_fs_land_metal_1.wav,300852100,13880,riff,5417e6f0bf1bf97f
sounds,1337,sfx_fs_land_metal_2.wav,300865980,17076,riff,4d2e63160a34080d
sounds,1338,sfx_fs_land_metal_3.wav,300883056,16258,riff,179a66e8755d31de
sounds,1339,sfx_fs_land_metal_4.wav,300899314,16258,riff,179a66e8755d31de
sounds,1340,sfx_fs_land_water_1.wav,300915572,28773,riff,83da802c15626687
sounds,1341,sfx_fs_land_water_2.wav,300944345,32561,riff,f5d37a0574993807
sounds,1342,sfx_fs_land_water_3.wav,300976906,31295,riff,23ed36abf22e48d2
sounds,1343,sfx_fs_land_wet_pave_1.wav,301008201,13880,riff,5417e6f0bf1bf97f
sounds,1344,sfx_fs_land_wet_pave_2.wav,301022081,17076,riff,4d2e63160a34080d
sounds,1345,sfx_fs_land_wet_pave_3.wav,301039157,11739,riff,9550c0bbe24cf656
sounds,1346,sfx_fs_land_wet_pave_4.wav,301050896,9166,riff,b3d84ac9b462b089
sounds,1347,sfx_fs_lucius_1.wav,301060062,8018,riff,7b97aab151e1cfea
sounds,1348,sfx_fs_lucius_2.wav,301068080,8292,riff,481483ef220d7c81
sounds,1349,sfx_fs_lucius_3.wav,301076372,8221,riff,dda97649a4bc021c
sounds,1350,sfx_fs_lucius_4.wav,301084593,8335,riff,1512155c60039690
sounds,1351,sfx_fs_lucius_5.wav,301092928,8089,riff,142d3209642a55fc
sounds,1352,sfx_fs_lucius_6.wav,301101017,8175,riff,ea13968c16eaae2d
sounds,1353,sfx_fs_run_cement_1.wav,301109192,8204,riff,6194a1aa9d56f047
sounds,1354,sfx_fs_run_cement_2.wav,301117396,8204,riff,6194a1aa9d56f047
sounds,1355,sfx_fs_run_cement_3.wav,301125600,8204,riff,6194a1aa9d56f047
sounds,1356,sfx_fs_run_cement_4.wav,301133804,8204,riff,6194a1aa9d56f047
sounds,1357,sfx_fs_run_cement_5.wav,301142008,8204,riff,6194a1aa9d56f047
sounds,1358,sfx_fs_run_cement_6.wav,301150212,8884,riff,27bb5f8fe86b4bfb
sounds,1359,sfx_fs_run_dirt_1.wav,301159096,8204,riff,6194a1aa9d56f047
sounds,1360,sfx_fs_run_dirt_2.wav,301167300,8204,riff,6194a1aa9d56f047
sounds,1361,sfx_fs_run_dirt_3.wav,301175504,8204,riff,6194a1aa9d56f047
sounds,1362,sfx_fs_run_dirt_4.wav,301183708,8204,riff,6194a1aa9d56f047
sounds,1363,sfx_fs_run_dirt_5.wav,301191912,8204,riff,6194a1aa9d56f047
sounds,1364,sfx_fs_run_dirt_6.wav,301200116,8884,riff,27bb5f8fe86b4bfb
sounds,1365,sfx_fs_run_metal_1.wav,301209000,8204,riff,6194a1aa9d56f047
sounds,1366,sfx_fs_run_metal_2.wav,301217204,8204,riff,6194a1aa9d56f047
sounds,1367,sfx_fs_run_metal_3.wav,301225408,8204,riff,6194a1aa9d56f047
sounds,1368,sfx_fs_run_metal_4.wav,301233612,8204,riff,6194a1aa9d56f047
sounds,1369,sfx_fs_run_metal_5.wav,301241816,8204,riff,6194a1aa9d56f047
sounds,1370,sfx_fs_run_metal_6.wav,301250020,8884,riff,27bb5f8fe86b4bfb
sounds,1371,sfx_fs_run_water_1.wav,301258904,27052,riff,a7ce1efb0c1d8370
sounds,1372,sfx_fs_run_water_2.wav,301285956,23070,riff,93a032ec5c0bf883
sounds,1373,sfx_fs_run_water_3.wav,301309026,19744,riff,3e89c14e6a7bedda
sounds,1374,sfx_fs_run_water_4.wav,301328770,24770,riff,3889260ee20fcd49
sounds,1375,sfx_fs_run_water_5.wav,301353540,27052,riff,a7ce1efb0c1d8370
sounds,1376,sfx_fs_run_water_6.wav,301380592,23070,riff,93a032ec5c0bf883
sounds,1377,sfx_fs_run_wet_pave_1.wav,301403662,8204,riff,6194a1aa9d56f047
sounds,1378,sfx_fs_run_wet_pave_2.wav,301411866,8204,riff,6194a1aa9d56f047
sounds,1379,sfx_fs_run_wet_pave_3.wav,301420070,8204,riff,6194a1aa9d56f047
sounds,1380,sfx_fs_run_wet_pave_4.wav,301428274,8204,riff,6194a1aa9d56f047
sounds,1381,sfx_fs_run_wet_pave_5.wav,301436478,8204,riff,6194a1aa9d56f047
sounds,1382,sfx_fs_run_wet_pave_6.wav,301444682,8884,riff,27bb5f8fe86b4bfb
sounds,1383,sfx_fs_sprint_cement_1.wav,301453566,8204,riff,6194a1aa9d56f047
sounds,1384,sfx_fs_sprint_cement_2.wav,301461770,8204,riff,6194a1aa9d56f047
sounds,1385,sfx_fs_sprint_cement_3.wav,301469974,8204,riff,6194a1aa9d56f047
sounds,1386,sfx_fs_sprint_cement_4.wav,301478178,8204,riff,6194a1aa9d56f047
sounds,1387,sfx_fs_sprint_cement_5.wav,301486382,8204,riff,6194a1aa9d56f047
sounds,1388,sfx_fs_sprint_cement_6.wav,301494586,8204,riff,6194a1aa9d56f047
sounds,1389,sfx_fs_sprint_dirt_1.wav,301502790,8204,riff,6194a1aa9d56f047
sounds,1390,sfx_fs_sprint_dirt_2.wav,301510994,8204,riff,6194a1aa9d56f047
sounds,1391,sfx_fs_sprint_dirt_3.wav,301519198,8204,riff,6194a1aa9d56f047
sounds,1392,sfx_fs_sprint_dirt_4.wav,301527402,8204,riff,6194a1aa9d56f047
sounds,1393,sfx_fs_sprint_dirt_5.wav,301535606,8204,riff,6194a1aa9d56f047
sounds,1394,sfx_fs_sprint_dirt_6.wav,301543810,8204,riff,6194a1aa9d56f047
sounds,1395,sfx_fs_sprint_metal_1.wav,301552014,8204,riff,6194a1aa9d56f047
sounds,1396,sfx_fs_sprint_metal_2.wav,301560218,8204,riff,6194a1aa9d56f047
sounds,1397,sfx_fs_sprint_metal_3.wav,301568422,8204,riff,6194a1aa9d56f047
sounds,1398,sfx_fs_sprint_metal_4.wav,301576626,8204,riff,6194a1aa9d56f047
sounds,1399,sfx_fs_sprint_metal_5.wav,301584830,8204,riff,6194a1aa9d56f047
sounds,1400,sfx_fs_sprint_metal_6.wav,301593034,8204,riff,6194a1aa9d56f047
sounds,1401,sfx_fs_sprint_water_1.wav,301601238,18102,riff,7f2735edca9eaec1
sounds,1402,sfx_fs_sprint_water_2.wav,301619340,20432,riff,ad51540c9bcb2c70
sounds,1403,sfx_fs_sprint_water_3.wav,301639772,19920,riff,8f19e8c5d1b578ed
sounds,1404,sfx_fs_sprint_water_4.wav,301659692,17348,riff,0e080727c00717c5
sounds,1405,sfx_fs_sprint_water_5.wav,301677040,18102,riff,7f2735edca9eaec1
sounds,1406,sfx_fs_sprint_water_6.wav,301695142,20432,riff,ad51540c9bcb2c70
sounds,1407,sfx_fs_sprint_wet_pave_1.wav,301715574,8204,riff,6194a1aa9d56f047
sounds,1408,sfx_fs_sprint_wet_pave_2.wav,301723778,8204,riff,6194a1aa9d56f047
sounds,1409,sfx_fs_sprint_wet_pave_3.wav,301731982,8204,riff,6194a1aa9d56f047
sounds,1410,sfx_fs_sprint_wet_pave_4.wav,301740186,8204,riff,6194a1aa9d56f047
sounds,1411,sfx_fs_sprint_wet_pave_5.wav,301748390,8204,riff,6194a1aa9d56f047
sounds,1412,sfx_fs_sprint_wet_pave_6.wav,301756594,8204,riff,6194a1aa9d56f047
sounds,1413,sfx_fs_walk_cement_1.wav,301764798,9114,riff,28e82ea0751d2ae0
sounds,1414,sfx_fs_walk_cement_2.wav,301773912,8078,riff,17b69db95c250ec9
sounds,1415,sfx_fs_walk_cement_3.wav,301781990,12023,riff,531647d324db19d4
sounds,1416,sfx_fs_walk_cement_4.wav,301794013,11167,riff,a7b48705f6df7b58
sounds,1417,sfx_fs_walk_cement_5.wav,301805180,8452,riff,82a8212e249dd2fb
sounds,1418,sfx_fs_walk_cement_6.wav,301813632,8000,riff,ee832d6b421b8217
sounds,1419,sfx_fs_walk_dirt_1.wav,301821632,12228,riff,c51b723fe0eb55a0
sounds,1420,sfx_fs_walk_dirt_2.wav,301833860,12228,riff,c51b723fe0eb55a0
sounds,1421,sfx_fs_walk_dirt_3.wav,301846088,15457,riff,50ccc526804df015
sounds,1422,sfx_fs_walk_dirt_4.wav,301861545,14746,riff,b7fd277003794507
sounds,1423,sfx_fs_walk_dirt_5.wav,301876291,12521,riff,0eb5421be0045b6c
sounds,1424,sfx_fs_walk_dirt_6.wav,301888812,12228,riff,c51b723fe0eb55a0
sounds,1425,sfx_fs_walk_metal_1.wav,301901040,9114,riff,28e82ea0751d2ae0
sounds,1426,sfx_fs_walk_metal_2.wav,301910154,8204,riff,6194a1aa9d56f047
sounds,1427,sfx_fs_walk_metal_3.wav,301918358,12023,riff,531647d324db19d4
sounds,1428,sfx_fs_walk_metal_4.wav,301930381,11167,riff,a7b48705f6df7b58
sounds,1429,sfx_fs_walk_metal_5.wav,301941548,8452,riff,82a8212e249dd2fb
sounds,1430,sfx_fs_walk_metal_6.wav,301950000,8204,riff,6194a1aa9d56f047
sounds,1431,sfx_fs_walk_water_1.wav,301958204,21790,riff,661dea9c41fa4f40
sounds,1432,sfx_fs_walk_water_2.wav,301979994,22574,riff,42edce9bedbc5609
sounds,1433,sfx_fs_walk_water_3.wav,302002568,22724,riff,f65d9389f3e21b75
sounds,1434,sfx_fs_walk_water_4.wav,302025292,22682,riff,f9fe3c23155d2310
sounds,1435,sfx_fs_walk_water_5.wav,302047974,22574,riff,42edce9bedbc5609
sounds,1436,sfx_fs_walk_water_6.wav,302070548,22602,riff,59abe5623995d7d9
sounds,1437,sfx_fs_walk_wet_pave_1.wav,302093150,9114,riff,28e82ea0751d2ae0
sounds,1438,sfx_fs_walk_wet_pave_2.wav,302102264,8204,riff,6194a1aa9d56f047
sounds,1439,sfx_fs_walk_wet_pave_3.wav,302110468,12023,riff,531647d324db19d4
sounds,1440,sfx_fs_walk_wet_pave_4.wav,302122491,11167,riff,a7b48705f6df7b58
sounds,1441,sfx_fs_walk_wet_pave_5.wav,302133658,8497,riff,9d14e71fd42dc2d5
sounds,1442,sfx_fs_walk_wet_pave_6.wav,302142155,8204,riff,6194a1aa9d56f047
sounds,1443,sfx_gas.wav,302150359,245466,riff,83fd0dc7d6fcbafe
sounds,1444,sfx_gate_close.wav,302395825,50592,riff,8fbdba869515a940
sounds,1445,sfx_glide_from_wall_contact_1.wav,302446417,14170,riff,110cc908a7cc3b55
sounds,1446,sfx_glide_from_wall_contact_2.wav,302460587,15702,riff,d54e704b7e83133d
sounds,1447,sfx_glide_from_wall_contact_3.wav,302476289,16765,riff,0aebe9d1bf0f5402
sounds,1448,sfx_glide_idle_to_wall_contact_1.wav,302493054,18781,riff,50d4720dc0560d76
sounds,1449,sfx_glide_idle_to_wall_contact_2.wav,302511835,21475,riff,a92731e4f33a7407
sounds,1450,sfx_glide_idle_to_wall_contact_3.wav,302533310,21923,riff,7e8c229ef80e2bba
sounds,1451,sfx_gotham_rain.wav,302555233,1058174,riff,877074e670de0781
sounds,1452,sfx_grab_rock.wav,303613407,27270,riff,c53d58fe8b54e782
sounds,1453,sfx_grapnel_charge.wav,303640677,45164,riff,7209c01c0be1ac59
sounds,1454,sfx_grapnel_draw.wav,303685841,17226,riff,ccc4312ef3714db0
sounds,1455,sfx_grapnel_grablift_1.wav,303703067,23293,riff,02ed76a1df29f720
sounds,1456,sfx_grapnel_grablift_2.wav,303726360,23293,riff,02ed76a1df29f720
sounds,1457,sfx_grapnel_grablift_3.wav,303749653,23293,riff,02ed76a1df29f720
sounds,1458,sfx_grapnel_grab_body_1.wav,303772946,20538,riff,c6a78789b7584b65
sounds,1459,sfx_grapnel_grab_body_2.wav,303793484,18237,riff,7fca87891368c8af
sounds,1460,sfx_grapnel_grab_body_3.wav,303811721,18360,riff,62a76adb96715a65
sounds,1461,sfx_grapnel_grab_concrete_1.wav,303830081,17634,riff,ae79bafe9bc923ed
sounds,1462,sfx_grapnel_grab_concrete_2.wav,303847715,20355,riff,074452c9d8132c88
sounds,1463,sfx_grapnel_grab_concrete_3.wav,303868070,19895,riff,8c6924f77727e2e4
sounds,1464,sfx_grapnel_holster.wav,303887965,16289,riff,36442085fcc65175
sounds,1465,sfx_grapnel_pull_end.wav,303904254,28208,riff,d0ffcb245e214a54
sounds,1466,sfx_grapnel_pull_loop.wav,303932462,170494,riff,c5217347e1cc7b38
sounds,1467,sfx_grapnel_pull_start_1.wav,304102956,5613,riff,318ea755a27eb467
sounds,1468,sfx_grapnel_pull_start_2.wav,304108569,3816,riff,bdd0987d4ff1300c
sounds,1469,sfx_grapnel_pull_start_3.wav,304112385,4530,riff,8eaf662d1c333882
sounds,1470,sfx_grapnel_pull_start_4.wav,304116915,4999,riff,9d25c3c9f531d057
sounds,1471,sfx_grapnel_reel_gargoyle.wav,304121914,62198,riff,40e02ac2d2675748
sounds,1472,sfx_grapnel_reel_in.wav,304184112,18482,riff,40e3fda7b7f360de
sounds,1473,sfx_grapnel_shoot_1.wav,304202594,37586,riff,7732eae6ace91f24
sounds,1474,sfx_grapnel_shoot_2.wav,304240180,41910,riff,3d1804f8deee9394
sounds,1475,sfx_grapnel_shoot_3.wav,304282090,46106,riff,e30b6ff4d3e0c04d
sounds,1476,sfx_grapnel_slide.vxn,304328196,1280500,bin,f60cacb46714b66c
sounds,1477,sfx_gun_raise_1.wav,305608696,16014,riff,7012a1a6a67f4271
sounds,1478,sfx_gun_raise_2.wav,305624710,18404,riff,ae03a3f5c7084aea
sounds,1479,sfx_hangar_explode.wav,305643114,415768,riff,0ad537ea9b1003d2
sounds,1480,sfx_hang_edge_corner_inside_1.wav,306058882,14534,riff,09b1beff656a842c
sounds,1481,sfx_hang_edge_corner_inside_2.wav,306073416,16962,riff,b0177123d4d13f81
sounds,1482,sfx_hang_edge_corner_inside_3.wav,306090378,20877,riff,59fbeb4a727d44c7
sounds,1483,sfx_hang_edge_corner_outside_1.wav,306111255,15876,riff,70abf3bfffb65c86
sounds,1484,sfx_hang_edge_corner_outside_2.wav,306127131,15735,riff,1fccc50dda72911a
sounds,1485,sfx_hang_edge_corner_outside_3.wav,306142866,18167,riff,57ce600678f9b4ef
sounds,1486,sfx_hang_edge_jump_1.wav,306161033,34700,riff,25807b0b8437b394
sounds,1487,sfx_hang_edge_jump_2.wav,306195733,37178,riff,73da77da7a54ca23
sounds,1488,sfx_hang_edge_jump_3.wav,306232911,35496,riff,236f273d493d4691
sounds,1489,sfx_hang_edge_release_glide_1.wav,306268407,27849,riff,ea9c83f499daa158
sounds,1490,sfx_hang_edge_release_glide_2.wav,306296256,27112,riff,f6b7ed7d4c05376b
sounds,1491,sfx_hang_edge_release_glide_3.wav,306323368,29362,riff,111a327ce8cdd1fb
sounds,1492,sfx_hang_edge_strafe_1.wav,306352730,20089,riff,ae4f2b54b4819f8e
sounds,1493,sfx_hang_edge_strafe_2.wav,306372819,22450,riff,e56b0f1974d391ca
sounds,1494,sfx_hang_edge_strafe_3.wav,306395269,20930,riff,aa769a7145230ff7
sounds,1495,sfx_hang_phone.wav,306416199,27758,riff,b8057e99c4f2bf8d
sounds,1496,sfx_heat_pump.wav,306443957,134534,riff,ca1d7abf49d2f6a6
sounds,1497,sfx_helicopter_blow_up.wav,306578491,309552,riff,93d100b83903d5f5
sounds,1498,sfx_helicopter_burst_1.wav,306888043,36783,riff,ccfd290f0ab6fae3
sounds,1499,sfx_helicopter_burst_2.wav,306924826,28738,riff,3f8a8407d6809611
sounds,1500,sfx_helicopter_burst_3.wav,306953564,42043,riff,e04a60c2b1470ed2
sounds,1501,sfx_helicopter_burst_4.wav,306995607,29188,riff,88648c46e6d90cb2
sounds,1502,sfx_helicopter_loop.wav,307024795,168735,riff,e150389f308997ca
sounds,1503,sfx_helicopter_shot_1.wav,307193530,31170,riff,cb4953ba4ca4f974
sounds,1504,sfx_helicopter_shot_2.wav,307224700,31282,riff,6935b821a465b1dc
sounds,1505,sfx_helicopter_shot_3.wav,307255982,24639,riff,2876ae1f07fdd9ca
sounds,1506,sfx_helicopter_shot_4.wav,307280621,27437,riff,03c173a4d808486e
sounds,1507,sfx_igm_batarang_select.wav,307308058,41904,riff,0325017719d089f6
sounds,1508,sfx_igm_emp_select.wav,307349962,33404,riff,eb71142f4b0d0a28
sounds,1509,sfx_igm_flashbang_select.wav,307383366,28756,riff,a7e3b384da9fbc95
sounds,1510,sfx_igm_gas_grenade_select.wav,307412122,49264,riff,8d4bee93a5294958
sounds,1511,sfx_igm_goggles_select.wav,307461386,49530,riff,5619aa64ca1c24bb
sounds,1512,sfx_igm_new_objective.wav,307510916,89900,riff,f7e62cd44e99d71c
sounds,1513,sfx_igm_pause.wav,307600816,151062,riff,2296b1a4695ae366
sounds,1514,sfx_igm_unpause.wav,307751878,81872,riff,52058a685444eb0f
sounds,1515,sfx_igm_weapons_drop_down.wav,307833750,38676,riff,f49956e0473cc71e
sounds,1516,sfx_igm_weapons_drop_up.wav,307872426,28398,riff,78c4122618ecd298
sounds,1517,sfx_igm_weapon_select_press.wav,307900824,28796,riff,376abb44b82b1f4e
sounds,1518,sfx_impact_batarang_flesh_1.wav,307929620,13312,riff,3c236ff24b7f6bda
sounds,1519,sfx_impact_batarang_flesh_2.wav,307942932,12185,riff,ff4ff66854793379
sounds,1520,sfx_impact_batarang_flesh_3.wav,307955117,12178,riff,f32cab00ac636cdf
sounds,1521,sfx_impact_batarang_light_1.wav,307967295,15398,riff,082de2cea32bfc78
sounds,1522,sfx_impact_batarang_light_2.wav,307982693,19064,riff,7a96e525c5a9d2a8
sounds,1523,sfx_impact_batarang_light_3.wav,308001757,24622,riff,62e883dce00dd19c
sounds,1524,sfx_impact_bullet_body_mc_1.wav,308026379,10917,riff,90dfef24625e6fe8
sounds,1525,sfx_impact_bullet_body_mc_2.wav,308037296,11873,riff,6cf291499a7a1829
sounds,1526,sfx_impact_bullet_body_mc_3.wav,308049169,10610,riff,e35d473b50b5b8c1
sounds,1527,sfx_impact_bullet_body_npc_1.wav,308059779,10253,riff,07c6065f8c1e8da6
sounds,1528,sfx_impact_bullet_body_npc_2.wav,308070032,5398,riff,10359448c48eae27
sounds,1529,sfx_impact_bullet_body_npc_3.wav,308075430,8692,riff,33a7e42fd207b6c0
sounds,1530,sfx_impact_bullet_car_1.wav,308084122,6362,riff,eb0c8409d2b4dcf1
sounds,1531,sfx_impact_bullet_car_2.wav,308090484,8999,riff,8d28e31b161ee726
sounds,1532,sfx_impact_bullet_car_3.wav,308099483,8775,riff,29339d9175d19efe
sounds,1533,sfx_impact_bullet_concrete_1.wav,308108258,8819,riff,4f434fe2edf58a9b
sounds,1534,sfx_impact_bullet_concrete_2.wav,308117077,8210,riff,8b4fddff0f9eaf39
sounds,1535,sfx_impact_bullet_concrete_3.wav,308125287,13531,riff,3d7a9496ffcc113b
sounds,1536,sfx_impact_bullet_glass_1.wav,308138818,12959,riff,303a4bbbd0f998e3
sounds,1537,sfx_impact_bullet_glass_2.wav,308151777,18099,riff,9d3ccab4dc7e20ae
sounds,1538,sfx_impact_bullet_glass_3.wav,308169876,21894,riff,87874a17b359d811
sounds,1539,sfx_impact_bullet_metal_1.wav,308191770,8651,riff,7f5f94b2c49c4654
sounds,1540,sfx_impact_bullet_metal_2.wav,308200421,8385,riff,9efbb2817ae912f4
sounds,1541,sfx_impact_bullet_metal_3.wav,308208806,7660,riff,c0225116ff0fc977
sounds,1542,sfx_impact_bullet_pavement_1.wav,308216466,13761,riff,691d70e9fdf406fd
sounds,1543,sfx_impact_bullet_pavement_2.wav,308230227,18926,riff,3ff63d22ff4ed799
sounds,1544,sfx_impact_bullet_pavement_3.wav,308249153,9999,riff,5f7b2f39320c05a3
sounds,1545,sfx_impact_elbow_1.wav,308259152,9159,riff,e29d63e1ae91dd5a
sounds,1546,sfx_impact_elbow_2.wav,308268311,11043,riff,94450d3413f62385
sounds,1547,sfx_impact_elbow_3.wav,308279354,11833,riff,aa45d857efc96a80
sounds,1548,sfx_impact_fist_1.wav,308291187,10960,riff,154d114ba02d671a
sounds,1549,sfx_impact_fist_2.wav,308302147,11977,riff,cfb7968186f34b2d
sounds,1550,sfx_impact_fist_3.wav,308314124,12106,riff,5345969f83dd23a5
sounds,1551,sfx_impact_head_1.wav,308326230,13182,riff,8d6776b069529d6a
sounds,1552,sfx_impact_head_2.wav,308339412,14412,riff,55cc7a81cbbfa006
sounds,1553,sfx_impact_head_3.wav,308353824,14381,riff,7da0028980cd7d76
sounds,1554,sfx_impact_kick_1.wav,308368205,11468,riff,62c61471cb5ae1d5
sounds,1555,sfx_impact_kick_2.wav,308379673,10361,riff,95dc6a1581dc93ca
sounds,1556,sfx_impact_kick_3.wav,308390034,11030,riff,a8b0ef505d465c12
sounds,1557,sfx_impact_knee_1.wav,308401064,9288,riff,e0f0a0e0d00425eb
sounds,1558,sfx_impact_knee_2.wav,308410352,10143,riff,5faee5680f56ef6d
sounds,1559,sfx_impact_knee_3.wav,308420495,9920,riff,6dffb16d1680d767
sounds,1560,sfx_interference_machine_gun.wav,308430415,116226,riff,e0e4e66fba965ea1
sounds,1561,sfx_interference_sniper.wav,308546641,116226,riff,e0e4e66fba965ea1
sounds,1562,sfx_intro_cutscene_batman_jump.wav,308662867,276366,riff,b0805cdd529b88d2
sounds,1563,sfx_intro_cutscene_batman_land.wav,308939233,200790,riff,c7f1fd4dc59a21cb
sounds,1564,sfx_intro_cutscene_mercenaries_run.wav,309140023,170342,riff,64cbf810017c8531
sounds,1565,sfx_junction_box_open.wav,309310365,26193,riff,b7b5930b985aa887
sounds,1566,sfx_kick_door.wav,309336558,22510,riff,935cb1b0f3e83df3
sounds,1567,sfx_level_up.wav,309359068,168048,riff,64f5098c4136508b
sounds,1568,sfx_light_shot_down.wav,309527116,35295,riff,c142174056aea5c1
sounds,1569,sfx_manhole_steam.wav,309562411,47031,riff,9882abbca4240396
sounds,1570,sfx_mc_jump_roll_1.wav,309609442,76062,riff,00121e3501aba954
sounds,1571,sfx_mc_jump_roll_2.wav,309685504,78970,riff,7ba458ff0f987fa8
sounds,1572,sfx_menu_back.wav,309764474,50484,riff,aaa1285c8371a96e
sounds,1573,sfx_menu_back_to_main_menu_appear.wav,309814958,105750,riff,06c08286f2f0d01d
sounds,1574,sfx_menu_back_to_main_menu_select.wav,309920708,28216,riff,b95b17851e268f0d
sounds,1575,sfx_menu_browse.wav,309948924,5610,riff,a00aea254e4e2971
sounds,1576,sfx_menu_confirm.wav,309954534,186926,riff,5029c9c6ecda9a2a
sounds,1577,sfx_menu_debris_rocks_1.wav,310141460,247182,riff,b83d54d303a6149d
sounds,1578,sfx_menu_debris_rocks_2.wav,310388642,169090,riff,9c6d4bcd2143efc8
sounds,1579,sfx_menu_debris_rocks_3.wav,310557732,180794,riff,a5950a0d6080dc88
sounds,1580,sfx_menu_debris_rocks_4.wav,310738526,134738,riff,f47be3c991d6364e
sounds,1581,sfx_menu_in_game_volume_release.wav,310873264,14334,riff,5be05761b5b4d8ca
sounds,1582,sfx_menu_in_game_volume_touch.wav,310887598,20220,riff,88e99c1b135f1eec
sounds,1583,sfx_menu_main_menu_appears.wav,310907818,240460,riff,8cd68e3389567248
sounds,1584,sfx_menu_options_select.wav,311148278,41430,riff,5fc10ba0899a2c36
sounds,1585,sfx_menu_return.wav,311189708,56458,riff,424c3e8e0d537a5e
sounds,1586,sfx_menu_select.wav,311246166,33780,riff,97d159285b7c05a4
sounds,1587,sfx_menu_select_1.wav,311279946,17226,riff,ccc4312ef3714db0
sounds,1588,sfx_menu_select_2.wav,311297172,6956,riff,e56945ae0c1fe221
sounds,1589,sfx_mercenaries_killed_batarang_1.wav,311304128,4478,riff,1ba63f77065afcb8
sounds,1590,sfx_mercenaries_killed_batarang_2.wav,311308606,21587,riff,0173cbd51a9618a9
sounds,1591,sfx_mercenaries_killed_batarang_3.wav,311330193,31559,riff,4d6b7299d19385f9
sounds,1592,sfx_mercenaries_killed_batarang_4.wav,311361752,30051,riff,6bcc2bd04ab16476
sounds,1593,sfx_mercenaries_killed_batarang_5.wav,311391803,23017,riff,b93d17e9c032492f
sounds,1594,sfx_mercenaries_killed_batarang_6.wav,311414820,15321,riff,e97339a0b7d00d13
sounds,1595,sfx_mercenaries_killed_batarang_7.wav,311430141,30305,riff,4896043d2d4450c8
sounds,1596,sfx_mercenaries_killed_batarang_8.wav,311460446,5581,riff,a9d0226aeb09350c
sounds,1597,sfx_mercenaries_killed_batarang_9.wav,311466027,7144,riff,2f91a504596b3daf
sounds,1598,sfx_mercenaries_killed_drop_1.wav,311473171,10967,riff,6ff6e8dbe68ee78a
sounds,1599,sfx_mercenaries_killed_drop_2.wav,311484138,24475,riff,fc427d1a3e552e72
sounds,1600,sfx_mercenaries_killed_drop_3.wav,311508613,25668,riff,8cd445d207a21f82
sounds,1601,sfx_mercenaries_killed_drop_4.wav,311534281,24805,riff,662d191a1d69d27a
sounds,1602,sfx_mercenaries_killed_drop_5.wav,311559086,8067,riff,0af2b040c6583bd6
sounds,1603,sfx_mercenaries_killed_drop_6.wav,311567153,7955,riff,f2dda8dccc322b50
sounds,1604,sfx_mercenaries_killed_kick_1.wav,311575108,6361,riff,7d341d32c7b93f93
sounds,1605,sfx_mercenaries_killed_kick_2.wav,311581469,20483,riff,92ca251217b807ee
sounds,1606,sfx_mercenaries_killed_kick_3.wav,311601952,33056,riff,e0e4ca21c17e11b8
sounds,1607,sfx_mercenaries_killed_kick_4.wav,311635008,32493,riff,df7caf35612ee445
sounds,1608,sfx_mercenaries_killed_kick_5.wav,311667501,8004,riff,d2ad14e5c4cbe9d8
sounds,1609,sfx_mercenaries_killed_kick_6.wav,311675505,7448,riff,6ea6ae342deb4261
sounds,1610,sfx_mercenaries_killed_melee_1.wav,311682953,7187,riff,d6bbdb50eb0a3cae
sounds,1611,sfx_mercenaries_killed_melee_2.wav,311690140,17684,riff,7c9f3878cc731068
sounds,1612,sfx_mercenaries_killed_melee_3.wav,311707824,26858,riff,3bea66a9b74aecea
sounds,1613,sfx_mercenaries_killed_melee_4.wav,311734682,36177,riff,a0e7b634fde4456f
sounds,1614,sfx_mercenaries_killed_melee_5.wav,311770859,6867,riff,b7ca697e3707e380
sounds,1615,sfx_mercenaries_killed_melee_6.wav,311777726,4000,riff,e8b43796279529a0
sounds,1616,sfx_mercenaries_killed_melee_7.wav,311781726,35879,riff,8414a87c43ef0e30
sounds,1617,sfx_mercenaries_killed_melee_8.wav,311817605,5434,riff,e563a7eb9b4c0999
sounds,1618,sfx_mercenaries_killed_thrown_1.wav,311823039,9979,riff,b8a6387f2fcd161d
sounds,1619,sfx_mercenaries_killed_thrown_2.wav,311833018,13115,riff,c498970b6ac92cfe
sounds,1620,sfx_mercenaries_killed_thrown_3.wav,311846133,19544,riff,27dff5bea293d9fd
sounds,1621,sfx_mercenaries_killed_thrown_4.wav,311865677,19566,riff,acdf716012ac8233
sounds,1622,sfx_mercenaries_killed_thrown_5.wav,311885243,10131,riff,2c753316b72d9e2a
sounds,1623,sfx_mercenaries_killed_thrown_6.wav,311895374,18386,riff,789578996701401a
sounds,1624,sfx_mercenaries_rifle_burst_close_1.wav,311913760,24388,riff,75e2050a07137530
sounds,1625,sfx_mercenaries_rifle_burst_close_2.wav,311938148,30381,riff,9f6973b27b404d05
sounds,1626,sfx_mercenaries_rifle_burst_close_3.wav,311968529,26248,riff,afd4cc50637bf0dc
sounds,1627,sfx_mercenaries_rifle_burst_close_4.wav,311994777,27015,riff,12bf65853c50dcf8
sounds,1628,sfx_mercenaries_rifle_burst_close_5.wav,312021792,30021,riff,80902a19b65ae763
sounds,1629,sfx_mercenaries_rifle_burst_close_6.wav,312051813,50954,riff,d20f9306004089b0
sounds,1630,sfx_mercenaries_rifle_burst_distant_1.wav,312102767,23555,riff,306a7d741857af96
sounds,1631,sfx_mercenaries_rifle_burst_distant_2.wav,312126322,33541,riff,231a313fe23ccd23
sounds,1632,sfx_mercenaries_rifle_burst_distant_3.wav,312159863,38035,riff,08255a0bf33b9b4e
sounds,1633,sfx_mercenaries_rifle_burst_distant_4.wav,312197898,38737,riff,fff772b8435eb9c2
sounds,1634,sfx_mercenaries_rifle_burst_distant_5.wav,312236635,35751,riff,d89b2cc68d468d2d
sounds,1635,sfx_mercenaries_rifle_burst_distant_6.wav,312272386,46380,riff,f0c8038890c6e647
sounds,1636,sfx_mercenaries_rifle_shot_close_1.wav,312318766,20771,riff,299c4dfaae55a868
sounds,1637,sfx_mercenaries_rifle_shot_close_2.wav,312339537,27798,riff,70df5c33b3fdc8f5
sounds,1638,sfx_mercenaries_rifle_shot_close_3.wav,312367335,23074,riff,bdc4807a3c1ab0eb
sounds,1639,sfx_mercenaries_rifle_shot_close_4.wav,312390409,23632,riff,c9f213157a56b818
sounds,1640,sfx_mercenaries_rifle_shot_close_5.wav,312414041,26047,riff,f0bbbd232b68d1d6
sounds,1641,sfx_mercenaries_rifle_shot_close_6.wav,312440088,47857,riff,7c71c759dcbb0c86
sounds,1642,sfx_mercenaries_rifle_shot_distant_1.wav,312487945,20619,riff,fd3a7a9d40571b75
sounds,1643,sfx_mercenaries_rifle_shot_distant_2.wav,312508564,30975,riff,dd346fb0e2b55607
sounds,1644,sfx_mercenaries_rifle_shot_distant_3.wav,312539539,35254,riff,4f9a71f487bf5dd3
sounds,1645,sfx_mercenaries_rifle_shot_distant_4.wav,312574793,36618,riff,1a7fff4fd0ae0b97
sounds,1646,sfx_mercenaries_rifle_shot_distant_5.wav,312611411,32798,riff,c1b118ddd3bbfa1d
sounds,1647,sfx_mercenaries_rifle_shot_distant_6.wav,312644209,43443,riff,48874ab5b20480fb
sounds,1648,sfx_merc_choked_out_1.wav,312687652,53028,riff,cb9e6ba86804f674
sounds,1649,sfx_merc_choked_out_2.wav,312740680,32874,riff,bae64436e936a9f5
sounds,1650,sfx_merc_choked_out_3.wav,312773554,36488,riff,1e9f3f388b557a5d
sounds,1651,sfx_merc_choked_out_4.wav,312810042,25963,riff,7122a7db51281b46
sounds,1652,sfx_merc_choked_out_5.wav,312836005,40098,riff,b3dfbe96e7701769
sounds,1653,sfx_merc_choked_out_6.wav,312876103,24494,riff,9d9bd13cb9b330c0
sounds,1654,sfx_merc_emp_electrocuted_1.wav,312900597,35673,riff,28339e11e409f482
sounds,1655,sfx_merc_emp_electrocuted_2.wav,312936270,14430,riff,d2ee35c99b224882
sounds,1656,sfx_merc_emp_electrocuted_3.wav,312950700,29522,riff,90bd14d7ecb0ef84
sounds,1657,sfx_merc_emp_electrocuted_4.wav,312980222,28847,riff,973fb3223cdf02f5
sounds,1658,sfx_merc_emp_electrocuted_5.wav,313009069,13498,riff,ed03eb35bdbeda99
sounds,1659,sfx_merc_emp_electrocuted_6.wav,313022567,12495,riff,08f6cb45f24dc48f
sounds,1660,sfx_merc_flashbang_reaction_1.wav,313035062,7056,riff,d18e65fbefaf0162
sounds,1661,sfx_merc_flashbang_reaction_2.wav,313042118,22597,riff,77773536d1031845
sounds,1662,sfx_merc_flashbang_reaction_3.wav,313064715,23443,riff,2261426feb6ccb0f
sounds,1663,sfx_merc_flashbang_reaction_4.wav,313088158,30005,riff,bd5ca6691e4d19d1
sounds,1664,sfx_merc_flashbang_reaction_5.wav,313118163,8455,riff,0e18854996e9a28c
sounds,1665,sfx_merc_flashbang_reaction_6.wav,313126618,8261,riff,99de1206762c8a04
sounds,1666,sfx_merc_gas_grenade_coughing_1.wav,313134879,42351,riff,b498d6b4404b7398
sounds,1667,sfx_merc_gas_grenade_coughing_2.wav,313177230,43967,riff,4a12ad76c3bd1432
sounds,1668,sfx_merc_gas_grenade_coughing_3.wav,313221197,58554,riff,651599deffbdf018
sounds,1669,sfx_merc_gas_grenade_coughing_4.wav,313279751,58644,riff,062e6fd83a9389d7
sounds,1670,sfx_merc_gas_grenade_coughing_5.wav,313338395,28113,riff,51baa3353efeecc8
sounds,1671,sfx_merc_gas_grenade_coughing_6.wav,313366508,35538,riff,fd0f7a5e456ab4ea
sounds,1672,sfx_merc_kicked_reaction_1.wav,313402046,5384,riff,0a0b375ea57d5e68
sounds,1673,sfx_merc_kicked_reaction_10.wav,313407430,7634,riff,b067e879f90583ef
sounds,1674,sfx_merc_kicked_reaction_2.wav,313415064,7591,riff,e8a56cc02567baf3
sounds,1675,sfx_merc_kicked_reaction_3.wav,313422655,3077,riff,f051111aaed9ec65
sounds,1676,sfx_merc_kicked_reaction_4.wav,313425732,4717,riff,263b9cbf3828effe
sounds,1677,sfx_merc_kicked_reaction_5.wav,313430449,4139,riff,82618e849cf45e96
sounds,1678,sfx_merc_kicked_reaction_6.wav,313434588,4155,riff,c652083d52c9c034
sounds,1679,sfx_merc_kicked_reaction_7.wav,313438743,4602,riff,b69e9d312c73eaf6
sounds,1680,sfx_merc_kicked_reaction_8.wav,313443345,4851,riff,6f1dde9bbf7de4c1
sounds,1681,sfx_merc_kicked_reaction_9.wav,313448196,4771,riff,cfac6affaa3e8cc3
sounds,1682,sfx_merc_picked_up_by_batman_1.wav,313452967,9389,riff,038c214213a33d3b
sounds,1683,sfx_merc_picked_up_by_batman_2.wav,313462356,13364,riff,41cc9bdd56f4bc64
sounds,1684,sfx_merc_picked_up_by_batman_3.wav,313475720,13690,riff,9fdafab897c59974
sounds,1685,sfx_merc_picked_up_by_batman_4.wav,313489410,14333,riff,6ef4e65d40fd6001
sounds,1686,sfx_merc_picked_up_by_batman_5.wav,313503743,16403,riff,be5bf92981b92228
sounds,1687,sfx_merc_picked_up_by_batman_6.wav,313520146,17409,riff,61766e7ecdb769d2
sounds,1688,sfx_merc_pulled_by_batman_grapnel_1.wav,313537555,5847,riff,f0edbf76b71cf3fc
sounds,1689,sfx_merc_pulled_by_batman_grapnel_2.wav,313543402,12966,riff,400581b441b29a0d
sounds,1690,sfx_merc_pulled_by_batman_grapnel_3.wav,313556368,26816,riff,4fc04c49d3fd11a8
sounds,1691,sfx_merc_pulled_by_batman_grapnel_4.wav,313583184,35162,riff,bde08a98b78c47a7
sounds,1692,sfx_merc_pulled_by_batman_grapnel_5.wav,313618346,4703,riff,60ec3e41adb98d68
sounds,1693,sfx_merc_pulled_by_batman_grapnel_6.wav,313623049,7221,riff,39cd18cf585eccf8
sounds,1694,sfx_merc_punched_reaction_1.wav,313630270,2970,riff,fd522433994e8427
sounds,1695,sfx_merc_punched_reaction_10.wav,313633240,6007,riff,1325fb47d582a3b5
sounds,1696,sfx_merc_punched_reaction_2.wav,313639247,4999,riff,9d25c3c9f531d057
sounds,1697,sfx_merc_punched_reaction_3.wav,313644246,4461,riff,14f635e7b212b997
sounds,1698,sfx_merc_punched_reaction_4.wav,313648707,3172,riff,b5a9047ec98393a4
sounds,1699,sfx_merc_punched_reaction_5.wav,313651879,5958,riff,66c28939d82b46f9
sounds,1700,sfx_merc_punched_reaction_6.wav,313657837,3770,riff,5ae9e950d86d4585
sounds,1701,sfx_merc_punched_reaction_7.wav,313661607,4739,riff,0dc60319a3bec7a6
sounds,1702,sfx_merc_punched_reaction_8.wav,313666346,3502,riff,908c5e272fc8597c
sounds,1703,sfx_merc_punched_reaction_9.wav,313669848,4925,riff,a4cc4b4e9ea6c5e2
sounds,1704,sfx_merc_rage_yell_1.wav,313674773,21237,riff,3e06f1c0cbc3c647
sounds,1705,sfx_merc_rage_yell_2.wav,313696010,32649,riff,1c15905f923c8ffe
sounds,1706,sfx_merc_rage_yell_3.wav,313728659,43525,riff,b3352cd281e3d998
sounds,1707,sfx_merc_rage_yell_4.wav,313772184,43448,riff,36cf21fde9b42e4b
sounds,1708,sfx_merc_rage_yell_5.wav,313815632,29300,riff,59f8422e89ea0a4b
sounds,1709,sfx_merc_rage_yell_6.wav,313844932,25450,riff,766f1dab3b663721
sounds,1710,sfx_merc_running_1.wav,313870382,256447,riff,e62b3a7a5f97c4a2
sounds,1711,sfx_merc_running_2.wav,314126829,242696,riff,c64b557e328f5b3a
sounds,1712,sfx_merc_running_3.wav,314369525,233806,riff,1c93eb5fe3d1d3e6
sounds,1713,sfx_merc_running_4.wav,314603331,234021,riff,b89c67b67bc7da83
sounds,1714,sfx_merc_voice_kick_1.wav,314837352,3591,riff,f4b8ac31d5a3a878
sounds,1715,sfx_merc_voice_kick_2.wav,314840943,5933,riff,0f9c9835795afe69
sounds,1716,sfx_merc_voice_kick_3.wav,314846876,6029,riff,a0abe15fc51be9bf
sounds,1717,sfx_merc_voice_kick_4.wav,314852905,6501,riff,32c5a05aca23f816
sounds,1718,sfx_merc_voice_kick_5.wav,314859406,5488,riff,99989e6bb98b0e9f
sounds,1719,sfx_merc_voice_kick_6.wav,314864894,8025,riff,53e387cb677add28
sounds,1720,sfx_merc_voice_kick_7.wav,314872919,7505,riff,20aa093cde6a6dc1
sounds,1721,sfx_merc_voice_kick_8.wav,314880424,4451,riff,7c6f8ba8dbdcbaeb
sounds,1722,sfx_merc_voice_kick_9.wav,314884875,6128,riff,56e3d4c37fdf6486
sounds,1723,sfx_merc_voice_punch_swing_1.wav,314891003,3827,riff,029c498237ad51e7
sounds,1724,sfx_merc_voice_punch_swing_10.wav,314894830,5132,riff,0291d2910617a958
sounds,1725,sfx_merc_voice_punch_swing_2.wav,314899962,7019,riff,1c128e12cccf3e1e
sounds,1726,sfx_merc_voice_punch_swing_3.wav,314906981,8183,riff,bd94d4dda8ac7976
sounds,1727,sfx_merc_voice_punch_swing_4.wav,314915164,8596,riff,819ec4aa36b0e711
sounds,1728,sfx_merc_voice_punch_swing_5.wav,314923760,5730,riff,c48dfa31cc8cd2dc
sounds,1729,sfx_merc_voice_punch_swing_6.wav,314929490,4571,riff,08c1255e5e38ee5e
sounds,1730,sfx_merc_voice_punch_swing_7.wav,314934061,6463,riff,cef7660f5ffa4733
sounds,1731,sfx_merc_voice_punch_swing_8.wav,314940524,5837,riff,c06f89850400b97e
sounds,1732,sfx_merc_voice_punch_swing_9.wav,314946361,9935,riff,7133b3d079196ffc
sounds,1733,sfx_military_chopper.wav,314956296,45009,riff,a308322f827087ef
sounds,1734,sfx_military_intro.wav,315001305,388980,riff,1b5bb1eeed99ebd9
sounds,1735,sfx_minigame_console_loop.wav,315390285,88553,riff,3a8385feb509c12c
sounds,1736,sfx_minigame_door_open.wav,315478838,53604,riff,a991f12b1a9344e5
sounds,1737,sfx_minigame_fail.wav,315532442,66458,riff,7b2857d0a63d7d73
sounds,1738,sfx_minigame_load_bar.wav,315598900,139954,riff,176a3007dc6761a7
sounds,1739,sfx_minigame_screen_appear.wav,315738854,51150,riff,a38c504f4f724fc4
sounds,1740,sfx_minigame_segment_touch.wav,315790004,1402,riff,8b47872c4308ea86
sounds,1741,sfx_minigame_success.wav,315791406,74296,riff,13c109e34d9ed1bf
sounds,1742,sfx_missile_fire.wav,315865702,43190,riff,69ce29a5fe56b8b6
sounds,1743,sfx_missile_impact_batpod_1.wav,315908892,137952,riff,7b8c25c6eeb97bd1
sounds,1744,sfx_missile_impact_batpod_2.wav,316046844,155784,riff,bc54899d395e6aae
sounds,1745,sfx_missile_impact_batpod_3.wav,316202628,132066,riff,07713a04b043fd98
sounds,1746,sfx_missile_impact_batpod_4.wav,316334694,133058,riff,d010038c5a30bfff
sounds,1747,sfx_missile_impact_batpod_5.wav,316467752,178126,riff,2bde494c333f37bb
sounds,1748,sfx_missile_locked_on.wav,316645878,59874,riff,4e94e1f18a2196a7
sounds,1749,sfx_missile_warning_loop.wav,316705752,138898,riff,eb06370c658a5126
sounds,1750,sfx_monorail_loop.wav,316844650,228392,riff,f9bf948018eac02b
sounds,1751,sfx_music_slider_feedback.wav,317073042,224230,riff,723c9dbce90b9e0a
sounds,1752,sfx_neon_light.wav,317297272,201883,riff,16ecbd35c2a84492
sounds,1753,sfx_night_vision_loop.wav,317499155,500850,riff,dc358ad658f0afb4
sounds,1754,sfx_night_vision_start.wav,318000005,62208,riff,7dae555b08006169
sounds,1755,sfx_night_vision_stop.wav,318062213,55660,riff,c11623b25ce679b0
sounds,1756,sfx_night_vision_zoom_in.wav,318117873,21930,riff,da7efb0c662d00a9
sounds,1757,sfx_night_vision_zoom_out.wav,318139803,37216,riff,fb169ee759a0be5a
sounds,1758,sfx_npc_car_horn_1.wav,318177019,27221,riff,59095bbf6d5afcb3
sounds,1759,sfx_npc_car_horn_10.wav,318204240,22812,riff,2653b88b66f04c56
sounds,1760,sfx_npc_car_horn_11.wav,318227052,44304,riff,2e671ee240e57ffa
sounds,1761,sfx_npc_car_horn_12.wav,318271356,18138,riff,c528ce2d7d22d22d
sounds,1762,sfx_npc_car_horn_13.wav,318289494,16246,riff,d1cea3557a0c6bce
sounds,1763,sfx_npc_car_horn_14.wav,318305740,27066,riff,87cfca9103068a03
sounds,1764,sfx_npc_car_horn_2.wav,318332806,12485,riff,2ed5e1899bf73438
sounds,1765,sfx_npc_car_horn_3.wav,318345291,24054,riff,1f0ce743c6050782
sounds,1766,sfx_npc_car_horn_4.wav,318369345,18803,riff,d7195fbd4a9f1df6
sounds,1767,sfx_npc_car_horn_5.wav,318388148,21413,riff,02959a14a78b742f
sounds,1768,sfx_npc_car_horn_6.wav,318409561,12724,riff,b43824317b0ad4c6
sounds,1769,sfx_npc_car_horn_7.wav,318422285,25593,riff,78f8a449a9af5af6
sounds,1770,sfx_npc_car_horn_8.wav,318447878,22909,riff,6f379a60e03441b8
sounds,1771,sfx_npc_car_horn_9.wav,318470787,22302,riff,b5f53298052ac551
sounds,1772,sfx_npc_engine_coupe.vxn,318493089,731194,bin,2644d756a5d05987
sounds,1773,sfx_npc_engine_pickup.vxn,319224283,1188401,bin,81d2849a584d929c
sounds,1774,sfx_npc_engine_police.vxn,320412684,1319366,bin,2644d756a5d05987
sounds,1775,sfx_npc_engine_sedan.vxn,321732050,1319366,bin,2644d756a5d05987
sounds,1776,sfx_npc_engine_suv.vxn,323051416,1110001,bin,2644d756a5d05987
sounds,1777,sfx_npc_engine_swat.vxn,324161417,1188401,bin,81d2849a584d929c
sounds,1778,sfx_npc_engine_taxi.vxn,325349818,731194,bin,2644d756a5d05987
sounds,1779,sfx_npc_engine_van.vxn,326081012,1110001,bin,2644d756a5d05987
sounds,1780,sfx_npc_kicked_1.wav,327191013,36943,riff,e3a51973007d0ecb
sounds,1781,sfx_npc_kicked_2.wav,327227956,39344,riff,2df1c9fdffabf875
sounds,1782,sfx_npc_kicked_3.wav,327267300,37969,riff,73ba80a674e838d3
sounds,1783,sfx_npc_kicked_4.wav,327305269,36248,riff,c16bcbdd8c382d28
sounds,1784,sfx_npc_police_brake_1.wav,327341517,38157,riff,e3abe1d7095bac61
sounds,1785,sfx_npc_police_brake_2.wav,327379674,42111,riff,9b48e9c665991e12
sounds,1786,sfx_npc_police_brake_3.wav,327421785,31734,riff,36e4eb7047e4263c
sounds,1787,sfx_npc_police_siren_loop_1.wav,327453519,194850,riff,8500cbc190d5dcc6
sounds,1788,sfx_npc_police_siren_loop_2.wav,327648369,176553,riff,c5628af3c87c910e
sounds,1789,sfx_npc_police_siren_loop_3.wav,327824922,175879,riff,dd23f06db431e5fc
sounds,1790,sfx_npc_police_yelp_1.wav,328000801,33627,riff,4726b0c0db1994f3
sounds,1791,sfx_npc_police_yelp_2.wav,328034428,48765,riff,f0f15db175411454
sounds,1792,sfx_npc_police_yelp_3.wav,328083193,27008,riff,2b64185a86c261db
sounds,1793,sfx_npc_police_yelp_4.wav,328110201,40556,riff,a85ebb179a358a4c
sounds,1794,sfx_npc_police_yelp_5.wav,328150757,33825,riff,c114ede5a23011f8
sounds,1795,sfx_npc_police_yelp_6.wav,328184582,22784,riff,0cf4b8382d2a371a
sounds,1796,sfx_npc_police_yelp_7.wav,328207366,20718,riff,87399104b490c457
sounds,1797,sfx_npc_police_yelp_8.wav,328228084,24138,riff,2bb862417865344a
sounds,1798,sfx_obstacle_climb_1.wav,328252222,16158,riff,5a3d2782f8fc9bfc
sounds,1799,sfx_obstacle_climb_2.wav,328268380,16842,riff,1bc5a5b33672689a
sounds,1800,sfx_obstacle_climb_20_1.wav,328285222,32864,riff,ef1bb92e07d3f81a
sounds,1801,sfx_obstacle_climb_20_2.wav,328318086,29271,riff,210e9c027bb595f6
sounds,1802,sfx_obstacle_climb_20_3.wav,328347357,30612,riff,623c4310c5cdf419
sounds,1803,sfx_obstacle_climb_3.wav,328377969,20868,riff,24968835784036fb
sounds,1804,sfx_pick_phone.wav,328398837,15009,riff,3910de993274733d
sounds,1805,sfx_pit_exit.wav,328413846,1019036,riff,d04d5a65ca61b6c2
sounds,1806,sfx_pit_intro.wav,329432882,1952738,riff,e2372a293cac9f57
sounds,1807,sfx_pit_steam_turn_on.wav,331385620,152240,riff,cbc4aab8e815de39
sounds,1808,sfx_police_sirens.wav,331537860,391826,riff,3765cb3b80fad3b5
sounds,1809,sfx_power_strike_1.wav,331929686,148182,riff,869da9de6694cca3
sounds,1810,sfx_power_strike_2.wav,332077868,150566,riff,35b0356a9345b442
sounds,1811,sfx_power_strike_3.wav,332228434,148182,riff,869da9de6694cca3
sounds,1812,sfx_prisoner_a_1.wav,332376616,50398,riff,63b32363daaea649
sounds,1813,sfx_prisoner_a_2.wav,332427014,45643,riff,60efdcdc974ecd0c
sounds,1814,sfx_prisoner_a_3.wav,332472657,71592,riff,ae3c457f7ff0559d
sounds,1815,sfx_prisoner_a_4.wav,332544249,72518,riff,9d847f4fc67637c1
sounds,1816,sfx_prisoner_a_5.wav,332616767,52248,riff,8680f9618eb03396
sounds,1817,sfx_prisoner_a_6.wav,332669015,28349,riff,d16943017d6f6b43
sounds,1818,sfx_prisoner_a_7.wav,332697364,39387,riff,b7631838e931f4fb
sounds,1819,sfx_prisoner_a_8.wav,332736751,57939,riff,8fdccb03de70c9a6
sounds,1820,sfx_prisoner_a_9.wav,332794690,63451,riff,dfbd85cd917e68b4
sounds,1821,sfx_prisoner_b_1.wav,332858141,74422,riff,264335d50451adc8
sounds,1822,sfx_prisoner_b_10.wav,332932563,44183,riff,d4b8f3c6480bd546
sounds,1823,sfx_prisoner_b_2.wav,332976746,88986,riff,979115595d8e7e65
sounds,1824,sfx_prisoner_b_3.wav,333065732,39511,riff,e460952c784c99af
sounds,1825,sfx_prisoner_b_4.wav,333105243,46256,riff,ca8acb5e8d573009
sounds,1826,sfx_prisoner_b_5.wav,333151499,23653,riff,7c2b01cf15384a9f
sounds,1827,sfx_prisoner_b_6.wav,333175152,48907,riff,4fa21a40c40b219f
sounds,1828,sfx_prisoner_b_7.wav,333224059,45037,riff,744dc81e69c5360f
sounds,1829,sfx_prisoner_b_8.wav,333269096,38332,riff,29f546c12143ca47
sounds,1830,sfx_prisoner_b_9.wav,333307428,58724,riff,4683eef36db75d83
sounds,1831,sfx_p_amb_batcave_computer.wav,333366152,298577,riff,90538cbb4d2c6090
sounds,1832,sfx_p_amb_batcave_waterfall.wav,333664729,256045,riff,9cf4c0d7078057a6
sounds,1833,sfx_p_amb_fire_barrel_loop.wav,333920774,105409,riff,f7f47332ad4eaa32
sounds,1834,sfx_p_amb_fire_building_loop.wav,334026183,80957,riff,02cb93ba8d283b6b
sounds,1835,sfx_p_amb_fire_larger_fire_loop.wav,334107140,130744,riff,1860aa3a90fea6bf
sounds,1836,sfx_p_amb_industrial_fans.wav,334237884,229715,riff,5e9de8b49867e1d5
sounds,1837,sfx_p_amb_military_compound_radio.wav,334467599,161999,riff,68fa49ecff212fc0
sounds,1838,sfx_p_amb_military_compound_radio_2.wav,334629598,345081,riff,5f4afe6cc765efa7
sounds,1839,sfx_p_amb_military_satellite_dish.wav,334974679,206992,riff,abb598dc30fba72a
sounds,1840,sfx_p_amb_police_headquarters_lobby_desk.wav,335181671,1001713,riff,a4b6060ffe05faa9
sounds,1841,sfx_p_amb_police_sirens.wav,336183384,194842,riff,7463c2b4d5aceca1
sounds,1842,sfx_p_amb_powerplant_nuclear_towers.wav,336378226,183804,riff,0c6cc49cf538205f
sounds,1843,sfx_p_amb_stadium_led_tv_billboards.wav,336562030,167882,riff,81e1b5479832a840
sounds,1844,sfx_p_amb_steam_high_pressure.wav,336729912,176249,riff,dc736d605a3cf440
sounds,1845,sfx_p_amb_steam_light_pit.wav,336906161,204039,riff,2579455c0cbcf467
sounds,1846,sfx_p_amb_stock_ticker.wav,337110200,226324,riff,8c91b7195aa3b0f6
sounds,1847,sfx_p_amb_underground_light_flickers_1.wav,337336524,37009,riff,4a55b0f7e5d92481
sounds,1848,sfx_p_amb_underground_light_flickers_2.wav,337373533,51837,riff,033f80af9cbff3f8
sounds,1849,sfx_p_amb_underground_light_flickers_3.wav,337425370,56681,riff,e7a0f31223776cd9
sounds,1850,sfx_p_amb_underground_light_flickers_4.wav,337482051,74460,riff,a51213160bc16a87
sounds,1851,sfx_p_amb_underground_light_flickers_5.wav,337556511,65094,riff,6f7d904b4360d6cc
sounds,1852,sfx_p_amb_underground_water_drips.wav,337621605,334141,riff,e7e4f7846e61144b
sounds,1853,sfx_qte_appear.wav,337955746,70634,riff,c3b3d346e879b097
sounds,1854,sfx_qte_car_explode_1.wav,338026380,74255,riff,85ef312dad2beecd
sounds,1855,sfx_qte_car_explode_2.wav,338100635,82611,riff,7fd126d7e00c849b
sounds,1856,sfx_qte_car_explode_3.wav,338183246,73546,riff,ce83d3b9aaaf6296
sounds,1857,sfx_qte_car_tumble_1.wav,338256792,210924,riff,d08a07f28563a092
sounds,1858,sfx_qte_car_tumble_2.wav,338467716,202440,riff,058ceafd664befea
sounds,1859,sfx_qte_click.wav,338670156,113772,riff,bb57639d516568bd
sounds,1860,sfx_qte_drop_statue.wav,338783928,421090,riff,46d9a6f0567400ea
sounds,1861,sfx_qte_drop_steel.wav,339205018,161784,riff,f0cb502b28bf40f3
sounds,1862,sfx_qte_grapnel_pull.wav,339366802,233510,riff,fc2fe5b2e6a86125
sounds,1863,sfx_qte_helicopter_explode_1.wav,339600312,53431,riff,55d1693fd7199e5d
sounds,1864,sfx_qte_helicopter_explode_2.wav,339653743,57417,riff,dac35ceb46dabd22
sounds,1865,sfx_radio_start.wav,339711160,31758,riff,cb5f543938b4e3b2
sounds,1866,sfx_rock_hit_crate_1.wav,339742918,16134,riff,8997278ac4cfc2a1
sounds,1867,sfx_rock_hit_crate_2.wav,339759052,18295,riff,3c6755179c8596f4
sounds,1868,sfx_rock_hit_green_light.wav,339777347,158470,riff,43d04240ef4f3955
sounds,1869,sfx_rock_hit_last_red.wav,339935817,58804,riff,4f5e9680b03f1f56
sounds,1870,sfx_rock_hit_red_light.wav,339994621,32492,riff,cc6b9c80462bb757
sounds,1871,sfx_run_to_stop_cement_1.wav,340027113,14027,riff,a17124874feb5627
sounds,1872,sfx_run_to_stop_cement_2.wav,340041140,14027,riff,a17124874feb5627
sounds,1873,sfx_run_to_stop_cement_3.wav,340055167,14027,riff,a17124874feb5627
sounds,1874,sfx_run_to_stop_dirt_1.wav,340069194,11925,riff,5487c2dc757f6208
sounds,1875,sfx_run_to_stop_dirt_2.wav,340081119,13563,riff,c69af4079f454fcd
sounds,1876,sfx_run_to_stop_dirt_3.wav,340094682,14886,riff,1864f05f8fc9059f
sounds,1877,sfx_run_to_stop_metal_1.wav,340109568,14027,riff,a17124874feb5627
sounds,1878,sfx_run_to_stop_metal_2.wav,340123595,14027,riff,a17124874feb5627
sounds,1879,sfx_run_to_stop_metal_3.wav,340137622,14027,riff,a17124874feb5627
sounds,1880,sfx_run_to_stop_wet_pave_1.wav,340151649,14027,riff,a17124874feb5627
sounds,1881,sfx_run_to_stop_wet_pave_2.wav,340165676,14027,riff,a17124874feb5627
sounds,1882,sfx_run_to_stop_wet_pave_3.wav,340179703,14027,riff,a17124874feb5627
sounds,1883,sfx_score_tally.wav,340193730,3632,riff,d6a28215033c461b
sounds,1884,sfx_score_tally_end.wav,340197362,83290,riff,a9c8d81462c65407
sounds,1885,sfx_shop_buy.wav,340280652,80118,riff,875af4b30f0af846
sounds,1886,sfx_shop_locked.wav,340360770,28310,riff,f2604166efb44aa0
sounds,1887,sfx_slow_motion_combat_1.wav,340389080,145650,riff,3456ddd48c383d23
sounds,1888,sfx_slow_motion_combat_2.wav,340534730,183022,riff,355dc89dfefa5b92
sounds,1889,sfx_slow_motion_combat_3.wav,340717752,176900,riff,d68dabdd5e7b98ce
sounds,1890,sfx_slow_motion_combat_4.wav,340894652,231008,riff,a37c5cfdf0efe3a9
sounds,1891,sfx_smoke_bomb_1.wav,341125660,269756,riff,24585116144d4a30
sounds,1892,sfx_smoke_bomb_2.wav,341395416,224704,riff,1b1cd9fceb029a94
sounds,1893,sfx_smoke_bomb_3.wav,341620120,257258,riff,d1afb42b92d42616
sounds,1894,sfx_smoke_bomb_press_1.wav,341877378,35134,riff,e9752cc873cc45e4
sounds,1895,sfx_smoke_bomb_press_2.wav,341912512,31232,riff,6add2d48cd9a3701
sounds,1896,sfx_smoke_bomb_press_3.wav,341943744,27444,riff,b49a515babcb5893
sounds,1897,sfx_sniper_close_1.wav,341971188,42100,riff,3af616a36051f6d0
sounds,1898,sfx_sniper_close_2.wav,342013288,40027,riff,9c8c5f361289cdc8
sounds,1899,sfx_sniper_close_3.wav,342053315,50684,riff,b7f05c577aa1ecb7
sounds,1900,sfx_sniper_close_4.wav,342103999,52207,riff,898dfb60a0200055
sounds,1901,sfx_sniper_distant_1.wav,342156206,31928,riff,2aa4074427737035
sounds,1902,sfx_sniper_distant_2.wav,342188134,42228,riff,0d1517ce3807daf7
sounds,1903,sfx_sniper_distant_3.wav,342230362,49601,riff,f7fb7c1e293e6208
sounds,1904,sfx_sniper_distant_4.wav,342279963,44678,riff,380ac04439f414a6
sounds,1905,sfx_spotlight.wav,342324641,96861,riff,1b03b8942ff74db3
sounds,1906,sfx_stun_charge_set.wav,342421502,58796,riff,daff864220666f3f
sounds,1907,sfx_subway_move_loop.wav,342480298,113314,riff,2bc2d0b5e7752378
sounds,1908,sfx_thug_choked_out_1.wav,342593612,53028,riff,cb9e6ba86804f674
sounds,1909,sfx_thug_choked_out_2.wav,342646640,32874,riff,bae64436e936a9f5
sounds,1910,sfx_thug_choked_out_3.wav,342679514,36488,riff,1e9f3f388b557a5d
sounds,1911,sfx_thug_choked_out_4.wav,342716002,25963,riff,7122a7db51281b46
sounds,1912,sfx_thug_choked_out_5.wav,342741965,40098,riff,b3dfbe96e7701769
sounds,1913,sfx_thug_choked_out_6.wav,342782063,24494,riff,9d9bd13cb9b330c0
sounds,1914,sfx_thug_emp_electrocuted_1.wav,342806557,35673,riff,28339e11e409f482
sounds,1915,sfx_thug_emp_electrocuted_2.wav,342842230,14430,riff,d2ee35c99b224882
sounds,1916,sfx_thug_emp_electrocuted_3.wav,342856660,29522,riff,90bd14d7ecb0ef84
sounds,1917,sfx_thug_emp_electrocuted_4.wav,342886182,28847,riff,973fb3223cdf02f5
sounds,1918,sfx_thug_emp_electrocuted_5.wav,342915029,13498,riff,ed03eb35bdbeda99
sounds,1919,sfx_thug_emp_electrocuted_6.wav,342928527,12495,riff,08f6cb45f24dc48f
sounds,1920,sfx_thug_flashbang_reaction_1.wav,342941022,7056,riff,d18e65fbefaf0162
sounds,1921,sfx_thug_flashbang_reaction_2.wav,342948078,22597,riff,77773536d1031845
sounds,1922,sfx_thug_flashbang_reaction_3.wav,342970675,23443,riff,2261426feb6ccb0f
sounds,1923,sfx_thug_flashbang_reaction_4.wav,342994118,30005,riff,bd5ca6691e4d19d1
sounds,1924,sfx_thug_flashbang_reaction_5.wav,343024123,8455,riff,0e18854996e9a28c
sounds,1925,sfx_thug_flashbang_reaction_6.wav,343032578,8261,riff,99de1206762c8a04
sounds,1926,sfx_thug_gas_grenade_coughing_1.wav,343040839,42351,riff,b498d6b4404b7398
sounds,1927,sfx_thug_gas_grenade_coughing_2.wav,343083190,43967,riff,4a12ad76c3bd1432
sounds,1928,sfx_thug_gas_grenade_coughing_3.wav,343127157,58554,riff,651599deffbdf018
sounds,1929,sfx_thug_gas_grenade_coughing_4.wav,343185711,58644,riff,062e6fd83a9389d7
sounds,1930,sfx_thug_gas_grenade_coughing_5.wav,343244355,28113,riff,51baa3353efeecc8
sounds,1931,sfx_thug_gas_grenade_coughing_6.wav,343272468,35538,riff,fd0f7a5e456ab4ea
sounds,1932,sfx_thug_kicked_reaction_1.wav,343308006,5384,riff,0a0b375ea57d5e68
sounds,1933,sfx_thug_kicked_reaction_10.wav,343313390,7634,riff,b067e879f90583ef
sounds,1934,sfx_thug_kicked_reaction_2.wav,343321024,7591,riff,e8a56cc02567baf3
sounds,1935,sfx_thug_kicked_reaction_3.wav,343328615,3077,riff,f051111aaed9ec65
sounds,1936,sfx_thug_kicked_reaction_4.wav,343331692,4717,riff,263b9cbf3828effe
sounds,1937,sfx_thug_kicked_reaction_5.wav,343336409,4139,riff,82618e849cf45e96
sounds,1938,sfx_thug_kicked_reaction_6.wav,343340548,4155,riff,c652083d52c9c034
sounds,1939,sfx_thug_kicked_reaction_7.wav,343344703,4602,riff,b69e9d312c73eaf6
sounds,1940,sfx_thug_kicked_reaction_8.wav,343349305,4851,riff,6f1dde9bbf7de4c1
sounds,1941,sfx_thug_kicked_reaction_9.wav,343354156,4771,riff,cfac6affaa3e8cc3
sounds,1942,sfx_thug_killed_batarang_1.wav,343358927,4478,riff,1ba63f77065afcb8
sounds,1943,sfx_thug_killed_batarang_2.wav,343363405,21587,riff,0173cbd51a9618a9
sounds,1944,sfx_thug_killed_batarang_3.wav,343384992,31559,riff,4d6b7299d19385f9
sounds,1945,sfx_thug_killed_batarang_4.wav,343416551,30051,riff,6bcc2bd04ab16476
sounds,1946,sfx_thug_killed_batarang_5.wav,343446602,23017,riff,b93d17e9c032492f
sounds,1947,sfx_thug_killed_batarang_6.wav,343469619,15321,riff,e97339a0b7d00d13
sounds,1948,sfx_thug_killed_batarang_7.wav,343484940,30305,riff,4896043d2d4450c8
sounds,1949,sfx_thug_killed_batarang_8.wav,343515245,5581,riff,a9d0226aeb09350c
sounds,1950,sfx_thug_killed_batarang_9.wav,343520826,7144,riff,2f91a504596b3daf
sounds,1951,sfx_thug_killed_drop_1.wav,343527970,10967,riff,6ff6e8dbe68ee78a
sounds,1952,sfx_thug_killed_drop_2.wav,343538937,24475,riff,fc427d1a3e552e72
sounds,1953,sfx_thug_killed_drop_3.wav,343563412,25668,riff,8cd445d207a21f82
sounds,1954,sfx_thug_killed_drop_4.wav,343589080,24805,riff,662d191a1d69d27a
sounds,1955,sfx_thug_killed_drop_5.wav,343613885,8067,riff,0af2b040c6583bd6
sounds,1956,sfx_thug_killed_drop_6.wav,343621952,7955,riff,f2dda8dccc322b50
sounds,1957,sfx_thug_killed_kick_1.wav,343629907,6361,riff,7d341d32c7b93f93
sounds,1958,sfx_thug_killed_kick_2.wav,343636268,20483,riff,92ca251217b807ee
sounds,1959,sfx_thug_killed_kick_3.wav,343656751,33056,riff,e0e4ca21c17e11b8
sounds,1960,sfx_thug_killed_kick_4.wav,343689807,32493,riff,df7caf35612ee445
sounds,1961,sfx_thug_killed_kick_5.wav,343722300,8004,riff,d2ad14e5c4cbe9d8
sounds,1962,sfx_thug_killed_kick_6.wav,343730304,7448,riff,6ea6ae342deb4261
sounds,1963,sfx_thug_killed_melee_1.wav,343737752,7187,riff,d6bbdb50eb0a3cae
sounds,1964,sfx_thug_killed_melee_2.wav,343744939,17684,riff,7c9f3878cc731068
sounds,1965,sfx_thug_killed_melee_3.wav,343762623,26858,riff,3bea66a9b74aecea
sounds,1966,sfx_thug_killed_melee_4.wav,343789481,36177,riff,a0e7b634fde4456f
sounds,1967,sfx_thug_killed_melee_5.wav,343825658,6867,riff,b7ca697e3707e380
sounds,1968,sfx_thug_killed_melee_6.wav,343832525,4000,riff,e8b43796279529a0
sounds,1969,sfx_thug_killed_melee_7.wav,343836525,35879,riff,8414a87c43ef0e30
sounds,1970,sfx_thug_killed_melee_8.wav,343872404,5434,riff,e563a7eb9b4c0999
sounds,1971,sfx_thug_killed_thrown_1.wav,343877838,9979,riff,b8a6387f2fcd161d
sounds,1972,sfx_thug_killed_thrown_2.wav,343887817,13115,riff,c498970b6ac92cfe
sounds,1973,sfx_thug_killed_thrown_3.wav,343900932,19544,riff,27dff5bea293d9fd
sounds,1974,sfx_thug_killed_thrown_4.wav,343920476,19566,riff,acdf716012ac8233
sounds,1975,sfx_thug_killed_thrown_5.wav,343940042,10131,riff,2c753316b72d9e2a
sounds,1976,sfx_thug_killed_thrown_6.wav,343950173,18386,riff,789578996701401a
sounds,1977,sfx_thug_picked_up_by_batman_1.wav,343968559,9389,riff,038c214213a33d3b
sounds,1978,sfx_thug_picked_up_by_batman_2.wav,343977948,13364,riff,41cc9bdd56f4bc64
sounds,1979,sfx_thug_picked_up_by_batman_3.wav,343991312,13690,riff,9fdafab897c59974
sounds,1980,sfx_thug_picked_up_by_batman_4.wav,344005002,14333,riff,6ef4e65d40fd6001
sounds,1981,sfx_thug_picked_up_by_batman_5.wav,344019335,16403,riff,be5bf92981b92228
sounds,1982,sfx_thug_picked_up_by_batman_6.wav,344035738,17409,riff,61766e7ecdb769d2
sounds,1983,sfx_thug_pulled_by_batman_grapnel_1.wav,344053147,5847,riff,f0edbf76b71cf3fc
sounds,1984,sfx_thug_pulled_by_batman_grapnel_2.wav,344058994,12966,riff,400581b441b29a0d
sounds,1985,sfx_thug_pulled_by_batman_grapnel_3.wav,344071960,26816,riff,4fc04c49d3fd11a8
sounds,1986,sfx_thug_pulled_by_batman_grapnel_4.wav,344098776,35162,riff,bde08a98b78c47a7
sounds,1987,sfx_thug_pulled_by_batman_grapnel_5.wav,344133938,4703,riff,60ec3e41adb98d68
sounds,1988,sfx_thug_pulled_by_batman_grapnel_6.wav,344138641,7221,riff,39cd18cf585eccf8
sounds,1989,sfx_thug_punched_reaction_1.wav,344145862,2970,riff,fd522433994e8427
sounds,1990,sfx_thug_punched_reaction_10.wav,344148832,6007,riff,1325fb47d582a3b5
sounds,1991,sfx_thug_punched_reaction_2.wav,344154839,4999,riff,9d25c3c9f531d057
sounds,1992,sfx_thug_punched_reaction_3.wav,344159838,4461,riff,14f635e7b212b997
sounds,1993,sfx_thug_punched_reaction_4.wav,344164299,3172,riff,b5a9047ec98393a4
sounds,1994,sfx_thug_punched_reaction_5.wav,344167471,5958,riff,66c28939d82b46f9
sounds,1995,sfx_thug_punched_reaction_6.wav,344173429,3770,riff,5ae9e950d86d4585
sounds,1996,sfx_thug_punched_reaction_7.wav,344177199,4739,riff,0dc60319a3bec7a6
sounds,1997,sfx_thug_punched_reaction_8.wav,344181938,3502,riff,908c5e272fc8597c
sounds,1998,sfx_thug_punched_reaction_9.wav,344185440,4925,riff,a4cc4b4e9ea6c5e2
sounds,1999,sfx_thug_rage_yell_1.wav,344190365,21237,riff,3e06f1c0cbc3c647
sounds,2000,sfx_thug_rage_yell_2.wav,344211602,32649,riff,1c15905f923c8ffe
sounds,2001,sfx_thug_rage_yell_3.wav,344244251,43525,riff,b3352cd281e3d998
sounds,2002,sfx_thug_rage_yell_4.wav,344287776,43448,riff,36cf21fde9b42e4b
sounds,2003,sfx_thug_rage_yell_5.wav,344331224,29300,riff,59f8422e89ea0a4b
sounds,2004,sfx_thug_rage_yell_6.wav,344360524,25450,riff,766f1dab3b663721
sounds,2005,sfx_thug_running_1.wav,344385974,256447,riff,e62b3a7a5f97c4a2
sounds,2006,sfx_thug_running_2.wav,344642421,242696,riff,c64b557e328f5b3a
sounds,2007,sfx_thug_running_3.wav,344885117,233806,riff,1c93eb5fe3d1d3e6
sounds,2008,sfx_thug_running_4.wav,345118923,234021,riff,b89c67b67bc7da83
sounds,2009,sfx_thug_voice_kick_1.wav,345352944,3591,riff,f4b8ac31d5a3a878
sounds,2010,sfx_thug_voice_kick_2.wav,345356535,5933,riff,0f9c9835795afe69
sounds,2011,sfx_thug_voice_kick_3.wav,345362468,6029,riff,a0abe15fc51be9bf
sounds,2012,sfx_thug_voice_kick_4.wav,345368497,6501,riff,32c5a05aca23f816
sounds,2013,sfx_thug_voice_kick_5.wav,345374998,5488,riff,99989e6bb98b0e9f
sounds,2014,sfx_thug_voice_kick_6.wav,345380486,8025,riff,53e387cb677add28
sounds,2015,sfx_thug_voice_kick_7.wav,345388511,7505,riff,20aa093cde6a6dc1
sounds,2016,sfx_thug_voice_kick_8.wav,345396016,4451,riff,7c6f8ba8dbdcbaeb
sounds,2017,sfx_thug_voice_kick_9.wav,345400467,6128,riff,56e3d4c37fdf6486
sounds,2018,sfx_thug_voice_punch_swing_1.wav,345406595,3827,riff,029c498237ad51e7
sounds,2019,sfx_thug_voice_punch_swing_10.wav,345410422,5132,riff,0291d2910617a958
sounds,2020,sfx_thug_voice_punch_swing_2.wav,345415554,7019,riff,1c128e12cccf3e1e
sounds,2021,sfx_thug_voice_punch_swing_3.wav,345422573,8183,riff,bd94d4dda8ac7976
sounds,2022,sfx_thug_voice_punch_swing_4.wav,345430756,8596,riff,819ec4aa36b0e711
sounds,2023,sfx_thug_voice_punch_swing_5.wav,345439352,5730,riff,c48dfa31cc8cd2dc
sounds,2024,sfx_thug_voice_punch_swing_6.wav,345445082,4571,riff,08c1255e5e38ee5e
sounds,2025,sfx_thug_voice_punch_swing_7.wav,345449653,6463,riff,cef7660f5ffa4733
sounds,2026,sfx_thug_voice_punch_swing_8.wav,345456116,5837,riff,c06f89850400b97e
sounds,2027,sfx_thug_voice_punch_swing_9.wav,345461953,9935,riff,7133b3d079196ffc
sounds,2028,sfx_thunder_strike_1.wav,345471888,297752,riff,5a0a064d5de923cf
sounds,2029,sfx_thunder_strike_2.wav,345769640,464672,riff,9901d6a995fadfa0
sounds,2030,sfx_thunder_strike_3.wav,346234312,459918,riff,558ebf486eafbdfa
sounds,2031,sfx_train_loop.wav,346694230,264090,riff,0de67574ab088719
sounds,2032,sfx_train_power.wav,346958320,324008,riff,cd0ec05f9d65eb69
sounds,2033,sfx_train_top_loop.wav,347282328,531148,riff,c20cde25d70fa3cb
sounds,2034,sfx_turret_burst_1.wav,347813476,35924,riff,9f317b6b64c011fd
sounds,2035,sfx_turret_burst_2.wav,347849400,37451,riff,1d757c27563bd90f
sounds,2036,sfx_turret_burst_3.wav,347886851,43989,riff,f472634349d8598f
sounds,2037,sfx_turret_idle_loop.wav,347930840,90403,riff,f7dac2454d763f45
sounds,2038,sfx_turret_shoot.vxn,348021243,106209,bin,2644d756a5d05987
sounds,2039,sfx_turret_shot_1.wav,348127452,33276,riff,4276328db7aa1d4f
sounds,2040,sfx_turret_shot_2.wav,348160728,37940,riff,83122ad1687fc7f5
sounds,2041,sfx_turret_shot_3.wav,348198668,40412,riff,ecdbe517fed8345d
sounds,2042,sfx_underground_elevator.wav,348239080,190801,riff,afd01c0d14d06e06
sounds,2043,sfx_underground_intro.wav,348429881,1520212,riff,4227fd8fc087f70a
sounds,2044,sfx_valve_turn.wav,349950093,173042,riff,7b81c4f8d23dcf00
sounds,2045,sfx_van_bomb_set.wav,350123135,37614,riff,9765f65fd6c7a238
sounds,2046,sfx_van_door_open.wav,350160749,40014,riff,52415579d682d3c1
sounds,2047,sfx_van_idle.wav,350200763,397496,riff,1df225b67882e697
sounds,2048,sfx_van_leave.wav,350598259,224972,riff,c29fea314f12ef8e
sounds,2049,sfx_vehicle_explode_1.wav,350823231,61217,riff,e30b1bc596ec2dd7
sounds,2050,sfx_vehicle_explode_2.wav,350884448,59751,riff,5596807910671d66
sounds,2051,sfx_vehicle_explode_3.wav,350944199,54953,riff,bff2e9a8ef2396fb
sounds,2052,sfx_vxa_air_traffic_1.wav,350999152,872273,riff,132fdee394877ee2
sounds,2053,sfx_vxa_air_traffic_10.wav,351871425,386767,riff,1bb3d69e0c8ffc1a
sounds,2054,sfx_vxa_air_traffic_11.wav,352258192,318352,riff,46f4fd2cc77cad92
sounds,2055,sfx_vxa_air_traffic_12.wav,352576544,367559,riff,10c4495f397de3f8
sounds,2056,sfx_vxa_air_traffic_13.wav,352944103,189836,riff,d93c1a7388e41b30
sounds,2057,sfx_vxa_air_traffic_2.wav,353133939,717436,riff,98ee523b32bb4c1d
sounds,2058,sfx_vxa_air_traffic_3.wav,353851375,1030198,riff,3e6e10109aecc3fa
sounds,2059,sfx_vxa_air_traffic_4.wav,354881573,802613,riff,48419aff894f9572
sounds,2060,sfx_vxa_air_traffic_5.wav,355684186,348995,riff,0399feb28da4dbbe
sounds,2061,sfx_vxa_air_traffic_6.wav,356033181,431984,riff,a244ff374b25b779
sounds,2062,sfx_vxa_air_traffic_7.wav,356465165,764773,riff,e0868c47e8ef4148
sounds,2063,sfx_vxa_air_traffic_8.wav,357229938,952986,riff,a5ed1425a5fd13e6
sounds,2064,sfx_vxa_air_traffic_9.wav,358182924,175623,riff,f2484648b832496d
sounds,2065,sfx_vxa_batcave_bat_1.wav,358358547,90042,riff,d9506e51ea645ede
sounds,2066,sfx_vxa_batcave_bat_10.wav,358448589,73458,riff,71a8552e6015ebe3
sounds,2067,sfx_vxa_batcave_bat_11.wav,358522047,90042,riff,d9506e51ea645ede
sounds,2068,sfx_vxa_batcave_bat_12.wav,358612089,54025,riff,7c542f6c3c61f971
sounds,2069,sfx_vxa_batcave_bat_13.wav,358666114,67277,riff,3048483e703247bc
sounds,2070,sfx_vxa_batcave_bat_14.wav,358733391,63596,riff,9cc4ceecc540a799
sounds,2071,sfx_vxa_batcave_bat_15.wav,358796987,66264,riff,15065c08d32c0734
sounds,2072,sfx_vxa_batcave_bat_16.wav,358863251,95852,riff,7a3efeb8ac18e132
sounds,2073,sfx_vxa_batcave_bat_17.wav,358959103,80870,riff,379836edfb18c664
sounds,2074,sfx_vxa_batcave_bat_18.wav,359039973,74147,riff,852e7e8721896d7e
sounds,2075,sfx_vxa_batcave_bat_19.wav,359114120,62836,riff,29e079f4894c6f26
sounds,2076,sfx_vxa_batcave_bat_2.wav,359176956,105251,riff,cbfb42261d34bb86
sounds,2077,sfx_vxa_batcave_bat_20.wav,359282207,110986,riff,7053624d7ee553ff
sounds,2078,sfx_vxa_batcave_bat_21.wav,359393193,112056,riff,8b16f948509f5f7e
sounds,2079,sfx_vxa_batcave_bat_22.wav,359505249,62071,riff,2eb98741ee34b6e3
sounds,2080,sfx_vxa_batcave_bat_3.wav,359567320,98757,riff,fbd9e71ec296afc2
sounds,2081,sfx_vxa_batcave_bat_4.wav,359666077,74451,riff,a5ea17385f677d17
sounds,2082,sfx_vxa_batcave_bat_5.wav,359740528,87978,riff,84be37ee03aad58e
sounds,2083,sfx_vxa_batcave_bat_6.wav,359828506,77508,riff,6f929e6d5eb2d94f
sounds,2084,sfx_vxa_batcave_bat_7.wav,359906014,81022,riff,b4fd37b25278ed34
sounds,2085,sfx_vxa_batcave_bat_8.wav,359987036,59165,riff,66b1c03c78dad62e
sounds,2086,sfx_vxa_batcave_bat_9.wav,360046201,63754,riff,345da3f59e25a5c9
sounds,2087,sfx_vxa_bottle_break_1.wav,360109955,68071,riff,441b60411eadff25
sounds,2088,sfx_vxa_bottle_break_2.wav,360178026,89208,riff,0694171cc40cbc5c
sounds,2089,sfx_vxa_car_brake_1.wav,360267234,46128,riff,eb431822fc20f602
sounds,2090,sfx_vxa_car_brake_2.wav,360313362,51735,riff,28d1ccea4cdaa915
sounds,2091,sfx_vxa_car_brake_3.wav,360365097,46743,riff,883b66cc46e29121
sounds,2092,sfx_vxa_car_horn_1.wav,360411840,35242,riff,e0df67b90d8e5329
sounds,2093,sfx_vxa_car_horn_2.wav,360447082,35242,riff,e0df67b90d8e5329
sounds,2094,sfx_vxa_car_horn_3.wav,360482324,35242,riff,e0df67b90d8e5329
sounds,2095,sfx_vxa_car_horn_4.wav,360517566,35270,riff,0087704e1de782a2
sounds,2096,sfx_vxa_car_horn_5.wav,360552836,32045,riff,821bb9159fd7643b
sounds,2097,sfx_vxa_car_horn_6.wav,360584881,26932,riff,1ba550b262eba85f
sounds,2098,sfx_vxa_car_horn_7.wav,360611813,17738,riff,fb9456f36f71033c
sounds,2099,sfx_vxa_gull_1.wav,360629551,20801,riff,6bd52daf933f210c
sounds,2100,sfx_vxa_gull_2.wav,360650352,36135,riff,b99934b2a43cfa40
sounds,2101,sfx_vxa_gull_3.wav,360686487,21977,riff,1aa3e6a48c3f20b5
sounds,2102,sfx_vxa_gull_4.wav,360708464,21626,riff,34a645c9663d6be7
sounds,2103,sfx_vxa_gull_5.wav,360730090,53988,riff,9b287fd4d46de102
sounds,2104,sfx_vxa_hostages_1.wav,360784078,80050,riff,5044742be1c8d047
sounds,2105,sfx_vxa_hostages_10.wav,360864128,151247,riff,f843a786b494aea3
sounds,2106,sfx_vxa_hostages_11.wav,361015375,153594,riff,b7491dd69cfb7a68
sounds,2107,sfx_vxa_hostages_2.wav,361168969,124875,riff,cf2764fbcf24c260
sounds,2108,sfx_vxa_hostages_3.wav,361293844,132854,riff,640d0ee20a270b39
sounds,2109,sfx_vxa_hostages_4.wav,361426698,33802,riff,088f361585020688
sounds,2110,sfx_vxa_hostages_5.wav,361460500,39100,riff,d4bdf0a117f06804
sounds,2111,sfx_vxa_hostages_6.wav,361499600,60518,riff,41c7c004eddbdcf3
sounds,2112,sfx_vxa_hostages_7.wav,361560118,91042,riff,22e76fc7b00dd75c
sounds,2113,sfx_vxa_hostages_8.wav,361651160,120454,riff,1701ce0ff4155923
sounds,2114,sfx_vxa_hostages_9.wav,361771614,149964,riff,3c1204794d37dacc
sounds,2115,sfx_vxa_metal_1.wav,361921578,61445,riff,0c770ca39f2518fe
sounds,2116,sfx_vxa_metal_2.wav,361983023,68614,riff,03a1f6ae04aa4af1
sounds,2117,sfx_vxa_metal_3.wav,362051637,83459,riff,82f4fdd3364286ba
sounds,2118,sfx_vxa_metal_4.wav,362135096,97106,riff,97788bfd6573d0a3
sounds,2119,sfx_vxa_military_air_traffic_1.wav,362232202,278251,riff,c9a8532e37290f6e
sounds,2120,sfx_vxa_military_air_traffic_2.wav,362510453,270930,riff,b12d73cbb36a8016
sounds,2121,sfx_vxa_military_air_traffic_3.wav,362781383,404174,riff,cd3a15645a0a5470
sounds,2122,sfx_vxa_military_ground_traffic_1.wav,363185557,228702,riff,4e0b94373234f77c
sounds,2123,sfx_vxa_military_ground_traffic_2.wav,363414259,297680,riff,d1854af528d064c2
sounds,2124,sfx_vxa_military_ground_traffic_3.wav,363711939,282671,riff,55f01ee41753dbae
sounds,2125,sfx_vxa_military_ground_traffic_4.wav,363994610,210975,riff,e3aaa0182aba38c9
sounds,2126,sfx_vxa_military_ground_traffic_5.wav,364205585,206533,riff,bb2f7a8ed3fa381f
sounds,2127,sfx_vxa_military_ground_traffic_6.wav,364412118,174779,riff,2a7b52b29a128793
sounds,2128,sfx_vxa_pit_machinery_1.wav,364586897,97350,riff,c63ebca5da592d9a
sounds,2129,sfx_vxa_pit_machinery_10.wav,364684247,88144,riff,bb5b681234c1f72d
sounds,2130,sfx_vxa_pit_machinery_11.wav,364772391,109807,riff,744be8888bf511be
sounds,2131,sfx_vxa_pit_machinery_12.wav,364882198,72485,riff,b68a20ffb82a31b2
sounds,2132,sfx_vxa_pit_machinery_2.wav,364954683,96382,riff,30c6d60f9434a690
sounds,2133,sfx_vxa_pit_machinery_3.wav,365051065,179269,riff,c98abb4e3ace68fa
sounds,2134,sfx_vxa_pit_machinery_4.wav,365230334,98454,riff,48f9713144da2aa5
sounds,2135,sfx_vxa_pit_machinery_5.wav,365328788,64398,riff,586abb59e544bfa2
sounds,2136,sfx_vxa_pit_machinery_6.wav,365393186,69100,riff,d1afbc3930011912
sounds,2137,sfx_vxa_pit_machinery_7.wav,365462286,65717,riff,add0b9577cf6bfcd
sounds,2138,sfx_vxa_pit_machinery_8.wav,365528003,71992,riff,8bb92c018d795ba4
sounds,2139,sfx_vxa_pit_machinery_9.wav,365599995,52114,riff,d8c1e02cfe2c6ef3
sounds,2140,sfx_vxa_police_ext_dog_1.wav,365652109,56275,riff,e3521a714597491c
sounds,2141,sfx_vxa_police_ext_dog_2.wav,365708384,50944,riff,02a287fb7578a2f0
sounds,2142,sfx_vxa_police_ext_dog_3.wav,365759328,51821,riff,5dd64fbe2640e03f
sounds,2143,sfx_vxa_police_ext_dog_4.wav,365811149,49206,riff,1b68f582fe6d630c
sounds,2144,sfx_vxa_police_ext_siren_1.wav,365860355,115971,riff,4269029493efd788
sounds,2145,sfx_vxa_police_ext_siren_2.wav,365976326,97647,riff,ae880d6eb41b3ee1
sounds,2146,sfx_vxa_police_ext_thug_1.wav,366073973,47564,riff,a82f0b1627a4296a
sounds,2147,sfx_vxa_police_ext_thug_2.wav,366121537,50881,riff,32dcfcaea56bcf7c
sounds,2148,sfx_vxa_police_ext_thug_3.wav,366172418,54845,riff,8088d9b90a219c2f
sounds,2149,sfx_vxa_police_ext_thug_4.wav,366227263,75884,riff,af46dc4490874eda
sounds,2150,sfx_vxa_police_ext_thug_5.wav,366303147,48335,riff,fed6cebb6fa0dfeb
sounds,2151,sfx_vxa_police_ext_thug_6.wav,366351482,55901,riff,17bff69235c35030
sounds,2152,sfx_vxa_police_ext_thug_7.wav,366407383,47582,riff,3599b39928892e20
sounds,2153,sfx_vxa_police_ext_thug_8.wav,366454965,66978,riff,b53e71a45b4f822a
sounds,2154,sfx_vxa_police_ext_thug_9.wav,366521943,62394,riff,6c8748156cd9b6fd
sounds,2155,sfx_vxa_police_int_communication_1.wav,366584337,73408,riff,f11a2d363b2f2fac
sounds,2156,sfx_vxa_police_int_communication_10.wav,366657745,83957,riff,7dfd143876f84aec
sounds,2157,sfx_vxa_police_int_communication_11.wav,366741702,145471,riff,e18d9186fff629df
sounds,2158,sfx_vxa_police_int_communication_12.wav,366887173,99928,riff,67a61ac2f4bf628b
sounds,2159,sfx_vxa_police_int_communication_2.wav,366987101,89091,riff,7619fb868fdecf67
sounds,2160,sfx_vxa_police_int_communication_3.wav,367076192,84526,riff,2549ea08a2f2b0fc
sounds,2161,sfx_vxa_police_int_communication_4.wav,367160718,350317,riff,875088ab8828d62f
sounds,2162,sfx_vxa_police_int_communication_5.wav,367511035,66342,riff,c4fc07d12bfb75fe
sounds,2163,sfx_vxa_police_int_communication_6.wav,367577377,212267,riff,fbeca24b5b15386b
sounds,2164,sfx_vxa_police_int_communication_7.wav,367789644,120485,riff,f98a2e4f48e794f9
sounds,2165,sfx_vxa_police_int_communication_8.wav,367910129,80529,riff,1b186862b6fa3621
sounds,2166,sfx_vxa_police_int_communication_9.wav,367990658,78812,riff,c51470b2578be873
sounds,2167,sfx_vxa_police_int_hostages_1.wav,368069470,76887,riff,c5ce0566400c0857
sounds,2168,sfx_vxa_police_int_hostages_2.wav,368146357,55414,riff,83ec18c0602b7766
sounds,2169,sfx_vxa_police_int_hostages_3.wav,368201771,131124,riff,c8787aac2763fb2b
sounds,2170,sfx_vxa_police_int_hostages_4.wav,368332895,89525,riff,81b0d03e8c8fb914
sounds,2171,sfx_vxa_police_int_hostages_5.wav,368422420,155976,riff,16fc7622c33a6ec7
sounds,2172,sfx_vxa_police_int_hostages_6.wav,368578396,149805,riff,78f02596f2f393f1
sounds,2173,sfx_vxa_police_int_hostages_7.wav,368728201,128708,riff,f8c92440ff9078f9
sounds,2174,sfx_vxa_police_siren_1.wav,368856909,778864,riff,66c7925342a55117
sounds,2175,sfx_vxa_police_siren_2.wav,369635773,878694,riff,17b779d323b036b8
sounds,2176,sfx_vxa_police_siren_3.wav,370514467,550257,riff,6b93175b762b6cf5
sounds,2177,sfx_vxa_police_siren_4.wav,371064724,490593,riff,49c5b579adac369d
sounds,2178,sfx_vxa_police_siren_5.wav,371555317,434975,riff,3bb36aae1875b011
sounds,2179,sfx_vxa_police_siren_6.wav,371990292,542988,riff,a805eeb9fcd497ff
sounds,2180,sfx_vxa_police_siren_7.wav,372533280,449260,riff,5dc4d6104d074a2a
sounds,2181,sfx_vxa_police_siren_8.wav,372982540,510683,riff,e0d01fa227afe479
sounds,2182,sfx_vxa_police_siren_9.wav,373493223,1015388,riff,d8dd8f57f5c1a5e3
sounds,2183,sfx_vxa_powerplant_construction_sounds_1.wav,374508611,137749,riff,e6105a61c6ecb2f8
sounds,2184,sfx_vxa_powerplant_construction_sounds_2.wav,374646360,143495,riff,a0ceac86cd4f7b47
sounds,2185,sfx_vxa_powerplant_construction_sounds_3.wav,374789855,266690,riff,15bf26ba4dff74ce
sounds,2186,sfx_vxa_powerplant_construction_sounds_4.wav,375056545,260492,riff,9b0472305300cda5
sounds,2187,sfx_vxa_powerplant_construction_sounds_5.wav,375317037,191005,riff,1d73c3ef232d9d5e
sounds,2188,sfx_vxa_powerplant_construction_sounds_6.wav,375508042,183594,riff,5c2c4d43b1ad2995
sounds,2189,sfx_vxa_powerplant_construction_sounds_7.wav,375691636,154857,riff,a3a627d962c2ef1c
sounds,2190,sfx_vxa_powerplant_construction_sounds_8.wav,375846493,184664,riff,39e8ac89d0510634
sounds,2191,sfx_vxa_powerplant_planes_1.wav,376031157,235533,riff,47855395624efa9b
sounds,2192,sfx_vxa_powerplant_planes_2.wav,376266690,402881,riff,7c776321c3122f41
sounds,2193,sfx_vxa_powerplant_planes_3.wav,376669571,400768,riff,2ec579cf98d3ecd3
sounds,2194,sfx_vxa_powerplant_siren_1.wav,377070339,356398,riff,3d5f09878e1627d1
sounds,2195,sfx_vxa_powerplant_siren_2.wav,377426737,348573,riff,080989f5cdd3fe6a
sounds,2196,sfx_vxa_powerplant_trains_1.wav,377775310,330563,riff,4646c4ac7b7f072c
sounds,2197,sfx_vxa_powerplant_trains_2.wav,378105873,236631,riff,31d2009e7e848255
sounds,2198,sfx_vxa_powerplant_trains_3.wav,378342504,175948,riff,7c96d8bbc3939ece
sounds,2199,sfx_vxa_powerplant_trains_4.wav,378518452,282641,riff,4d426e1da2adf82f
sounds,2200,sfx_vxa_powerplant_trains_5.wav,378801093,249258,riff,5a7007935a4e55ce
sounds,2201,sfx_vxa_powerplant_trains_6.wav,379050351,215692,riff,2886cbd365ac5db0
sounds,2202,sfx_vxa_powerplant_trains_7.wav,379266043,231130,riff,47cb3461100f0fd5
sounds,2203,sfx_vxa_powerplant_trains_8.wav,379497173,281115,riff,1ec21321781aa12e
sounds,2204,sfx_vxa_powerplant_trains_9.wav,379778288,234491,riff,e3f3f4ad623efa65
sounds,2205,sfx_vxa_prisoners_1.wav,380012779,50474,riff,5f0f149e97672f1d
sounds,2206,sfx_vxa_prisoners_10.wav,380063253,44216,riff,15c1c851a6f0d11b
sounds,2207,sfx_vxa_prisoners_11.wav,380107469,62334,riff,9d92c4072193b787
sounds,2208,sfx_vxa_prisoners_12.wav,380169803,48775,riff,ae6c9a087c0a429c
sounds,2209,sfx_vxa_prisoners_13.wav,380218578,55910,riff,5099157ecef12839
sounds,2210,sfx_vxa_prisoners_14.wav,380274488,69606,riff,19f2a3bcc7735e09
sounds,2211,sfx_vxa_prisoners_15.wav,380344094,59214,riff,796d672214c22c15
sounds,2212,sfx_vxa_prisoners_16.wav,380403308,43086,riff,c05600215b501891
sounds,2213,sfx_vxa_prisoners_2.wav,380446394,51031,riff,06afcbd9aad2eaad
sounds,2214,sfx_vxa_prisoners_3.wav,380497425,69498,riff,70c7c1e5bd9e46c0
sounds,2215,sfx_vxa_prisoners_4.wav,380566923,46972,riff,11a7f70824e1df79
sounds,2216,sfx_vxa_prisoners_5.wav,380613895,47974,riff,4c0d4989c7321517
sounds,2217,sfx_vxa_prisoners_6.wav,380661869,60865,riff,54d9731c0994823a
sounds,2218,sfx_vxa_prisoners_7.wav,380722734,44617,riff,7e3ed9297e132610
sounds,2219,sfx_vxa_prisoners_8.wav,380767351,56881,riff,13341d1cd13874d6
sounds,2220,sfx_vxa_prisoners_9.wav,380824232,54699,riff,abdef96283c4e1a4
sounds,2221,sfx_vxa_random_metal_1.wav,380878931,75034,riff,4fb860f00d29332e
sounds,2222,sfx_vxa_random_metal_10.wav,380953965,50471,riff,70a00cc57cc8e4f6
sounds,2223,sfx_vxa_random_metal_11.wav,381004436,49150,riff,6c3ef13088bc74e3
sounds,2224,sfx_vxa_random_metal_12.wav,381053586,41194,riff,4fa0481a847efbb7
sounds,2225,sfx_vxa_random_metal_13.wav,381094780,77403,riff,e88a40a8e23259a9
sounds,2226,sfx_vxa_random_metal_14.wav,381172183,46696,riff,2bfd7a16cadbb27d
sounds,2227,sfx_vxa_random_metal_2.wav,381218879,120069,riff,76b271844b422b13
sounds,2228,sfx_vxa_random_metal_3.wav,381338948,115897,riff,1977ef83a7de8311
sounds,2229,sfx_vxa_random_metal_4.wav,381454845,197367,riff,98a001e7ab9dc52c
sounds,2230,sfx_vxa_random_metal_5.wav,381652212,68123,riff,953cdb28400488ab
sounds,2231,sfx_vxa_random_metal_6.wav,381720335,66127,riff,df046ebb352ca175
sounds,2232,sfx_vxa_random_metal_7.wav,381786462,61402,riff,96813669542228f9
sounds,2233,sfx_vxa_random_metal_8.wav,381847864,73904,riff,e478f7268074a78f
sounds,2234,sfx_vxa_random_metal_9.wav,381921768,80901,riff,a85c7b62aeff11e7
sounds,2235,sfx_vxa_rumble_1.wav,382002669,238021,riff,7a6e8ce8b557c7d6
sounds,2236,sfx_vxa_rumble_2.wav,382240690,241375,riff,7cc5a04afad60776
sounds,2237,sfx_vxa_rumble_3.wav,382482065,114895,riff,8296c8a5eb0a97c3
sounds,2238,sfx_vxa_rumble_4.wav,382596960,135655,riff,a9d8f0c5d3189d5d
sounds,2239,sfx_vxa_stadium_steal_movements_1.wav,382732615,94888,riff,329a62480ded69f8
sounds,2240,sfx_vxa_stadium_steal_movements_2.wav,382827503,82964,riff,21838dc3a81fcb21
sounds,2241,sfx_vxa_stadium_steal_movements_3.wav,382910467,120479,riff,a4b2b33da237be9e
sounds,2242,sfx_vxa_stadium_steal_movements_4.wav,383030946,90954,riff,58b96ee39190aa24
sounds,2243,sfx_vxa_stadium_steal_movements_5.wav,383121900,154222,riff,ddb8ff16db02da96
sounds,2244,sfx_vxa_stadium_underground_debris_1.wav,383276122,37759,riff,debd3f1bf896e931
sounds,2245,sfx_vxa_stadium_underground_debris_2.wav,383313881,38704,riff,e7e73a149c1c15a3
sounds,2246,sfx_vxa_stadium_underground_debris_3.wav,383352585,36290,riff,bab5cec37109bd93
sounds,2247,sfx_vxa_stadium_underground_debris_4.wav,383388875,39049,riff,77bc2edc1616b373
sounds,2248,sfx_vxa_stadium_underground_debris_5.wav,383427924,32918,riff,a0211c6d523da362
sounds,2249,sfx_vxa_stadium_underground_debris_6.wav,383460842,34672,riff,a1bb3f7e119d7616
sounds,2250,sfx_vxa_stadium_underground_rumble_1.wav,383495514,155708,riff,617aee9fddf8fe31
sounds,2251,sfx_vxa_stadium_underground_rumble_2.wav,383651222,98144,riff,1fe0b2768a46a0be
sounds,2252,sfx_vxa_stadium_underground_rumble_3.wav,383749366,135695,riff,088264ec11b62885
sounds,2253,sfx_vxa_stadium_underground_rumble_4.wav,383885061,85094,riff,b75e164a2e4dcdc4
sounds,2254,sfx_vxa_stadium_underground_rumble_5.wav,383970155,73186,riff,27bc6434c5385afb
sounds,2255,sfx_vxa_stadium_underground_rumble_6.wav,384043341,85889,riff,426fd34c28496b77
sounds,2256,sfx_vxa_stock_cop_1.wav,384129230,41679,riff,5641ee971c5861a7
sounds,2257,sfx_vxa_stock_cop_2.wav,384170909,43278,riff,f2c4bb699b6649f3
sounds,2258,sfx_vxa_stock_cop_3.wav,384214187,42090,riff,03524ec834729bfb
sounds,2259,sfx_vxa_stock_cop_4.wav,384256277,73476,riff,7f528957a37378fe
sounds,2260,sfx_vxa_stock_cop_5.wav,384329753,73206,riff,2a2f38fded1e8a1c
sounds,2261,sfx_vxa_stock_cop_6.wav,384402959,49593,riff,248e76d7f7989d69
sounds,2262,sfx_vxa_stock_cop_7.wav,384452552,55107,riff,3a5acf9528970f00
sounds,2263,sfx_vxa_stock_cop_8.wav,384507659,44821,riff,80c80eca64fc79c0
sounds,2264,sfx_vxa_stock_helicopter_1.wav,384552480,815104,riff,31f33c606429e0d5
sounds,2265,sfx_vxa_stock_helicopter_2.wav,385367584,610142,riff,d8a3ccb34db609f7
sounds,2266,sfx_vxa_stock_helicopter_3.wav,385977726,539538,riff,7a21f8e66a097186
sounds,2267,sfx_vxa_stock_hostages_1.wav,386517264,95455,riff,f58d23119bddc2cc
sounds,2268,sfx_vxa_stock_hostages_10.wav,386612719,151057,riff,b4b2c3299406b348
sounds,2269,sfx_vxa_stock_hostages_11.wav,386763776,147285,riff,5aec4b22a81ead97
sounds,2270,sfx_vxa_stock_hostages_2.wav,386911061,126302,riff,b3df76b47baef84f
sounds,2271,sfx_vxa_stock_hostages_3.wav,387037363,132569,riff,ab7d14cbd8ebad2c
sounds,2272,sfx_vxa_stock_hostages_4.wav,387169932,45194,riff,78bf34d015e5865e
sounds,2273,sfx_vxa_stock_hostages_5.wav,387215126,49688,riff,c5916db29576f03a
sounds,2274,sfx_vxa_stock_hostages_6.wav,387264814,71563,riff,86bf7ede66e706e0
sounds,2275,sfx_vxa_stock_hostages_7.wav,387336377,109660,riff,9147de061acf12fa
sounds,2276,sfx_vxa_stock_hostages_8.wav,387446037,135386,riff,e8b6e555d2cb26e2
sounds,2277,sfx_vxa_stock_hostages_9.wav,387581423,140405,riff,ce3cec988a13f7ef
sounds,2278,sfx_vxa_stock_siren_1.wav,387721828,778864,riff,66c7925342a55117
sounds,2279,sfx_vxa_stock_siren_2.wav,388500692,702992,riff,ca12827a9ce24b87
sounds,2280,sfx_vxa_stock_siren_3.wav,389203684,939730,riff,93cdb4413911582e
sounds,2281,sfx_vxa_stock_siren_yelp_1.wav,390143414,47203,riff,3b38a05fb6ba8b84
sounds,2282,sfx_vxa_stock_siren_yelp_2.wav,390190617,57786,riff,db89f03dac2b2a8f
sounds,2283,sfx_vxa_stock_siren_yelp_3.wav,390248403,42642,riff,08e35a2db6d9b437
sounds,2284,sfx_vxa_stock_siren_yelp_4.wav,390291045,62292,riff,4ec949dc886c8579
sounds,2285,sfx_vxa_stock_siren_yelp_5.wav,390353337,65613,riff,5d673ed09e40baea
sounds,2286,sfx_vxa_stock_siren_yelp_6.wav,390418950,50397,riff,febdbeee5dc345d1
sounds,2287,sfx_vxa_stock_siren_yelp_7.wav,390469347,42352,riff,95adf1c8e3c2f034
sounds,2288,sfx_vxa_stock_siren_yelp_8.wav,390511699,47565,riff,fb9623e6158a9560
sounds,2289,sfx_vxa_stock_thugs_1.wav,390559264,111337,riff,ff53702156b92909
sounds,2290,sfx_vxa_stock_thugs_10.wav,390670601,79737,riff,817cff5231bd6e08
sounds,2291,sfx_vxa_stock_thugs_11.wav,390750338,72390,riff,3b1fb5533d07b5f6
sounds,2292,sfx_vxa_stock_thugs_12.wav,390822728,55639,riff,c0ec6fbc6bffc6d9
sounds,2293,sfx_vxa_stock_thugs_13.wav,390878367,84187,riff,4495c58446c8c07a
sounds,2294,sfx_vxa_stock_thugs_14.wav,390962554,67131,riff,4fa8a8585c1d9350
sounds,2295,sfx_vxa_stock_thugs_15.wav,391029685,99921,riff,6b6e0913a291a68d
sounds,2296,sfx_vxa_stock_thugs_16.wav,391129606,78215,riff,79109815ecfa4e49
sounds,2297,sfx_vxa_stock_thugs_2.wav,391207821,97109,riff,48100c1d17b33000
sounds,2298,sfx_vxa_stock_thugs_3.wav,391304930,141448,riff,d5d22781bd7b6754
sounds,2299,sfx_vxa_stock_thugs_4.wav,391446378,130909,riff,646bbdc17511a550
sounds,2300,sfx_vxa_stock_thugs_5.wav,391577287,80838,riff,69bc0de6bce16c52
sounds,2301,sfx_vxa_stock_thugs_6.wav,391658125,115210,riff,d8b71c9e70c5731d
sounds,2302,sfx_vxa_stock_thugs_7.wav,391773335,72172,riff,1a69d216fbae2cd2
sounds,2303,sfx_vxa_stock_thugs_8.wav,391845507,75700,riff,bc8e97f341d9e7d6
sounds,2304,sfx_vxa_stock_thugs_9.wav,391921207,96415,riff,d167688249e1cec8
sounds,2305,sfx_vxa_subway_1.wav,392017622,186847,riff,18d1a1ef97d0d2f1
sounds,2306,sfx_vxa_subway_2.wav,392204469,246890,riff,c35126dc704b8485
sounds,2307,sfx_vxa_subway_3.wav,392451359,221205,riff,467e211a0602ea72
sounds,2308,sfx_vxa_subway_4.wav,392672564,207404,riff,cf15f85b77a01b8f
sounds,2309,sfx_vxa_subway_5.wav,392879968,396627,riff,3659efbc68cb255b
sounds,2310,sfx_vxa_subway_6.wav,393276595,545695,riff,fa5145c7b8cdac8c
sounds,2311,sfx_vxa_taxi_call_1.wav,393822290,48448,riff,ca4b47cb6fc8cc42
sounds,2312,sfx_vxa_taxi_call_2.wav,393870738,27773,riff,73806e8e089f16f3
sounds,2313,sfx_vxa_taxi_call_3.wav,393898511,27773,riff,73806e8e089f16f3
sounds,2314,sfx_vxa_taxi_call_4.wav,393926284,20532,riff,d40f65ff72058805
sounds,2315,sfx_vxa_taxi_call_5.wav,393946816,28031,riff,a95c3af589b854c6
sounds,2316,sfx_vxa_taxi_call_6.wav,393974847,25909,riff,05bc128f530a5e40
sounds,2317,sfx_vxa_taxi_call_7.wav,394000756,28533,riff,2ff2a7c899da04f9
sounds,2318,sfx_vxa_thugs_1.wav,394029289,113382,riff,3a65224bd8bc9a8f
sounds,2319,sfx_vxa_thugs_10.wav,394142671,80154,riff,f944136fc4aea2c9
sounds,2320,sfx_vxa_thugs_11.wav,394222825,82759,riff,75d909c9d9b50ad8
sounds,2321,sfx_vxa_thugs_12.wav,394305584,71269,riff,4d635410def8961b
sounds,2322,sfx_vxa_thugs_13.wav,394376853,90183,riff,e8c0831f002e6283
sounds,2323,sfx_vxa_thugs_14.wav,394467036,73858,riff,d69ce4e0e16b984b
sounds,2324,sfx_vxa_thugs_15.wav,394540894,102653,riff,2cc1388dbe5c1f05
sounds,2325,sfx_vxa_thugs_16.wav,394643547,76669,riff,755043d00bdaa589
sounds,2326,sfx_vxa_thugs_2.wav,394720216,101882,riff,550121ee01890fc8
sounds,2327,sfx_vxa_thugs_3.wav,394822098,136191,riff,98eb3657293599cd
sounds,2328,sfx_vxa_thugs_4.wav,394958289,127934,riff,c8de188f401b0fb0
sounds,2329,sfx_vxa_thugs_5.wav,395086223,72754,riff,644081ef544073b9
sounds,2330,sfx_vxa_thugs_6.wav,395158977,102185,riff,4c03f97af21df1f9
sounds,2331,sfx_vxa_thugs_7.wav,395261162,68928,riff,39745438cc920d59
sounds,2332,sfx_vxa_thugs_8.wav,395330090,77521,riff,14f83905cb742740
sounds,2333,sfx_vxa_thugs_9.wav,395407611,97362,riff,b3a31b80af3075d8
sounds,2334,sfx_vxa_truck_1.wav,395504973,67981,riff,97b035d0dd91b242
sounds,2335,sfx_vxa_truck_2.wav,395572954,68345,riff,d039efe7f597e258
sounds,2336,sfx_vxa_truck_3.wav,395641299,92398,riff,e5d6334fed37d431
sounds,2337,sfx_vxa_truck_4.wav,395733697,206214,riff,469887c75b175eaa
sounds,2338,sfx_vxa_underground_subway_passes_1.wav,395939911,410128,riff,82fc502741f04096
sounds,2339,sfx_vxa_underground_subway_passes_2.wav,396350039,425893,riff,a821f98855def1ff
sounds,2340,sfx_vxa_underground_subway_passes_3.wav,396775932,257121,riff,20ac1c9018a30eb2
sounds,2341,sfx_vxa_underground_subway_passes_4.wav,397033053,464969,riff,0325ec3513c7bf7d
sounds,2342,sfx_vxa_water_drop_1.wav,397498022,130134,riff,45582b8a0dace0ec
sounds,2343,sfx_vxa_water_drop_2.wav,397628156,171835,riff,bd8cfdbc78c29a13
sounds,2344,sfx_vxa_water_drop_3.wav,397799991,167713,riff,3be3e74eac681bde
sounds,2345,sfx_vxa_water_drop_4.wav,397967704,156543,riff,2e1b51f377ee862f
sounds,2346,sfx_vxa_water_rain_1.wav,398124247,110636,riff,55c519c7593d9620
sounds,2347,sfx_vxa_water_rain_2.wav,398234883,140518,riff,1fcda1ad9029c966
sounds,2348,sfx_vxa_water_rain_3.wav,398375401,115371,riff,ae034c37cdc15f72
sounds,2349,sfx_vxa_water_rain_4.wav,398490772,87261,riff,daa2409c58d981ff
sounds,2350,sfx_walk_to_idle_cement_1.wav,398578033,13650,riff,dfb85582f29e3e6d
sounds,2351,sfx_walk_to_idle_cement_2.wav,398591683,14008,riff,1258f1fe9471173a
sounds,2352,sfx_walk_to_idle_cement_3.wav,398605691,16123,riff,d6bb4f4652fe181a
sounds,2353,sfx_walk_to_idle_dirt_1.wav,398621814,9288,riff,e0f0a0e0d00425eb
sounds,2354,sfx_walk_to_idle_dirt_2.wav,398631102,12454,riff,e779d359aa42805e
sounds,2355,sfx_walk_to_idle_dirt_3.wav,398643556,11462,riff,37c218fc2b2dc574
sounds,2356,sfx_walk_to_idle_metal_1.wav,398655018,13650,riff,dfb85582f29e3e6d
sounds,2357,sfx_walk_to_idle_metal_2.wav,398668668,14008,riff,1258f1fe9471173a
sounds,2358,sfx_walk_to_idle_metal_3.wav,398682676,16123,riff,d6bb4f4652fe181a
sounds,2359,sfx_walk_to_idle_wet_pave_1.wav,398698799,17674,riff,9ba09aa771980020
sounds,2360,sfx_walk_to_idle_wet_pave_2.wav,398716473,14008,riff,1258f1fe9471173a
sounds,2361,sfx_walk_to_idle_wet_pave_3.wav,398730481,14665,riff,95216cd57b2d6233
sounds,2362,sfx_waynetech_box_open.wav,398745146,129662,riff,0b6e3d5f4381e0c6
sounds,2363,sfx_waynetech_item_pick.wav,398874808,123030,riff,926f19b1c3a4d445
sounds,2364,sfx_waytech_box_reveal.wav,398997838,57992,riff,b2c504deaabb10e7
sounds,2365,sfx_weapon_cache_explode_1.wav,399055830,43551,riff,747338907546d4ae
sounds,2366,sfx_weapon_cache_explode_2.wav,399099381,54678,riff,0ca3b4c949ec4a9b
sounds,2367,sfx_window_break_1.wav,399154059,141754,riff,309ad4b4c5c9470f
sounds,2368,sfx_window_break_2.wav,399295813,144410,riff,71c1184026aa8d6c
sounds,2369,sfx_window_break_3.wav,399440223,125700,riff,1f54a6d4fdc56a85
sounds,2370,sfx_wood_box.wav,399565923,52545,riff,295bd734399be706
sounds,2371,SIEGE_1_BATMAN_SPOTTED.wav,399618468,36286,riff,39f0d279b03a05cd
sounds,2372,SIEGE_1_BOMB_DEFUSED.wav,399654754,24386,riff,3a9153c8961cae78
sounds,2373,SIEGE_1_BOMB_DEFUSED_1.wav,399679140,14082,riff,8c6a09e58a656924
sounds,2374,SIEGE_1_BOMB_DEFUSED_2.wav,399693222,28330,riff,a73b32f88f434bca
sounds,2375,SIEGE_1_DECOR_01.wav,399721552,15100,riff,67d14964105efde1
sounds,2376,SIEGE_1_DECOR_02.wav,399736652,22437,riff,ce8d88042965739f
sounds,2377,SIEGE_1_DECOR_03.wav,399759089,45076,riff,4e8a4964d1be70b6
sounds,2378,SIEGE_1_DECOR_04.wav,399804165,27554,riff,5d56bddc039dab9f
sounds,2379,SIEGE_1_DECOR_05.wav,399831719,23362,riff,ee4bdc2221d9a50d
sounds,2380,SIEGE_1_DECOR_06.wav,399855081,28306,riff,4afb1ad920884c68
sounds,2381,SIEGE_1_DECOR_07.wav,399883387,55420,riff,9ced59dce2216de4
sounds,2382,SIEGE_1_DECOR_08.wav,399938807,63444,riff,117c26bcf2621d8d
sounds,2383,SIEGE_1_DECOR_09.wav,400002251,39938,riff,bdd0182a6ac30d6e
sounds,2384,SIEGE_1_DECOR_10.wav,400042189,19994,riff,1117bb56a9411b11
sounds,2385,SIEGE_1_DECOR_11.wav,400062183,12938,riff,f4aebc36e0fd6458
sounds,2386,SIEGE_1_DECOR_12.wav,400075121,21968,riff,4cdcbe07c702afe2
sounds,2387,SIEGE_1_DECOR_13.wav,400097089,36916,riff,c2c3c226a98af2e2
sounds,2388,SIEGE_1_DECOR_14.wav,400134005,16038,riff,aa4fce1f18a02855
sounds,2389,SIEGE_1_DECOR_15.wav,400150043,37073,riff,6ca680f63f2b3062
sounds,2390,SIEGE_1_DECOR_16.wav,400187116,47529,riff,9597db60eab5f33b
sounds,2391,SIEGE_1_DECOR_17.wav,400234645,23669,riff,a9f7b718e482f47d
sounds,2392,SIEGE_1_LUCIUS_CIN_1.wav,400258314,68850,riff,d0ec925778e51397
sounds,2393,SIEGE_1_LUCIUS_CIN_1_ALT1.wav,400327164,72264,riff,896f7caf0b6ebad9
sounds,2394,SIEGE_1_LUCIUS_CIN_1_ALT2.wav,400399428,73117,riff,de80a8662a5e6a09
sounds,2395,SIEGE_1_LUCIUS_CIN_2.wav,400472545,14381,riff,7da0028980cd7d76
sounds,2396,SIEGE_1_LUCIUS_CIN_3.wav,400486926,163526,riff,373ffc134a3a5b34
sounds,2397,SIEGE_1_LUCIUS_CIN_4.wav,400650452,58425,riff,4b32481371760f19
sounds,2398,SIEGE_1_LUCIUS_CIN_5.wav,400708877,168368,riff,13e3d45b4b239bf1
sounds,2399,SIEGE_1_LUCIUS_CIN_6.wav,400877245,110079,riff,516559dac86ff204
sounds,2400,SIEGE_1_LUCIUS_CIN_7.wav,400987324,32051,riff,0f6175b3a64cfbc9
sounds,2401,SIEGE_1_LUCIUS_CIN_8.wav,401019375,15180,riff,6f81c740a8a4f7b9
sounds,2402,SIEGE_2_BRIEFING_01.wav,401034555,213279,riff,cdf9cafab5c8fd61
sounds,2403,SIEGE_2_BRIEFING_01_alt.wav,401247834,192091,riff,00d4d1fdf56c3995
sounds,2404,SIEGE_2_BRIEFING_02.wav,401439925,161962,riff,2b288be0d40a4a66
sounds,2405,SIEGE_2_BRIEFING_02_alt.wav,401601887,148658,riff,429916dfb174dceb
sounds,2406,SIEGE_2_BRIEFING_03.wav,401750545,25635,riff,6c9489ac14e176c9
sounds,2407,SIEGE_2_BRIEFING_04.wav,401776180,88195,riff,7ce9bb70783284db
sounds,2408,SIEGE_2_CIVILIAN_1.wav,401864375,111121,riff,7264ba866a8fcd96
sounds,2409,SIEGE_2_CIVILIAN_2.wav,401975496,28766,riff,8de5e0f006a54723
sounds,2410,SIEGE_2_CIVILIAN_4.wav,402004262,41638,riff,fb87d3fa45fc949f
sounds,2411,SIEGE_2_CIVILIAN_4_1.wav,402045900,11372,riff,4b7ca3ee67c86d52
sounds,2412,SIEGE_2_COMMENT_04.wav,402057272,40013,riff,ed6ca3d27d526ffa
sounds,2413,SIEGE_2_HELI_BATMAN_FOUND.wav,402097285,44084,riff,7cac44e2eebba5ce
sounds,2414,SIEGE_2_HELI_BATMAN_LOST.wav,402141369,33448,riff,7444f5734391e0b3
sounds,2415,SIEGE_2_HELI_INCAPACITATED_1.wav,402174817,42093,riff,e7629179174bde65
sounds,2416,SIEGE_2_HELI_INCAPACITATED_2.wav,402216910,51200,riff,fd5dd841be04811f
sounds,2417,SIEGE_2_INTRO_1.wav,402268110,94536,riff,2901203169cab067
sounds,2418,SIEGE_2_INTRO_2.wav,402362646,41957,riff,31e3cdf4729f94cc
sounds,2419,SIEGE_2_INTRO_25.wav,402404603,103157,riff,230b424ca831d408
sounds,2420,SIEGE_2_INTRO_3.wav,402507760,148060,riff,c1aae5dc108f80d1
sounds,2421,SIEGE_2_INTRO_4.wav,402655820,60290,riff,e8b110d8d34e0c5d
sounds,2422,SIEGE_2_MISC_STRINGS_01.wav,402716110,62892,riff,ccde57c8fb1b35d2
sounds,2423,SIEGE_2_MISC_STRINGS_02.wav,402779002,23534,riff,8173459d7549e31d
sounds,2424,SIEGE_2_MISC_STRINGS_03.wav,402802536,58601,riff,c4f195d2dcf3dfd2
sounds,2425,SIEGE_2_MISC_STRINGS_04.wav,402861137,48579,riff,40fd9380bf5e7494
sounds,2426,SIEGE_2_MISC_STRINGS_05.wav,402909716,54830,riff,2dda4339b5643d1a
sounds,2427,SIEGE_2_MISC_STRINGS_06.wav,402964546,37192,riff,353708967ca45e77
sounds,2428,SIEGE_2_MISC_STRINGS_07.wav,403001738,29042,riff,61ec58a47ea3141f
sounds,2429,SIEGE_2_MISC_STRINGS_08.wav,403030780,37740,riff,6365c8572cdf083d
sounds,2430,SIEGE_2_MISC_STRINGS_09.wav,403068520,34383,riff,0aebdc1ccd5510eb
sounds,2431,SIEGE_2_MISC_STRINGS_10.wav,403102903,25884,riff,62314952c5408f24
sounds,2432,SIEGE_2_MISC_STRINGS_11.wav,403128787,30187,riff,7ad8d77d3c0d3f35
sounds,2433,SIEGE_2_MISC_STRINGS_12.wav,403158974,32860,riff,1ce11aefaee1f679
sounds,2434,SIEGE_2_MISC_STRINGS_13.wav,403191834,32076,riff,a2bca810f618f528
sounds,2435,SIEGE_2_MISC_STRINGS_14.wav,403223910,22446,riff,ad5a6dfe327c872f
sounds,2436,SIEGE_2_MISC_STRINGS_15.wav,403246356,37430,riff,93c146122b3b9e4f
sounds,2437,SIEGE_2_MISC_STRINGS_16.wav,403283786,43696,riff,001d946457622353
sounds,2438,SIEGE_2_MISC_STRINGS_17.wav,403327482,66165,riff,ed87e332850e4fa8
sounds,2439,SIEGE_2_OUTRO_01.wav,403393647,20196,riff,04f0b0b2fcb1b243
sounds,2440,SIEGE_2_OUTRO_02.wav,403413843,43127,riff,e7a12e421fe4a490
sounds,2441,SIEGE_2_OUTRO_03.wav,403456970,74859,riff,6970cb372f21c35e
sounds,2442,SIEGE_2_OUTRO_04.wav,403531829,38663,riff,882d96b040a05a56
sounds,2443,SIEGE_2_OUTRO_05.wav,403570492,28190,riff,b5a7973ee8edb790
sounds,2444,SIEGE_2_OUTRO_06.wav,403598682,37325,riff,a154484935d0fd08
sounds,2445,SIEGE_2_POLICEMEN_1.wav,403636007,57466,riff,1250870604f15398
sounds,2446,SIEGE_2_POLICEMEN_2.wav,403693473,22632,riff,2faa9fb2ba7be1d3
sounds,2447,SIEGE_2_POLICEMEN_3.wav,403716105,90059,riff,5f422266d0961b12
sounds,2448,SIEGE_2_POLICEMEN_4.wav,403806164,51731,riff,d2c69ef5d517c3ef
sounds,2449,SIEGE_2_TOWER_COMMENT_01.wav,403857895,40422,riff,5f69113797353e41
sounds,2450,SIEGE_2_TOWER_COMMENT_02.wav,403898317,62010,riff,0e0ecb42e559738c
sounds,2451,SIEGE_2_TOWER_COMMENT_03.wav,403960327,14032,riff,ce22b07e996b869e
sounds,2452,SIEGE_MISC_STRINGS_05.wav,403974359,67777,riff,5735eb2fb28b3186
sounds,2453,SNIPER_CINE_01.wav,404042136,53339,riff,6fb86361c6918f8c
sounds,2454,SNIPER_CINE_02.wav,404095475,205249,riff,ba0fbdc2d111ea52
sounds,2455,SNIPER_CINE_03.wav,404300724,7472,riff,9158b0a61df0ad11
sounds,2456,STORM_PT1_01.wav,404308196,76412,riff,04ee2aefb5a44fb2
sounds,2457,STORM_PT1_02.wav,404384608,139746,riff,22613ba3bec2cedf
sounds,2458,STORM_PT1_03.wav,404524354,131813,riff,e9cd15f5e64d6bc6
sounds,2459,STORM_PT1_04.wav,404656167,169903,riff,18f8fca8a3d9ebe4
sounds,2460,STORM_PT1_05.wav,404826070,93360,riff,668d3f20728e1afa
sounds,2461,STORM_PT1_06.wav,404919430,69977,riff,9572d8e5eae3447c
sounds,2462,STORM_PT1_07.wav,404989407,57816,riff,7d079a4869155365
sounds,2463,STORM_PT1_08.wav,405047223,17188,riff,0b321dcb67d5160f
sounds,2464,STORM_PT1_09.wav,405064411,24854,riff,2d79c472ee9e939b
sounds,2465,STORM_PT1_10.wav,405089265,25244,riff,77e8556452f07294
sounds,2466,STORM_PT1_11.wav,405114509,144019,riff,c7f4220b2e7c7b4f
sounds,2467,STORM_PT1_12.wav,405258528,69301,riff,ae3f3f0cc18d97cf
sounds,2468,STORM_PT1_13.wav,405327829,199212,riff,19fb28a443bf59ab
sounds,2469,STORM_PT1_14.wav,405527041,132786,riff,1fd237b62f63d403
sounds,2470,STORM_PT1_15.wav,405659827,47093,riff,6fc0695605a20a18
sounds,2471,STORM_PT1_17.wav,405706920,57585,riff,fc552365fa9b1883
sounds,2472,STORM_PT1_19.wav,405764505,146426,riff,6911182c843ecc88
sounds,2473,STORM_PT1_20.wav,405910931,110380,riff,59607928f4ca55cc
sounds,2474,STORM_PT1_21.wav,406021311,82670,riff,29682179bf2f2f8d
sounds,2475,STORM_PT1_22.wav,406103981,170196,riff,d83f93ac93c3cc73
sounds,2476,STORM_PT1_23.wav,406274177,39847,riff,4937ce6d2b445573
sounds,2477,STORM_PT1_25.wav,406314024,144896,riff,cdc9a6d5b2bf8fff
sounds,2478,STORM_PT1_26.wav,406458920,14376,riff,3764a8e241effd64
sounds,2479,STORM_PT1_28.wav,406473296,29016,riff,f154055d4f73a3ea
sounds,2480,STORM_PT1_30.wav,406502312,46991,riff,279e02139f6e3cb5
sounds,2481,STORM_PT1_31.wav,406549303,52585,riff,c3cda26c2d4696e2
sounds,2482,STORM_PT1_32.wav,406601888,48178,riff,9154f7d4fb3dc131
sounds,2483,STORM_PT1_34.wav,406650066,38684,riff,6c7db1339a96a9cf
sounds,2484,STORM_PT1_35.wav,406688750,78536,riff,703485a777d12895
sounds,2485,STORM_PT1_36.wav,406767286,201306,riff,5236923b0f87c116
sounds,2486,STORM_PT1_37.wav,406968592,73291,riff,107deef076313346
sounds,2487,STORM_PT1_38.wav,407041883,74063,riff,1b64a4be60ad9a96
sounds,2488,STORM_PT1_39.wav,407115946,96014,riff,5059c50c3b745c3f
sounds,2489,STORM_PT2_01.wav,407211960,17678,riff,2e21c9eabf6670d9
sounds,2490,STORM_PT2_02.wav,407229638,32987,riff,e7ef0b20691dc476
sounds,2491,STORM_PT2_03.wav,407262625,97010,riff,fb1e35126d67166b
sounds,2492,STORM_PT2_04.wav,407359635,27653,riff,d4b6803826c39627
sounds,2493,STORM_PT2_06.wav,407387288,79614,riff,edbfb91fc036c138
sounds,2494,STORM_PT2_07.wav,407466902,14999,riff,ae4a5f5d7cbe8233
sounds,2495,STORM_PT2_08.wav,407481901,26430,riff,9b67b28f866a186b
sounds,2496,STORM_PT2_09.wav,407508331,115236,riff,5ea2314ecabe1076
sounds,2497,STORM_PT2_10.wav,407623567,21761,riff,9832ac45fe46fbd8
sounds,2498,STORM_PT2_12.wav,407645328,47507,riff,381936e1e2880145
sounds,2499,STORM_PT2_13.wav,407692835,39274,riff,9737ffbfcdfb15b7
sounds,2500,STORM_PT2_15.wav,407732109,50297,riff,d8ec2216d456581f
sounds,2501,STORM_PT2_16.wav,407782406,71750,riff,9f30e3f23546baae
sounds,2502,STORM_PT2_17.wav,407854156,43670,riff,7798f9db75d77587
sounds,2503,STORM_PT2_18.wav,407897826,14929,riff,d7b3ecae02fcc340
sounds,2504,STORM_PT2_19.wav,407912755,107092,riff,d93c03152c9e657c
sounds,2505,STORM_PT2_20.wav,408019847,92283,riff,56e7188694ba4258
sounds,2506,STORM_PT2_21.wav,408112130,152862,riff,fb3fe831c7bc2fcc
sounds,2507,STORM_PT2_22.wav,408264992,31712,riff,aec40fcfa8d8482b
sounds,2508,STORM_PT2_23.wav,408296704,98013,riff,d0551a12ff5fdf3d
sounds,2509,STORM_PT2_24.wav,408394717,40984,riff,8f0486e328eea3e0
sounds,2510,STORM_PT3_01.wav,408435701,7084,riff,e48dc8b278d6e05b
sounds,2511,STORM_PT3_02.wav,408442785,27333,riff,99d74683601aba42
sounds,2512,STORM_PT3_03.wav,408470118,137581,riff,70a62e275df69732
sounds,2513,STORM_PT3_04.wav,408607699,31260,riff,2f1273a80713a0c9
sounds,2514,STORM_PT3_05.wav,408638959,174095,riff,f3bab3b80cc2dc63
sounds,2515,STORM_PT3_06.wav,408813054,14134,riff,b6008ad2b815756f
sounds,2516,STORM_PT3_07.wav,408827188,37096,riff,78122e11100172cf
sounds,2517,STORM_PT3_08.wav,408864284,48536,riff,64edd05c743f2251
sounds,2518,STORM_PT3_09.wav,408912820,66920,riff,ac9bb65ee3595757
sounds,2519,STORM_PT3_10.wav,408979740,8013,riff,04df3355c76bc311
sounds,2520,STORM_PT3_11.wav,408987753,23474,riff,57ea07cb9beaff97
sounds,2521,STORM_PT3_13.wav,409011227,103838,riff,7ade3debb5038532
sounds,2522,STORM_PT3_14.wav,409115065,49683,riff,301b42333d5280a8
sounds,2523,STORM_PT3_15.wav,409164748,10116,riff,7c5193bef41b4466
sounds,2524,STORM_PT3_16.wav,409174864,324281,riff,485aed5c9a4a60bc
sounds,2525,STORM_PT3_17.wav,409499145,27576,riff,3978daaf4bcdeb3c
sounds,2526,STORM_PT3_18.wav,409526721,9868,riff,ac4355c85b407f67
sounds,2527,STORM_PT3_19.wav,409536589,69001,riff,36458a2d17824b18
sounds,2528,STORM_PT3_20.wav,409605590,98612,riff,3fdc08e0ad195f83
sounds,2529,STORM_PT3_21.wav,409704202,44774,riff,932f43ea9b41638a
sounds,2530,STORM_PT4_01.wav,409748976,28779,riff,5ab6b4000d167250
sounds,2531,STORM_PT4_02.wav,409777755,24400,riff,f5bd5c572ae6d093
sounds,2532,STORM_PT4_03.wav,409802155,211988,riff,f247bfaeb19f4757
sounds,2533,STORM_PT4_04.wav,410014143,41820,riff,2c38b5611212d345
sounds,2534,STORM_PT4_05.wav,410055963,24432,riff,17266eede6546ebe
sounds,2535,STORM_PT4_06.wav,410080395,125550,riff,d876c1eef94118a0
sounds,2536,STORM_PT4_07.wav,410205945,85080,riff,350c89ddb27a08e6
sounds,2537,STORM_PT4_08.wav,410291025,42810,riff,09b0f1a350332598
sounds,2538,STORM_PT4_09.wav,410333835,8472,riff,e015a8b62d461587
sounds,2539,STORM_PT4_10.wav,410342307,13459,riff,6fc56e10f4fad8e4
sounds,2540,STORM_PT4_11.wav,410355766,108076,riff,37554ce41ac6c787
sounds,2541,STORM_PT4_12.wav,410463842,88142,riff,3511e17153e02698
sounds,2542,STORM_PT4_13.wav,410551984,25284,riff,c8d1a526b6830600
sounds,2543,STORM_PT4_14.wav,410577268,31855,riff,b844d1fdb335f185
sounds,2544,STORM_PT4_15.wav,410609123,88910,riff,1a1bf98e5f5a401d
sounds,2545,STORM_PT4_16.wav,410698033,275689,riff,324b640fd4735c73
sounds,2546,STORM_PT4_17.wav,410973722,46598,riff,937e54c5ddb93f70
sounds,2547,STORM_PT4_18.wav,411020320,441948,riff,8cd57ffc3f02c348
sounds,2548,TEXT_32.wav,411462268,24490,riff,6934001be25c93c6
sounds,2549,TEXT_34.wav,411486758,47106,riff,93288c97457ba310
sounds,2550,THIRD_ROOM_MESSAGE_MACHINEGUN_01.wav,411533864,31195,riff,8fc967a67463d410
sounds,2551,THIRD_ROOM_MESSAGE_MACHINEGUN_02.wav,411565059,55441,riff,cfb8e58c0f85ea35
sounds,2552,THIRD_ROOM_MESSAGE_MACHINEGUN_03.wav,411620500,25074,riff,286e4df405cc55d3
sounds,2553,THIRD_ROOM_MESSAGE_MACHINEGUN_04.wav,411645574,32909,riff,86692a3bf7ac5f9b
sounds,2554,TUNNEL_MESSAGE_01.wav,411678483,46154,riff,0d3ffbf6624a3047
sounds,2555,TUNNEL_MESSAGE_02.wav,411724637,222612,riff,ed6cc70f2bfff383
sounds,2556,TUNNEL_MESSAGE_03.wav,411947249,34850,riff,64fd2ebd581f9d94
sounds,2557,TURBULENCE_AMMO_SHOUT_1.wav,411982099,50171,riff,996ed7a2c25d54e5
sounds,2558,TURBULENCE_AMMO_SHOUT_2.wav,412032270,20770,riff,02c2ef2f242c7a2b
sounds,2559,TURBULENCE_AMMO_SHOUT_3.wav,412053040,28254,riff,c09f2cc8c9a96a83
sounds,2560,TURBULENCE_AMMO_SHOUT_4.wav,412081294,17710,riff,a2b9f40e475ddecb
sounds,2561,TURBULENCE_AMMO_SHOUT_5.wav,412099004,40191,riff,c44d36584e0eb0d0
sounds,2562,TURBULENCE_BARRICADE_SHOUT_1.wav,412139195,24859,riff,f2d39445113d7209
sounds,2563,TURBULENCE_BARRICADE_SHOUT_2.wav,412164054,42283,riff,a43823e95090b52d
sounds,2564,TURBULENCE_BARRICADE_SHOUT_3.wav,412206337,25895,riff,fdbe39a012ffa740
sounds,2565,TURBULENCE_BARRICADE_SHOUT_4.wav,412232232,16668,riff,4160b99d1145a2a9
sounds,2566,TURBULENCE_BARRICADE_SHOUT_5.wav,412248900,36260,riff,5079c222e083ac16
sounds,2567,TURBULENCE_BOMBS_INTRO_1.wav,412285160,57660,riff,a2101d6cc089a5e2
sounds,2568,TURBULENCE_BOMBS_INTRO_1_1.wav,412342820,21119,riff,750d96cce1f8d964
sounds,2569,TURBULENCE_BOMBS_INTRO_2.wav,412363939,73191,riff,bbe33326905667b1
sounds,2570,TURBULENCE_BOMBS_INTRO_2_1.wav,412437130,18704,riff,946ba64e9c2b88c8
sounds,2571,TURBULENCE_BOMBS_INTRO_3.wav,412455834,69272,riff,d36438016a23c958
sounds,2572,TURBULENCE_BOMBS_INTRO_3_1.wav,412525106,16196,riff,cb333ad8f789588a
sounds,2573,TURBULENCE_BOMBS_INTRO_4.wav,412541302,76580,riff,50e6b4e0fe9e949d
sounds,2574,TURBULENCE_BOMBS_INTRO_4_1.wav,412617882,21107,riff,50aba6ff89218906
sounds,2575,TURBULENCE_BOMBS_INTRO_5.wav,412638989,50570,riff,b4a67c048b097f5e
sounds,2576,TURBULENCE_BOMBS_INTRO_5_1.wav,412689559,72852,riff,bebd89c731f63114
sounds,2577,TURBULENCE_BOMBS_INTRO_HINT_1.wav,412762411,58864,riff,297386909f0579d3
sounds,2578,TURBULENCE_BOMBS_INTRO_HINT_2.wav,412821275,56976,riff,c7482ec2df55d367
sounds,2579,TURBULENCE_BOMBS_INTRO_HINT_3.wav,412878251,65567,riff,b34fc72f9919417a
sounds,2580,TURBULENCE_HEIST_BATMAN_ON_VAN_1.wav,412943818,35540,riff,5a0bce091e0cd154
sounds,2581,TURBULENCE_HEIST_BATMAN_ON_VAN_2.wav,412979358,15728,riff,6726da198035ebf9
sounds,2582,TURBULENCE_HEIST_BATMAN_ON_VAN_3.wav,412995086,23466,riff,749ce70c351c8f9f
sounds,2583,TURBULENCE_HEIST_BATMAN_ON_VAN_3_ALT.wav,413018552,27742,riff,9afcb09576739c38
sounds,2584,TURBULENCE_HEIST_BATMAN_ON_VAN_4.wav,413046294,26159,riff,8ebc6c606a10208a
sounds,2585,TURBULENCE_HEIST_BATMAN_ON_VAN_5.wav,413072453,15848,riff,85b150fa3dda5b70
sounds,2586,TURBULENCE_HEIST_BATMAN_SPOTTED_1.wav,413088301,27508,riff,9a04b97eeb3e2222
sounds,2587,TURBULENCE_HEIST_BATMAN_SPOTTED_2.wav,413115809,23842,riff,86059ea21be194da
sounds,2588,TURBULENCE_HEIST_BATMAN_SPOTTED_3.wav,413139651,30099,riff,7d6ddfc33eed5966
sounds,2589,TURBULENCE_HEIST_BATMAN_SPOTTED_4.wav,413169750,32858,riff,46e37d4deed3eca6
sounds,2590,TURBULENCE_HEIST_BATMAN_SPOTTED_5.wav,413202608,30695,riff,b821abc4d932b166
sounds,2591,TURBULENCE_HOSTAGES_FINISH_1.wav,413233303,13038,riff,ad80acd58cdf8384
sounds,2592,TURBULENCE_HOSTAGES_FINISH_2.wav,413246341,28652,riff,9bc9aeb987a621c1
sounds,2593,TURBULENCE_HOSTAGES_FINISH_3.wav,413274993,43889,riff,d19f2d13f142cb4e
sounds,2594,TURBULENCE_HOSTAGES_FINISH_4.wav,413318882,36756,riff,e26441ad3f8e3cfb
sounds,2595,TURBULENCE_HOSTAGES_FINISH_5.wav,413355638,39269,riff,962d7e99b47e5bdb
sounds,2596,TURBULENCE_HOSTAGES_INTRO_1_1.wav,413394907,42978,riff,309008baa3395fa4
sounds,2597,TURBULENCE_HOSTAGES_INTRO_2_1.wav,413437885,46175,riff,fc0d032a6d55cd3a
sounds,2598,TURBULENCE_HOSTAGES_INTRO_2_1_1.wav,413484060,18122,riff,327edff26f097163
sounds,2599,TURBULENCE_HOSTAGES_INTRO_2_2.wav,413502182,39166,riff,beeb76d98a0ce6a6
sounds,2600,TURBULENCE_HOSTAGES_INTRO_2_3.wav,413541348,63900,riff,319bb3a7d6ed7015
sounds,2601,TURBULENCE_HOSTAGES_INTRO_2_4.wav,413605248,60687,riff,8989a10b2699c946
sounds,2602,TURBULENCE_HOSTAGES_INTRO_2_5.wav,413665935,32896,riff,ee8b7d8e1d245cae
sounds,2603,TURBULENCE_HOSTAGES_INTRO_3_1.wav,413698831,45081,riff,6d0252a698069947
sounds,2604,TURBULENCE_HOSTAGES_INTRO_4_1.wav,413743912,44943,riff,ece76fc14558db32
sounds,2605,TURBULENCE_HOSTAGES_INTRO_5_1.wav,413788855,37514,riff,ddf29e33b7d1c9c6
sounds,2606,TURBULENCE_HOSTAGES_KILL_1.wav,413826369,35610,riff,bbd87f803ebcc06c
sounds,2607,TURBULENCE_HOSTAGES_KILL_2.wav,413861979,18287,riff,c26b1e1090d52af6
sounds,2608,TURBULENCE_HOSTAGES_KILL_3.wav,413880266,13761,riff,691d70e9fdf406fd
sounds,2609,TURBULENCE_HOSTAGES_KILL_4.wav,413894027,15862,riff,b1ecb81db062d646
sounds,2610,TURBULENCE_HOSTAGES_KILL_5.wav,413909889,35335,riff,e80e401787471472
sounds,2611,TURBULENCE_HOSTAGES_THANK_1.wav,413945224,9906,riff,427088b269578683
sounds,2612,TURBULENCE_HOSTAGES_THANK_2.wav,413955130,49474,riff,21e210c2f80af87f
sounds,2613,TURBULENCE_HOSTAGES_THANK_3.wav,414004604,42698,riff,81f6f54c73e5b0a1
sounds,2614,TURBULENCE_HOSTAGES_THANK_4.wav,414047302,45792,riff,b47ba3d06589c027
sounds,2615,TURBULENCE_HOSTAGES_THANK_5.wav,414093094,44973,riff,fdf4c308468dd3c3
sounds,2616,TURBULENCE_LANDMARK_COMPLETION_FINAL_1.wav,414138067,13618,riff,06f262819c9ad29f
sounds,2617,TURBULENCE_LANDMARK_COMPLETION_FINAL_2.wav,414151685,41998,riff,817114053dabf314
sounds,2618,TURBULENCE_LANDMARK_COMPLETION_FINAL_3.wav,414193683,66002,riff,1150bf3d7a41128c
sounds,2619,TURBULENCE_LANDMARK_COMPLETION_FINAL_4.wav,414259685,45823,riff,186ec50297a0d003
sounds,2620,TURBULENCE_LANDMARK_COMPLETION_FINAL_5.wav,414305508,61016,riff,7ba0edf979489f8b
sounds,2621,TURBULENCE_LANDMARK_COMPLETION_HINT.wav,414366524,42950,riff,1b0b68ffde497875
sounds,2622,TURBULENCE_LANDMARK_INTRO_1_1.wav,414409474,47866,riff,f408db5a44f80fa8
sounds,2623,TURBULENCE_LANDMARK_INTRO_1_2.wav,414457340,48008,riff,7bd50c0596ef8c17
sounds,2624,TURBULENCE_LANDMARK_INTRO_2_1.wav,414505348,52748,riff,7598d60bc1784bef
sounds,2625,TURBULENCE_LANDMARK_INTRO_2_2.wav,414558096,46008,riff,3eab8dcd3436c3cf
sounds,2626,TURBULENCE_LANDMARK_INTRO_3_1.wav,414604104,78662,riff,8b30b85e16d5b406
sounds,2627,TURBULENCE_LANDMARK_INTRO_3_2.wav,414682766,51789,riff,07aa41a65ef3f385
sounds,2628,TURBULENCE_LANDMARK_INTRO_4_1.wav,414734555,34780,riff,a41499f0b746c0da
sounds,2629,TURBULENCE_LANDMARK_INTRO_4_2.wav,414769335,52773,riff,0ac9f414887b7a27
sounds,2630,TURBULENCE_LANDMARK_INTRO_5_1.wav,414822108,32997,riff,22185d96851cbd2e
sounds,2631,TURBULENCE_LANDMARK_INTRO_5_2.wav,414855105,54645,riff,0d2fb8970f80e33b
sounds,2632,TURBULENCE_POLICE_INCOMING_1.wav,414909750,16718,riff,37bdfc64da40b6f9
sounds,2633,TURBULENCE_POLICE_INCOMING_2.wav,414926468,28942,riff,28c3c27460d775de
sounds,2634,TURBULENCE_POLICE_INCOMING_3.wav,414955410,16624,riff,3f513a72e19e5214
sounds,2635,TURBULENCE_POLICE_INCOMING_4.wav,414972034,19498,riff,953b041a8dbe0b84
sounds,2636,TURBULENCE_POLICE_INCOMING_5.wav,414991532,21339,riff,ced19ea78179ab29
sounds,2637,TURBULENCE_POLICE_THANKS_1.wav,415012871,45482,riff,5e918a2208f875ce
sounds,2638,TURBULENCE_POLICE_WARNING_BAZOOKA.wav,415058353,26238,riff,fc6f0e8cf6109d73
sounds,2639,TURBULENCE_POLICE_WARNING_HELICOPTER.wav,415084591,26138,riff,6503b7496f772987
sounds,2640,TURBULENCE_POLICE_WARNING_SNIPER.wav,415110729,23873,riff,5d02885918fd9f61
sounds,2641,TURBULENCE_SABOTAGE_COMPLETION_FINAL_1.wav,415134602,63367,riff,39e0da24414628ec
sounds,2642,TURBULENCE_SABOTAGE_COMPLETION_FINAL_2.wav,415197969,79321,riff,2083443a114e5792
sounds,2643,TURBULENCE_SABOTAGE_COMPLETION_FINAL_3.wav,415277290,74885,riff,82f141294f6a90ba
sounds,2644,TURBULENCE_SABOTAGE_COMPLETION_FINAL_4.wav,415352175,60240,riff,84faf9b5eb9c3e22
sounds,2645,TURBULENCE_SABOTAGE_COMPLETION_FINAL_5.wav,415412415,99156,riff,fed01cd9178b6006
sounds,2646,TURBULENCE_SABOTAGE_INTRO_1.wav,415511571,68428,riff,d75c56eeff4634ee
sounds,2647,TURBULENCE_SABOTAGE_INTRO_1_1.wav,415579999,68975,riff,c8b64b698653eda1
sounds,2648,TURBULENCE_SABOTAGE_INTRO_2.wav,415648974,99362,riff,4cad08d9fd7e098d
sounds,2649,TURBULENCE_SABOTAGE_INTRO_2_1.wav,415748336,109313,riff,32c6e5c26263f704
sounds,2650,TURBULENCE_SABOTAGE_INTRO_3.wav,415857649,84112,riff,9c4b5869ef0485a3
sounds,2651,TURBULENCE_SABOTAGE_INTRO_3_1.wav,415941761,80128,riff,3cc672f7e0728408
sounds,2652,TURBULENCE_SABOTAGE_INTRO_4.wav,416021889,77271,riff,d442e1c35be6b03b
sounds,2653,TURBULENCE_SABOTAGE_INTRO_4_1.wav,416099160,87414,riff,330c1c16d9fe586f
sounds,2654,TURBULENCE_SABOTAGE_INTRO_4_1_1.wav,416186574,51346,riff,2adc8264abcbf26f
sounds,2655,TURBULENCE_SABOTAGE_INTRO_5.wav,416237920,69082,riff,998d87e2b67b5bf6
sounds,2656,TURBULENCE_SABOTAGE_INTRO_5_1.wav,416307002,55564,riff,b7254aae401906fd
sounds,2657,TURBULENCE_SURVEILLANCE_DROP_1.wav,416362566,20318,riff,3bcdf34f8a37c43e
sounds,2658,TURBULENCE_SURVEILLANCE_DROP_2.wav,416382884,41760,riff,2560ee73a3807d87
sounds,2659,TURBULENCE_SURVEILLANCE_DROP_3.wav,416424644,39395,riff,7383c88c7bc1cfb2
sounds,2660,TURBULENCE_SURVEILLANCE_FAILED_1.wav,416464039,56592,riff,db2bf8a4af1224e8
sounds,2661,TURBULENCE_SURVEILLANCE_FINAL_1.wav,416520631,69591,riff,e6ac497ef526ca08
sounds,2662,TURBULENCE_SURVEILLANCE_FOUND_1.wav,416590222,38883,riff,9b73931cc853c376
sounds,2663,TURBULENCE_SURVEILLANCE_FOUND_2.wav,416629105,16256,riff,59b74942eef67810
sounds,2664,TURBULENCE_SURVEILLANCE_FOUND_3.wav,416645361,18247,riff,7e65f36fdde8f77c
sounds,2665,TURBULENCE_SURVEILLANCE_FOUND_4.wav,416663608,32674,riff,ba9156dd926c02d2
sounds,2666,TURBULENCE_SURVEILLANCE_FOUND_5.wav,416696282,31029,riff,96b98b1aee47aa24
sounds,2667,TURBULENCE_SURVEILLANCE_INTRO_1_1.wav,416727311,57150,riff,aceb2e4e79f4a38a
sounds,2668,TURBULENCE_SURVEILLANCE_INTRO_1_2.wav,416784461,51237,riff,abafe93b16ee4c14
sounds,2669,TURBULENCE_SURVEILLANCE_INTRO_2_1.wav,416835698,72962,riff,8996b96b7fe1ef2c
sounds,2670,TURBULENCE_SURVEILLANCE_INTRO_2_2.wav,416908660,60706,riff,0906f090a995809d
sounds,2671,TURBULENCE_SURVEILLANCE_INTRO_3_1.wav,416969366,48108,riff,a7196d6ae93eab94
sounds,2672,TURBULENCE_SURVEILLANCE_INTRO_3_2.wav,417017474,55093,riff,d368f5d971d68cbd
sounds,2673,TURBULENCE_SURVEILLANCE_LAST_DROP.wav,417072567,31797,riff,de404a9d38135250
sounds,2674,TURBULENCE_SURVEILLANCE_TOO_CLOSE_1.wav,417104364,21388,riff,3fba5c28554ecdd7
sounds,2675,TURBULENCE_SURVEILLANCE_TOO_CLOSE_2.wav,417125752,20408,riff,e818b6772a8c2a56
sounds,2676,TUTORIAL_LORE_01.wav,417146160,54718,riff,d13d22913e9f42ed
sounds,2677,TUTORIAL_LORE_02.wav,417200878,23596,riff,ccf4c4df48fadd2c
sounds,2678,TUTORIAL_LORE_03.wav,417224474,55196,riff,3b7bb50c354dfc9a
sounds,2679,TUTORIAL_LORE_04.wav,417279670,51081,riff,9085132f572ad9ea
sounds,2680,TUTORIAL_LORE_05.wav,417330751,48541,riff,92d76377ca71856c
sounds,2681,TUTORIAL_LORE_06.wav,417379292,45531,riff,55c6a8bd51bda4c1
sounds,2682,TUTORIAL_LORE_07.wav,417424823,68758,riff,28e49ba1fddf9c5f
sounds,2683,TUTORIAL_LORE_08.wav,417493581,148014,riff,234b77fc0a9b367b
sounds,2684,TUTORIAL_LORE_10.wav,417641595,25588,riff,ca8c5707f6ae04f1
sounds,2685,TUTORIAL_LORE_11.wav,417667183,48502,riff,6977053612783e25
sounds,2686,TUTORIAL_LORE_11_2.wav,417715685,30732,riff,3fd99a80e3f7480b
sounds,2687,TUTORIAL_LORE_12.wav,417746417,92452,riff,652ff68696b2133e
sounds,2688,TUTORIAL_LORE_12_3.wav,417838869,29705,riff,677ea6ce8340ac8f
sounds,2689,TUTORIAL_LORE_13.wav,417868574,20663,riff,fa38e4ec57ca6976
sounds,2690,TUTORIAL_LORE_14.wav,417889237,14253,riff,f8d9bc13da4ba7e6
sounds,2691,TUTORIAL_LORE_16.wav,417903490,30620,riff,f0f696fde0ddd7d5
sounds,2692,TUTORIAL_LORE_20.wav,417934110,36965,riff,de76df2461f526af
sounds,2693,TUTORIAL_LORE_21.wav,417971075,22545,riff,cb24295652931210
sounds,2694,TUTORIAL_LORE_22.wav,417993620,27150,riff,627bfbb65468aaf4
sounds,2695,TUTORIAL_LORE_23.wav,418020770,15440,riff,c6620ed35c05250d
sounds,2696,TUTORIAL_LORE_24.wav,418036210,29068,riff,1395d4821cd5c624
sounds,2697,TUTORIAL_LORE_25.wav,418065278,52815,riff,571479018b52506a
sounds,2698,TUTORIAL_LORE_30.wav,418118093,34153,riff,fb28839fb5d9b029
sounds,2699,TUTORIAL_TELEPORT.wav,418152246,21724,riff,fca36b4e6e75d877
sounds,2700,UNAMED_MIRANDA_4_1_ALT.wav,418173970,76833,riff,23e374b3c857c575
sounds,2701,UNAMED_MIRANDA_THANK_YOU.wav,418250803,18953,riff,abfe17c23aa290eb
sounds,2702,UNDER_PRESSURE_ARGUE_01.wav,418269756,37069,riff,6463b81b5e277a1a
sounds,2703,UNDER_PRESSURE_ARGUE_02.wav,418306825,79778,riff,92d1c4af59f91a1c
sounds,2704,UNDER_PRESSURE_ARGUE_03.wav,418386603,100349,riff,18976d7ac0cf5f59
sounds,2705,UNDER_PRESSURE_ARGUE_03A.wav,418486952,103967,riff,ba2f6744380958fd
sounds,2706,UNDER_PRESSURE_ARGUE_04.wav,418590919,50841,riff,80f645da190fdc5c
sounds,2707,UNDER_PRESSURE_ARGUE_05.wav,418641760,119581,riff,51411284ff27a7e4
sounds,2708,UNDER_PRESSURE_ARGUE_06.wav,418761341,69273,riff,c9ee2c5b75a154fb
sounds,2709,UNDER_PRESSURE_INTRO_CINE_01.wav,418830614,184326,riff,f9e544341c02c031
sounds,2710,UNDER_PRESSURE_INTRO_CINE_01_a.wav,419014940,179642,riff,85177d733ceac551
sounds,2711,UNDER_PRESSURE_INTRO_CINE_01_b.wav,419194582,56228,riff,1941107927fa9922
sounds,2712,UNDER_PRESSURE_INTRO_CINE_02.wav,419250810,61306,riff,711af21bd6fb9b22
sounds,2713,UNDER_PRESSURE_INTRO_CINE_03.wav,419312116,111659,riff,6a091b61f8f17077
sounds,2714,UNDER_PRESSURE_INTRO_CINE_05.wav,419423775,41214,riff,4324a82f97605b37
sounds,2715,UNDER_PRESSURE_INTRO_CINE_06.wav,419464989,58520,riff,d8ace7d06457f00d
sounds,2716,UNDER_PRESSURE_POLICE_DIALOG_01.wav,419523509,29652,riff,5daa8c61e5e875c4
sounds,2717,UNDER_PRESSURE_POLICE_DIALOG_02.wav,419553161,22738,riff,b6ff9bee2e3e4527
sounds,2718,UNDER_PRESSURE_POLICE_DIALOG_03.wav,419575899,108206,riff,2bdd708abbcd74d2
sounds,2719,UNDER_PRESSURE_POLICE_DIALOG_04.wav,419684105,106496,riff,4b74e5150ec60247
sounds,2720,UNDER_PRESSURE_POLICE_DIALOG_05.wav,419790601,81730,riff,1bac91b144e50000
sounds,2721,UNDER_PRESSURE_POLICE_DIALOG_06.wav,419872331,61792,riff,f0915bfd949d2d80
sounds,2722,UNDER_PRESSURE_POLICE_DIALOG_07.wav,419934123,30190,riff,5eb309f84334105f
sounds,2723,UNDER_PRESSURE_POLICE_DIALOG_08.wav,419964313,7186,riff,1680af07a50ff893
sounds,2724,UNDER_PRESSURE_POLICE_DIALOG_09.wav,419971499,33036,riff,14445202394a8b90
sounds,2725,UNDER_PRESSURE_POLICE_DIALOG_10.wav,420004535,33133,riff,8dd20c68e9806a13
sounds,2726,UNDER_PRESSURE_POLICE_DIALOG_11.wav,420037668,74229,riff,b80ebf884095a8cf
sounds,2727,UNDER_PRESSURE_POLICE_DIALOG_12.wav,420111897,67195,riff,26717474f490130e
sounds,2728,UNDER_PRESSURE_POLICE_DIALOG_14.wav,420179092,115873,riff,f1131fac4ec63db7
sounds,2729,UNDER_PRESSURE_POLICE_DIALOG_15.wav,420294965,27354,riff,e95ebe407e54945e
sounds,2730,UNDER_PRESSURE_POLICE_DIALOG_16.wav,420322319,146899,riff,6367cf6974c880ab
sounds,2731,UNDER_PRESSURE_POLICE_DIALOG_17.wav,420469218,83850,riff,3701bced8ac4ad59
sounds,2732,UNDER_PRESSURE_POLICE_DIALOG_18.wav,420553068,33842,riff,0d75629845e70291
sounds,2733,UNDER_PRESSURE_POLICE_DIALOG_19_a.wav,420586910,32732,riff,716689eab3f870fe
sounds,2734,UNDER_PRESSURE_POLICE_DIALOG_20.wav,420619642,85890,riff,93fe9c27c911ac72
sounds,2735,UNDER_PRESSURE_POLICE_DIALOG_21.wav,420705532,21129,riff,9ec24a02c1c8b42b
sounds,2736,UNDER_PRESSURE_POLICE_DIALOG_22.wav,420726661,191492,riff,979d440e985fc3a3
sounds,2737,UNDER_PRESSURE_POLICE_DIALOG_23.wav,420918153,145794,riff,c9f1a275de5aed43
sounds,2738,UNDER_PRESSURE_POLICE_DIALOG_24.wav,421063947,15818,riff,846e01847977b8ed
sounds,2739,UNDER_PRESSURE_POLICE_DIALOG_27.wav,421079765,72984,riff,0e071bbe3116678b
sounds,2740,UNDER_PRESSURE_POLICE_HELI_01.wav,421152749,18140,riff,ea2827e485bd5788
sounds,2741,UNDER_PRESSURE_POLICE_HELI_03.wav,421170889,30298,riff,02e5f56cb4b6fae9
sounds,2742,UNDER_PRESSURE_POLICE_HELI_04.wav,421201187,33055,riff,7d96c67cd122190a
sounds,2743,UNDER_PRESSURE_POLICE_HELI_05.wav,421234242,35479,riff,839ff2fe3ea4eaf9
sounds,2744,UNDER_PRESSURE_POLICE_SNIPER_FLANK_01.wav,421269721,31320,riff,5b31150a6beaee01
sounds,2745,UNDER_PRESSURE_POLICE_SNIPER_FLANK_02.wav,421301041,18214,riff,ac55a35825cb3e54
sounds,2746,UNDER_PRESSURE_POLICE_VAN_01.wav,421319255,21025,riff,4f920253ddd779f1
sounds,2747,UNDER_PRESSURE_WIFESCREAM.wav,421340280,21971,riff,65a7b584b7a71165
sounds,2748,VET-CENTER_69.wav,421362251,90000,riff,0e7f1e4f376a43f1
sounds,2749,VET_CENTER_01.wav,421452251,16064,riff,fcade91c371b9c6c
sounds,2750,VET_CENTER_02.wav,421468315,66937,riff,728dc5a4f0492de8
sounds,2751,VET_CENTER_03.wav,421535252,30833,riff,0cc58f384c031a2f
sounds,2752,VET_CENTER_05.wav,421566085,41567,riff,398a5fb66e64af27
sounds,2753,VET_CENTER_06.wav,421607652,59149,riff,d8e9bf092d8c0bf3
sounds,2754,VET_CENTER_07.wav,421666801,113087,riff,f072474954bcea0b
sounds,2755,VET_CENTER_08.wav,421779888,25205,riff,15b62b1c35513cf8
sounds,2756,VET_CENTER_09.wav,421805093,160930,riff,1583ff2d819778d9
sounds,2757,VET_CENTER_10.wav,421966023,70036,riff,6e79cc72895c5b93
sounds,2758,VET_CENTER_11.wav,422036059,32459,riff,ecffbd90c8248007
sounds,2759,VET_CENTER_13.wav,422068518,87389,riff,a66a0410716718aa
sounds,2760,VET_CENTER_14.wav,422155907,52806,riff,fa2bb0d2d72c4b8d
sounds,2761,VET_CENTER_16.wav,422208713,85196,riff,ad7aa22c3488d76e
sounds,2762,VET_CENTER_18.wav,422293909,28108,riff,808b82d53460dcbd
sounds,2763,VET_CENTER_18A.wav,422322017,31800,riff,af5a0d5c529ab7d9
sounds,2764,VET_CENTER_19.wav,422353817,62431,riff,0823f5172abd6af2
sounds,2765,VET_CENTER_19A.wav,422416248,73754,riff,cd536ed88104a5ad
sounds,2766,VET_CENTER_20.wav,422490002,122499,riff,1c54670e40fb633d
sounds,2767,VET_CENTER_20A.wav,422612501,121753,riff,c83e8aea8550e582
sounds,2768,VET_CENTER_21.wav,422734254,53581,riff,d6b83aab0b1c9e75
sounds,2769,VET_CENTER_21A.wav,422787835,58893,riff,f461d4e122a30bae
sounds,2770,VET_CENTER_22.wav,422846728,188900,riff,05f2f134775a9c60
sounds,2771,VET_CENTER_22A.wav,423035628,170754,riff,6448ba31e13a01b4
sounds,2772,VET_CENTER_23.wav,423206382,175578,riff,b43fddcd56a5fd02
sounds,2773,VET_CENTER_23A.wav,423381960,189983,riff,94d560ade36b65a8
sounds,2774,VET_CENTER_24.wav,423571943,32905,riff,eab8528d5609ac3f
sounds,2775,VET_CENTER_24A.wav,423604848,38030,riff,bb69a1e99279e2f4
sounds,2776,VET_CENTER_25.wav,423642878,14097,riff,4c9f44c7c1656d81
sounds,2777,VET_CENTER_25_a.wav,423656975,18680,riff,2498414a06bd2ff2
sounds,2778,VET_CENTER_25_b.wav,423675655,19982,riff,35c08341d20edab7
sounds,2779,VET_CENTER_25_c.wav,423695637,14290,riff,a951bd0543a34ae7
sounds,2780,VET_CENTER_25_d.wav,423709927,19600,riff,7121b5d1abb69fc7
sounds,2781,VET_CENTER_25_e.wav,423729527,15510,riff,da7264df1c5ec503
sounds,2782,VET_CENTER_26.wav,423745037,110710,riff,34d26c620b7bbc7a
sounds,2783,VET_CENTER_26A.wav,423855747,104026,riff,c3a73710d8e3d1a3
sounds,2784,VET_CENTER_27.wav,423959773,103068,riff,471c803ffc532ae0
sounds,2785,VET_CENTER_27A.wav,424062841,116270,riff,1699bbf1dff1ae35
sounds,2786,VET_CENTER_29.wav,424179111,28283,riff,7f61575098019058
sounds,2787,VET_CENTER_30.wav,424207394,117951,riff,7e8a0826f8014cec
sounds,2788,VET_CENTER_31.wav,424325345,93069,riff,801e79be268e739c
sounds,2789,VET_CENTER_32.wav,424418414,124287,riff,4c31f52e7214f9b1
sounds,2790,VET_CENTER_34.wav,424542701,60084,riff,b578f6f9d13e215b
sounds,2791,VET_CENTER_35.wav,424602785,45608,riff,acc9e8d308c362ac
sounds,2792,VET_CENTER_36.wav,424648393,56309,riff,3ab549b33a4601c4
sounds,2793,VET_CENTER_37.wav,424704702,119040,riff,7d2ae0f9f4129600
sounds,2794,VET_CENTER_38.wav,424823742,109906,riff,15430d00066a14e3
sounds,2795,VET_CENTER_40.wav,424933648,107236,riff,c83ee2b0af6753a8
sounds,2796,VET_CENTER_41.wav,425040884,17401,riff,52b4ee1eeb9d4245
sounds,2797,VET_CENTER_42.wav,425058285,62027,riff,14f201dfafa840b4
sounds,2798,VET_CENTER_44.wav,425120312,60069,riff,4c6d53728960f01c
sounds,2799,VET_CENTER_45.wav,425180381,34529,riff,c4a7924122da5073
sounds,2800,VET_CENTER_45A.wav,425214910,38485,riff,705cacd52c74f4ae
sounds,2801,VET_CENTER_46.wav,425253395,27018,riff,7ef095f2a47d9ba7
sounds,2802,VET_CENTER_47.wav,425280413,55712,riff,868014e4451c45d8
sounds,2803,VET_CENTER_48.wav,425336125,24507,riff,300afaffd627b9a7
sounds,2804,VET_CENTER_49.wav,425360632,41765,riff,117bca9f8d973a02
sounds,2805,VET_CENTER_49A.wav,425402397,44944,riff,5c8bd909281d9ffc
sounds,2806,VET_CENTER_50.wav,425447341,44368,riff,fe1106c6b7b3b750
sounds,2807,VET_CENTER_52.wav,425491709,28910,riff,cdf2356eb243b72d
sounds,2808,VET_CENTER_53.wav,425520619,10672,riff,fe279b5a07b04dc8
sounds,2809,VET_CENTER_54.wav,425531291,10936,riff,a276cd53ebebb20c
sounds,2810,VET_CENTER_55.wav,425542227,25776,riff,cd7c432481bc6130
sounds,2811,VET_CENTER_56.wav,425568003,15298,riff,81ffb602dfbc00cc
sounds,2812,VET_CENTER_58.wav,425583301,28140,riff,f607a9a2fa7f7332
sounds,2813,VET_CENTER_59.wav,425611441,35981,riff,731ef5f4e1b7fa6f
sounds,2814,VET_CENTER_60.wav,425647422,24237,riff,4c5538bc7b01b541
sounds,2815,VET_CENTER_61.wav,425671659,36203,riff,fedfb1d2118e8813
sounds,2816,VET_CENTER_62.wav,425707862,20102,riff,75fbfbcc29e7b1f0
sounds,2817,VET_CENTER_64.wav,425727964,80372,riff,49c3bf76b47feac6
sounds,2818,VET_CENTER_65.wav,425808336,75226,riff,b066c05dc3c5105a
sounds,2819,VET_CENTER_66.wav,425883562,84126,riff,6b0f105de0b621b0
sounds,2820,VET_CENTER_67.wav,425967688,68936,riff,da44247168316ee3
sounds,2821,VET_CENTER_68.wav,426036624,46965,riff,212415b0e9c9bd50
sounds,2822,VET_CENTER_71.wav,426083589,26861,riff,6d56c695d898d849
sounds,2823,VET_CENTER_71_alt.wav,426110450,30638,riff,ec92e491bad8b604
sounds,2824,VET_CENTER_72.wav,426141088,20630,riff,64b3ce7c53b9b413
sounds,2825,VET_CENTER_72_alt.wav,426161718,27160,riff,095793fefd4d52d6
sounds,2826,VET_CENTER_73.wav,426188878,35764,riff,e864b5343ef81c5b
sounds,2827,VET_CENTER_74.wav,426224642,30729,riff,c5aed7125445be68
sounds,2828,VET_CENTER_75.wav,426255371,21624,riff,1445daef0a540f74
sounds,2829,VET_CENTER_75_alt.wav,426276995,22770,riff,df73a0dc94672170
sounds,2830,VET_CENTER_76.wav,426299765,30184,riff,2b39e340db1ec486
sounds,2831,VET_CENTER_77.wav,426329949,28592,riff,5dc1dfd19b4a572e
sounds,2832,VET_CENTER_78.wav,426358541,24471,riff,ac955f7f5cbe9ff4
sounds,2833,VO_ARMED_MERC_IN_COMBAT_1.wav,426383012,18119,riff,9cd8eda3e8c3f157
sounds,2834,VO_ARMED_MERC_IN_COMBAT_2.wav,426401131,20663,riff,fa38e4ec57ca6976
sounds,2835,VO_ARMED_MERC_IN_COMBAT_3.wav,426421794,17559,riff,a583dcd838baada7
sounds,2836,VO_ARMED_MERC_IN_COMBAT_4.wav,426439353,27488,riff,2df7c9d83c78ed3c
sounds,2837,VO_ARMED_MERC_IN_COMBAT_5.wav,426466841,24160,riff,d45898d891c4d925
sounds,2838,VO_ARMED_MERC_IN_COMBAT_6.wav,426491001,26992,riff,f28212288129cb44
sounds,2839,VO_ARMED_MERC_IN_COMBAT_7.wav,426517993,15239,riff,bd522896c32e1d4a
sounds,2840,VO_ARMED_MERC_IN_COMBAT_8.wav,426533232,20937,riff,a87038c14e942907
sounds,2841,VO_ARMED_THUG_IN_COMBAT_1.wav,426554169,18782,riff,1a938e6f81f5161f
sounds,2842,VO_ARMED_THUG_IN_COMBAT_2.wav,426572951,16974,riff,9448fc21e5bcfdac
sounds,2843,VO_ARMED_THUG_IN_COMBAT_3.wav,426589925,14548,riff,1f728f646f674127
sounds,2844,VO_ARMED_THUG_IN_COMBAT_4.wav,426604473,26862,riff,f031ff7b07abe4c5
sounds,2845,VO_ARMED_THUG_IN_COMBAT_5.wav,426631335,22355,riff,ebf0e2c7d60ec775
sounds,2846,VO_ARMED_THUG_IN_COMBAT_7.wav,426653690,19155,riff,8f650de954c76142
sounds,2847,VO_ARMED_THUG_IN_COMBAT_8.wav,426672845,18405,riff,226181dd37a141ca
sounds,2848,VO_ARMED_THUG_IN_COMBAT_9.wav,426691250,27800,riff,427200d6714acb76
sounds,2849,VO_FEMALE_CIVILIAN_1.wav,426719050,27786,riff,2e73d65b7357f09e
sounds,2850,VO_FEMALE_CIVILIAN_10.wav,426746836,46518,riff,a1c16c03292826bf
sounds,2851,VO_FEMALE_CIVILIAN_11.wav,426793354,36830,riff,2888c7665000582c
sounds,2852,VO_FEMALE_CIVILIAN_12.wav,426830184,24107,riff,52f6b53387f85ee3
sounds,2853,VO_FEMALE_CIVILIAN_13.wav,426854291,34263,riff,ad89c0aa8efe25a7
sounds,2854,VO_FEMALE_CIVILIAN_14.wav,426888554,16777,riff,357a105d91207a99
sounds,2855,VO_FEMALE_CIVILIAN_15.wav,426905331,26561,riff,a06c63819f59726a
sounds,2856,VO_FEMALE_CIVILIAN_16.wav,426931892,35325,riff,e338eea0ce0f2afa
sounds,2857,VO_FEMALE_CIVILIAN_17.wav,426967217,41160,riff,26cc80a19c0a17cf
sounds,2858,VO_FEMALE_CIVILIAN_17_Alt.wav,427008377,42910,riff,9ea7ee0a6964c368
sounds,2859,VO_FEMALE_CIVILIAN_18.wav,427051287,49797,riff,0479ef48b797c7fb
sounds,2860,VO_FEMALE_CIVILIAN_19.wav,427101084,29626,riff,be232ce5f85c5c1d
sounds,2861,VO_FEMALE_CIVILIAN_1_Alt.wav,427130710,70172,riff,7e3c6af5b3a3c2e3
sounds,2862,VO_FEMALE_CIVILIAN_2.wav,427200882,46256,riff,ca8acb5e8d573009
sounds,2863,VO_FEMALE_CIVILIAN_20.wav,427247138,53266,riff,18daeff553797b46
sounds,2864,VO_FEMALE_CIVILIAN_21.wav,427300404,56760,riff,081fb25529f3ac6e
sounds,2865,VO_FEMALE_CIVILIAN_22.wav,427357164,56752,riff,a16621039899fbb9
sounds,2866,VO_FEMALE_CIVILIAN_23.wav,427413916,29288,riff,5f45057f09dcb185
sounds,2867,VO_FEMALE_CIVILIAN_24.wav,427443204,35832,riff,e08bb0cdcae70712
sounds,2868,VO_FEMALE_CIVILIAN_25.wav,427479036,36808,riff,8e4ed7fb64497c8f
sounds,2869,VO_FEMALE_CIVILIAN_26.wav,427515844,60979,riff,3acf31c31ac08875
sounds,2870,VO_FEMALE_CIVILIAN_27.wav,427576823,53514,riff,b8ea861fe7d802ca
sounds,2871,VO_FEMALE_CIVILIAN_28.wav,427630337,54721,riff,8bf876dc2f90cf32
sounds,2872,VO_FEMALE_CIVILIAN_29.wav,427685058,19262,riff,8bd16541d88b1714
sounds,2873,VO_FEMALE_CIVILIAN_3.wav,427704320,21722,riff,ebca2f7cdd6d86ff
sounds,2874,VO_FEMALE_CIVILIAN_30.wav,427726042,29452,riff,07d270b38019010a
sounds,2875,VO_FEMALE_CIVILIAN_31.wav,427755494,60604,riff,7e0692f626a3a434
sounds,2876,VO_FEMALE_CIVILIAN_32.wav,427816098,50635,riff,f2516131101c2e49
sounds,2877,VO_FEMALE_CIVILIAN_33.wav,427866733,38286,riff,39437387c14fae74
sounds,2878,VO_FEMALE_CIVILIAN_34.wav,427905019,22667,riff,f64af62e160af667
sounds,2879,VO_FEMALE_CIVILIAN_35.wav,427927686,55274,riff,2bd3d2651a9796e3
sounds,2880,VO_FEMALE_CIVILIAN_36.wav,427982960,64214,riff,05482f2676d8f4e9
sounds,2881,VO_FEMALE_CIVILIAN_3_Alt.wav,428047174,38939,riff,38cf802ec327d31a
sounds,2882,VO_FEMALE_CIVILIAN_4.wav,428086113,41152,riff,5ced31df5e1657d0
sounds,2883,VO_FEMALE_CIVILIAN_5.wav,428127265,49169,riff,63a207dc7df32130
sounds,2884,VO_FEMALE_CIVILIAN_6.wav,428176434,31164,riff,f0024efe1c03fd5c
sounds,2885,VO_FEMALE_CIVILIAN_7.wav,428207598,36538,riff,c14a48290153802c
sounds,2886,VO_FEMALE_CIVILIAN_8.wav,428244136,40163,riff,1eb8a6f00716684b
sounds,2887,VO_FEMALE_CIVILIAN_9.wav,428284299,48382,riff,78d2bfa99712cd84
sounds,2888,VO_MALE_CIVILIAN_1.wav,428332681,56661,riff,48458cf7bca3a707
sounds,2889,VO_MALE_CIVILIAN_10.wav,428389342,55996,riff,42f4e4c2661c33e9
sounds,2890,VO_MALE_CIVILIAN_11.wav,428445338,34675,riff,daafe4360525f8c3
sounds,2891,VO_MALE_CIVILIAN_12.wav,428480013,28177,riff,b08277135a9898e2
sounds,2892,VO_MALE_CIVILIAN_13.wav,428508190,38032,riff,619e6bad2369f35a
sounds,2893,VO_MALE_CIVILIAN_14.wav,428546222,25345,riff,4669df618caa898f
sounds,2894,VO_MALE_CIVILIAN_15.wav,428571567,30140,riff,467fe4db1610befa
sounds,2895,VO_MALE_CIVILIAN_16.wav,428601707,40074,riff,f6141f203aa9abb1
sounds,2896,VO_MALE_CIVILIAN_17.wav,428641781,41934,riff,d6432933406595ce
sounds,2897,VO_MALE_CIVILIAN_18.wav,428683715,49189,riff,0ad3b03d016062f8
sounds,2898,VO_MALE_CIVILIAN_19.wav,428732904,34404,riff,8eeed2c77b6f51d6
sounds,2899,VO_MALE_CIVILIAN_2.wav,428767308,45094,riff,564eb36cd740b8b8
sounds,2900,VO_MALE_CIVILIAN_20.wav,428812402,68886,riff,1b4659c0b0bb8873
sounds,2901,VO_MALE_CIVILIAN_21.wav,428881288,65387,riff,98d20517645097a2
sounds,2902,VO_MALE_CIVILIAN_22.wav,428946675,62984,riff,a6aa92482cfd4d6a
sounds,2903,VO_MALE_CIVILIAN_23.wav,429009659,33358,riff,a281259cb8c41778
sounds,2904,VO_MALE_CIVILIAN_24.wav,429043017,35233,riff,4ccee0ef86773358
sounds,2905,VO_MALE_CIVILIAN_25.wav,429078250,36009,riff,5fa6978a740bf253
sounds,2906,VO_MALE_CIVILIAN_26.wav,429114259,63762,riff,d21d5520251af103
sounds,2907,VO_MALE_CIVILIAN_27.wav,429178021,58969,riff,a58df35e15e06843
sounds,2908,VO_MALE_CIVILIAN_28.wav,429236990,55366,riff,a0adb9f162d8f55d
sounds,2909,VO_MALE_CIVILIAN_29.wav,429292356,63839,riff,a2d3ef65cc452687
sounds,2910,VO_MALE_CIVILIAN_3.wav,429356195,19315,riff,fc2d7e6bc088cd20
sounds,2911,VO_MALE_CIVILIAN_30.wav,429375510,38710,riff,d52554d67ac730ba
sounds,2912,VO_MALE_CIVILIAN_31.wav,429414220,47536,riff,2e1c02c553b396a6
sounds,2913,VO_MALE_CIVILIAN_32.wav,429461756,50793,riff,06c71a406a4e307f
sounds,2914,VO_MALE_CIVILIAN_33.wav,429512549,45152,riff,7bdfe66e4c2aef40
sounds,2915,VO_MALE_CIVILIAN_34.wav,429557701,22320,riff,4209afe89ccdeeb7
sounds,2916,VO_MALE_CIVILIAN_35.wav,429580021,42487,riff,0f4c9e34a0658037
sounds,2917,VO_MALE_CIVILIAN_36.wav,429622508,59799,riff,2c703c652f649245
sounds,2918,VO_MALE_CIVILIAN_4.wav,429682307,38068,riff,b064720b205610e0
sounds,2919,VO_MALE_CIVILIAN_5.wav,429720375,47890,riff,a518c84238841a5a
sounds,2920,VO_MALE_CIVILIAN_6.wav,429768265,28044,riff,14a221a77722883f
sounds,2921,VO_MALE_CIVILIAN_7.wav,429796309,42076,riff,c1b3b6fe0d6f9e79
sounds,2922,VO_MALE_CIVILIAN_8.wav,429838385,42501,riff,11f6901f2a2b2bdd
sounds,2923,VO_MALE_CIVILIAN_9.wav,429880886,46227,riff,87e849c2f254d4e5
sounds,2924,VO_MERCS_MISC_AFTER_PIT_01.wav,429927113,15670,riff,ccd889dd498c2bbd
sounds,2925,VO_MERCS_MISC_AFTER_PIT_01_A.wav,429942783,47101,riff,58a785e55a7417dd
sounds,2926,VO_MERCS_MISC_AFTER_PIT_02.wav,429989884,33739,riff,061401200f261e2a
sounds,2927,VO_MERCS_MISC_AFTER_PIT_04.wav,430023623,59876,riff,a483f839d1f709db
sounds,2928,VO_MERCS_MISC_AFTER_PIT_05.wav,430083499,38606,riff,398c16617c349c9c
sounds,2929,VO_MERCS_MISC_AFTER_PIT_06.wav,430122105,33633,riff,97e41cd909ad5d47
sounds,2930,VO_MERCS_MISC_AFTER_PIT_07.wav,430155738,63458,riff,9d838dd7a11cd17d
sounds,2931,VO_MERCS_MISC_AFTER_PIT_08.wav,430219196,20805,riff,e42738c30da276c6
sounds,2932,VO_MERCS_MISC_AFTER_PIT_08A.wav,430240001,19806,riff,97204d36cefc6f1b
sounds,2933,VO_MERCS_MISC_AFTER_PIT_08B.wav,430259807,20628,riff,c1280c9440b4c3b4
sounds,2934,VO_MERCS_MISC_AFTER_PIT_09.wav,430280435,43972,riff,76c7d181f3a9a7ea
sounds,2935,VO_MERCS_MISC_AFTER_PIT_10.wav,430324407,22960,riff,2b33f164c924277d
sounds,2936,VO_MERCS_MISC_AFTER_PIT_10A.wav,430347367,28580,riff,a7355588f2ba71ef
sounds,2937,VO_MERCS_MISC_AFTER_PIT_11.wav,430375947,93654,riff,55f9e0bd4ffc333f
sounds,2938,VO_MERCS_MISC_AFTER_PIT_12.wav,430469601,37577,riff,c6431e903a810cc2
sounds,2939,VO_MERCS_MISC_AFTER_PIT_13.wav,430507178,74064,riff,01fa383115fffa38
sounds,2940,VO_MERCS_MISC_AFTER_PIT_14.wav,430581242,39178,riff,4048eed01a42da0d
sounds,2941,VO_MERCS_MISC_AFTER_PIT_15.wav,430620420,47993,riff,d044b987f98069fa
sounds,2942,VO_MERCS_MISC_AFTER_PIT_16.wav,430668413,58393,riff,4b9ec6db99907617
sounds,2943,VO_MERCS_MISC_AFTER_PIT_17.wav,430726806,60330,riff,48ded088f68ee1ea
sounds,2944,VO_MERC_AWARE_1.wav,430787136,22557,riff,ed86fe299a8cd60e
sounds,2945,VO_MERC_AWARE_10.wav,430809693,26478,riff,7af5431dabada8ff
sounds,2946,VO_MERC_AWARE_11.wav,430836171,26387,riff,f33b9bc9e6aee2cf
sounds,2947,VO_MERC_AWARE_12.wav,430862558,17152,riff,edc93910b57aaf5a
sounds,2948,VO_MERC_AWARE_13.wav,430879710,27573,riff,cbe2738b1f24419b
sounds,2949,VO_MERC_AWARE_14.wav,430907283,28330,riff,a73b32f88f434bca
sounds,2950,VO_MERC_AWARE_15.wav,430935613,17440,riff,60fb6c30a39659f7
sounds,2951,VO_MERC_AWARE_16.wav,430953053,24308,riff,f4eb524129b52f70
sounds,2952,VO_MERC_AWARE_17.wav,430977361,17135,riff,d3ae6e5aea7a38a5
sounds,2953,VO_MERC_AWARE_18.wav,430994496,18846,riff,9573c776ecdc4537
sounds,2954,VO_MERC_AWARE_2.wav,431013342,25604,riff,ca43b8c2d7241901
sounds,2955,VO_MERC_AWARE_3.wav,431038946,15206,riff,c90de0066b01ebc2
sounds,2956,VO_MERC_AWARE_4.wav,431054152,19145,riff,7b6de812904949c9
sounds,2957,VO_MERC_AWARE_5.wav,431073297,16738,riff,47fd87f32eccbca9
sounds,2958,VO_MERC_AWARE_6.wav,431090035,23151,riff,035724b4c773c23f
sounds,2959,VO_MERC_AWARE_7.wav,431113186,34158,riff,49af9c6178441e52
sounds,2960,VO_MERC_AWARE_8.wav,431147344,23670,riff,2999c4c0c7f7fdfb
sounds,2961,VO_MERC_AWARE_9.wav,431171014,40391,riff,972bf0b2b0066bab
sounds,2962,VO_MERC_ENGAGING_1.wav,431211405,17654,riff,4cdd8098f2a01b93
sounds,2963,VO_MERC_ENGAGING_2.wav,431229059,25606,riff,4b76ae43cb284e27
sounds,2964,VO_MERC_ENGAGING_3.wav,431254665,29846,riff,cc21b03f29f5a20d
sounds,2965,VO_MERC_ENGAGING_4.wav,431284511,29890,riff,225d9bae4218eec1
sounds,2966,VO_MERC_ENGAGING_5.wav,431314401,25783,riff,5ebb0d9ed6a328c4
sounds,2967,VO_MERC_ENGAGING_6.wav,431340184,33176,riff,7727bc2c924e3dc0
sounds,2968,VO_MERC_ENGAGING_7.wav,431373360,23714,riff,91bf83bee463c295
sounds,2969,VO_MERC_ENGAGING_8.wav,431397074,34007,riff,103610a1af46e7e3
sounds,2970,VO_MERC_FLASHBANG_1.wav,431431081,15450,riff,cd4d4268e5049ca7
sounds,2971,VO_MERC_FLASHBANG_2.wav,431446531,34153,riff,fb28839fb5d9b029
sounds,2972,VO_MERC_FLASHBANG_3.wav,431480684,39695,riff,ef6f8068c5539eac
sounds,2973,VO_MERC_FLASHBANG_4.wav,431520379,52535,riff,777f1b5f472da2bd
sounds,2974,VO_MERC_IDLE_1.wav,431572914,32583,riff,df172377b87982f9
sounds,2975,VO_MERC_IDLE_2.wav,431605497,33889,riff,b102d58271975fab
sounds,2976,VO_MERC_IDLE_3.wav,431639386,17348,riff,0e080727c00717c5
sounds,2977,VO_MERC_IDLE_4.wav,431656734,35114,riff,c637a39d09a5d9ae
sounds,2978,VO_MERC_IDLE_5.wav,431691848,29508,riff,5fd9af360df46b1c
sounds,2979,VO_MERC_IDLE_6.wav,431721356,34244,riff,3fa715f8e2046e97
sounds,2980,VO_MERC_IDLE_7.wav,431755600,46720,riff,6040cd2ae21c8b25
sounds,2981,VO_MERC_IDLE_8.wav,431802320,30225,riff,24b929a449703da2
sounds,2982,VO_MERC_IDLE_9.wav,431832545,23097,riff,46a0367db5c51251
sounds,2983,VO_MERC_IN_COMBAT_1.wav,431855642,17362,riff,d3544daae468a869
sounds,2984,VO_MERC_IN_COMBAT_10.wav,431873004,17191,riff,25384861788851b5
sounds,2985,VO_MERC_IN_COMBAT_11.wav,431890195,17969,riff,f3e2e3a596e2ffb8
sounds,2986,VO_MERC_IN_COMBAT_12.wav,431908164,29405,riff,140140565fdc4331
sounds,2987,VO_MERC_IN_COMBAT_13.wav,431937569,9516,riff,f3f67659b8f992e3
sounds,2988,VO_MERC_IN_COMBAT_14.wav,431947085,17742,riff,975a37ef8c5ef435
sounds,2989,VO_MERC_IN_COMBAT_15.wav,431964827,26079,riff,80e454898667bd06
sounds,2990,VO_MERC_IN_COMBAT_16.wav,431990906,16112,riff,2918f5afd74b84ba
sounds,2991,VO_MERC_IN_COMBAT_17.wav,432007018,13841,riff,4a0ea5e5126b657a
sounds,2992,VO_MERC_IN_COMBAT_18.wav,432020859,24016,riff,0f2240dedb3f79f8
sounds,2993,VO_MERC_IN_COMBAT_19.wav,432044875,21680,riff,6f7bd79858e5e5e0
sounds,2994,VO_MERC_IN_COMBAT_2.wav,432066555,32717,riff,c5243ac03505483b
sounds,2995,VO_MERC_IN_COMBAT_20.wav,432099272,39540,riff,b1687618d41d73fd
sounds,2996,VO_MERC_IN_COMBAT_3.wav,432138812,23081,riff,3e92c861ee7d968b
sounds,2997,VO_MERC_IN_COMBAT_4.wav,432161893,27997,riff,5db8a2fa28fc6418
sounds,2998,VO_MERC_IN_COMBAT_5.wav,432189890,30390,riff,f0cf07b14cb2ccb6
sounds,2999,VO_MERC_IN_COMBAT_6.wav,432220280,29688,riff,7b5a8b86bec53e60
sounds,3000,VO_MERC_IN_COMBAT_7.wav,432249968,33918,riff,61cc2783dd5f0118
sounds,3001,VO_MERC_IN_COMBAT_8.wav,432283886,18779,riff,dda32c3666b89ece
sounds,3002,VO_MERC_IN_COMBAT_9.wav,432302665,34377,riff,60f70b94ec8a273e
sounds,3003,VO_MERC_IN_COMBAT_AFTER_PIT_1.wav,432337042,25390,riff,82182ec193f9e2ea
sounds,3004,VO_MERC_IN_COMBAT_AFTER_PIT_2.wav,432362432,33588,riff,00b7788efee0b034
sounds,3005,VO_MERC_IN_COMBAT_AFTER_PIT_3.wav,432396020,19437,riff,b81c9a05da3990d3
sounds,3006,VO_MERC_IN_COMBAT_AFTER_PIT_4.wav,432415457,36707,riff,e9812a98843e30cc
sounds,3007,VO_MERC_LOST_1.wav,432452164,10051,riff,e2e7ac0e8b15c697
sounds,3008,VO_MERC_LOST_2.wav,432462215,11108,riff,42ecca36d172db5a
sounds,3009,VO_MERC_LOST_3.wav,432473323,10940,riff,d41b075a4c53f429
sounds,3010,VO_MERC_LOST_4.wav,432484263,13685,riff,5a17ffda28c0564d
sounds,3011,VO_MERC_LOST_5.wav,432497948,13955,riff,d1568284c4a051a4
sounds,3012,VO_MERC_LOST_6.wav,432511903,17772,riff,f52e916118a2a674
sounds,3013,VO_MERC_LOST_7.wav,432529675,25502,riff,16b16ef0d63efea9
sounds,3014,VO_MERC_LOST_8.wav,432555177,15778,riff,d949f687f41764e2
sounds,3015,VO_MERC_SMOKE_BOMB_1.wav,432570955,55306,riff,917a8969eb3e2ade
sounds,3016,VO_MERC_SMOKE_BOMB_2.wav,432626261,32921,riff,eab5315291613f13
sounds,3017,VO_MERC_SMOKE_BOMB_3.wav,432659182,63137,riff,ee4f0787864ff4ef
sounds,3018,VO_MERC_SMOKE_BOMB_4.wav,432722319,46532,riff,92625113548f7c4e
sounds,3019,VO_POLICE_OFFICER_AFTER_BANE_1.wav,432768851,33365,riff,7f484da5fe5df21c
sounds,3020,VO_POLICE_OFFICER_AFTER_BANE_10.wav,432802216,24487,riff,6b5062da4eec9bfc
sounds,3021,VO_POLICE_OFFICER_AFTER_BANE_11.wav,432826703,37096,riff,78122e11100172cf
sounds,3022,VO_POLICE_OFFICER_AFTER_BANE_12.wav,432863799,18354,riff,d61d15fca09091c7
sounds,3023,VO_POLICE_OFFICER_AFTER_BANE_13.wav,432882153,40488,riff,35fab5e5b36c4422
sounds,3024,VO_POLICE_OFFICER_AFTER_BANE_14.wav,432922641,32670,riff,4b5a2d70a9c3b748
sounds,3025,VO_POLICE_OFFICER_AFTER_BANE_15.wav,432955311,40140,riff,476cd56f0e6dda6d
sounds,3026,VO_POLICE_OFFICER_AFTER_BANE_16.wav,432995451,53918,riff,ae9af5c61f209144
sounds,3027,VO_POLICE_OFFICER_AFTER_BANE_17.wav,433049369,44465,riff,5918dc49d1ec335a
sounds,3028,VO_POLICE_OFFICER_AFTER_BANE_18.wav,433093834,38130,riff,1d9a675579af939f
sounds,3029,VO_POLICE_OFFICER_AFTER_BANE_19.wav,433131964,48628,riff,408b2898933c4c4a
sounds,3030,VO_POLICE_OFFICER_AFTER_BANE_2.wav,433180592,60961,riff,2831c11d2a19ec6b
sounds,3031,VO_POLICE_OFFICER_AFTER_BANE_20.wav,433241553,50655,riff,e0cc855c3e17cb34
sounds,3032,VO_POLICE_OFFICER_AFTER_BANE_20_ALT.wav,433292208,47599,riff,b265ad84ed7b4b1c
sounds,3033,VO_POLICE_OFFICER_AFTER_BANE_21.wav,433339807,24193,riff,f0039c8b3df50643
sounds,3034,VO_POLICE_OFFICER_AFTER_BANE_22.wav,433364000,48576,riff,3610f1b474559486
sounds,3035,VO_POLICE_OFFICER_AFTER_BANE_23.wav,433412576,40836,riff,5d9a9396b437eb4b
sounds,3036,VO_POLICE_OFFICER_AFTER_BANE_24.wav,433453412,67591,riff,3390c2472d5b5b97
sounds,3037,VO_POLICE_OFFICER_AFTER_BANE_25.wav,433521003,59828,riff,c87f33feba8281dd
sounds,3038,VO_POLICE_OFFICER_AFTER_BANE_26.wav,433580831,57987,riff,081c911d22e42b41
sounds,3039,VO_POLICE_OFFICER_AFTER_BANE_27.wav,433638818,44760,riff,63a536e9c6d2731f
sounds,3040,VO_POLICE_OFFICER_AFTER_BANE_28.wav,433683578,55644,riff,018b269e396376d9
sounds,3041,VO_POLICE_OFFICER_AFTER_BANE_29.wav,433739222,24225,riff,66851412999ee9c8
sounds,3042,VO_POLICE_OFFICER_AFTER_BANE_3.wav,433763447,80396,riff,96c8dcea3ba4df38
sounds,3043,VO_POLICE_OFFICER_AFTER_BANE_34.wav,433843843,68567,riff,712c82d6cc007222
sounds,3044,VO_POLICE_OFFICER_AFTER_BANE_35.wav,433912410,68877,riff,5a8fc4474e125ed2
sounds,3045,VO_POLICE_OFFICER_AFTER_BANE_36.wav,433981287,43093,riff,3a6285ce00ed30f0
sounds,3046,VO_POLICE_OFFICER_AFTER_BANE_37.wav,434024380,56643,riff,c0fa003f484ef340
sounds,3047,VO_POLICE_OFFICER_AFTER_BANE_38.wav,434081023,45232,riff,4ee46d7d38960990
sounds,3048,VO_POLICE_OFFICER_AFTER_BANE_39.wav,434126255,68388,riff,88848457f47cf0dc
sounds,3049,VO_POLICE_OFFICER_AFTER_BANE_4.wav,434194643,52233,riff,61ef8561681d82d0
sounds,3050,VO_POLICE_OFFICER_AFTER_BANE_40.wav,434246876,31464,riff,f0358225147f90c8
sounds,3051,VO_POLICE_OFFICER_AFTER_BANE_41.wav,434278340,37180,riff,00117b2ee00e6fce
sounds,3052,VO_POLICE_OFFICER_AFTER_BANE_42.wav,434315520,29182,riff,61dc9219429131cc
sounds,3053,VO_POLICE_OFFICER_AFTER_BANE_43.wav,434344702,51362,riff,2b7c08ef4cbbc2c5
sounds,3054,VO_POLICE_OFFICER_AFTER_BANE_44.wav,434396064,58440,riff,ef59e9729073fa3c
sounds,3055,VO_POLICE_OFFICER_AFTER_BANE_45.wav,434454504,49652,riff,0a2f158957ec8c23
sounds,3056,VO_POLICE_OFFICER_AFTER_BANE_46.wav,434504156,39714,riff,2440611536598fd2
sounds,3057,VO_POLICE_OFFICER_AFTER_BANE_47.wav,434543870,53726,riff,74f1d0d1a6a48a49
sounds,3058,VO_POLICE_OFFICER_AFTER_BANE_48.wav,434597596,64304,riff,86b8ba154d46d3db
sounds,3059,VO_POLICE_OFFICER_AFTER_BANE_49.wav,434661900,49289,riff,be1006c81dba2cb8
sounds,3060,VO_POLICE_OFFICER_AFTER_BANE_5.wav,434711189,48161,riff,0cbe712699946517
sounds,3061,VO_POLICE_OFFICER_AFTER_BANE_6.wav,434759350,36096,riff,b9712a47e4272041
sounds,3062,VO_POLICE_OFFICER_AFTER_BANE_7.wav,434795446,18389,riff,1c80bac782151698
sounds,3063,VO_POLICE_OFFICER_AFTER_BANE_8.wav,434813835,20372,riff,e7310c7c975dd45d
sounds,3064,VO_POLICE_OFFICER_AFTER_BANE_9.wav,434834207,17854,riff,8206125c30a77ce5
sounds,3065,VO_POLICE_OFFICER_BEFORE_BANE_1.wav,434852061,45584,riff,d4c96783820d9c9a
sounds,3066,VO_POLICE_OFFICER_BEFORE_BANE_10.wav,434897645,41867,riff,b23688dc68aab960
sounds,3067,VO_POLICE_OFFICER_BEFORE_BANE_11.wav,434939512,33848,riff,fca12c05cce9406e
sounds,3068,VO_POLICE_OFFICER_BEFORE_BANE_12.wav,434973360,56413,riff,215fcef1e6d83123
sounds,3069,VO_POLICE_OFFICER_BEFORE_BANE_2.wav,435029773,63226,riff,714ad5deabb860c5
sounds,3070,VO_POLICE_OFFICER_BEFORE_BANE_3.wav,435092999,65962,riff,e2c20ec9da26a0b4
sounds,3071,VO_POLICE_OFFICER_BEFORE_BANE_4.wav,435158961,26368,riff,cc4cba90a867512b
sounds,3072,VO_POLICE_OFFICER_BEFORE_BANE_5.wav,435185329,50677,riff,3d2bb63306284021
sounds,3073,VO_POLICE_OFFICER_BEFORE_BANE_6.wav,435236006,43799,riff,5f12ef26362e9da2
sounds,3074,VO_POLICE_OFFICER_BEFORE_BANE_7.wav,435279805,12155,riff,0df1ac1c727849ba
sounds,3075,VO_POLICE_OFFICER_BEFORE_BANE_8.wav,435291960,41276,riff,d4bde9c7f949fd6f
sounds,3076,VO_POLICE_OFFICER_BEFORE_BANE_9.wav,435333236,40798,riff,7676507fc6dab3cd
sounds,3077,VO_THUG_AWARE_1.wav,435374034,17000,riff,26a2d3d3abc501e8
sounds,3078,VO_THUG_AWARE_10.wav,435391034,33013,riff,40d7b27eda774369
sounds,3079,VO_THUG_AWARE_11.wav,435424047,31646,riff,1e86cfa329e2d6e0
sounds,3080,VO_THUG_AWARE_13.wav,435455693,21798,riff,785347dfa24814af
sounds,3081,VO_THUG_AWARE_14.wav,435477491,34032,riff,38bcec8bfed5dcf8
sounds,3082,VO_THUG_AWARE_16.wav,435511523,16659,riff,22179e5655e6e9e6
sounds,3083,VO_THUG_AWARE_17.wav,435528182,25117,riff,26503058f804c485
sounds,3084,VO_THUG_AWARE_18.wav,435553299,52236,riff,9503e7ea55ee5f84
sounds,3085,VO_THUG_AWARE_19.wav,435605535,56050,riff,d88bb23582589904
sounds,3086,VO_THUG_AWARE_2.wav,435661585,32442,riff,c7f80df381bdae40
sounds,3087,VO_THUG_AWARE_3.wav,435694027,13751,riff,687ed964e093b26e
sounds,3088,VO_THUG_AWARE_4.wav,435707778,17204,riff,7543556865ded8b1
sounds,3089,VO_THUG_AWARE_5.wav,435724982,30607,riff,70231c72ba9020bf
sounds,3090,VO_THUG_AWARE_6.wav,435755589,22085,riff,cff9dc1149341a43
sounds,3091,VO_THUG_AWARE_7.wav,435777674,30856,riff,65442a4e09716736
sounds,3092,VO_THUG_AWARE_9.wav,435808530,38346,riff,e4dfe1c243565b8a
sounds,3093,VO_THUG_ENGAGING_1.wav,435846876,36626,riff,b76177f738cd38b3
sounds,3094,VO_THUG_ENGAGING_2.wav,435883502,21066,riff,c839b9ca03ce36ae
sounds,3095,VO_THUG_ENGAGING_3.wav,435904568,29533,riff,141220771245eb6b
sounds,3096,VO_THUG_ENGAGING_4.wav,435934101,26288,riff,9d557f4e44fbbdbd
sounds,3097,VO_THUG_ENGAGING_5.wav,435960389,28855,riff,6b12d79748e6950d
sounds,3098,VO_THUG_ENGAGING_6.wav,435989244,32904,riff,8860c824073f986a
sounds,3099,VO_THUG_ENGAGING_7.wav,436022148,26314,riff,9867b14cd54f1267
sounds,3100,VO_THUG_FLASHBANG_1.wav,436048462,15035,riff,6c19957632eba646
sounds,3101,VO_THUG_FLASHBANG_2.wav,436063497,39813,riff,27b4231da9d2ce5a
sounds,3102,VO_THUG_FLASHBANG_3.wav,436103310,41613,riff,7fcba7485b6ae778
sounds,3103,VO_THUG_FLASHBANG_4.wav,436144923,45522,riff,433f8af2023451cc
sounds,3104,VO_THUG_IDLE_1.wav,436190445,27425,riff,c4e8b7138a3281fe
sounds,3105,VO_THUG_IDLE_2.wav,436217870,32671,riff,bea198913cb32cb9
sounds,3106,VO_THUG_IDLE_3.wav,436250541,47473,riff,c6f3006ecc45e025
sounds,3107,VO_THUG_IDLE_4.wav,436298014,23356,riff,45c986061ee7fac5
sounds,3108,VO_THUG_IDLE_5.wav,436321370,26825,riff,70baf23585e3ac7c
sounds,3109,VO_THUG_IDLE_6.wav,436348195,37247,riff,18aa4444f0ab2f6d
sounds,3110,VO_THUG_IDLE_7.wav,436385442,73108,riff,048199739a055529
sounds,3111,VO_THUG_IDLE_8.wav,436458550,28519,riff,85b62bca280706c8
sounds,3112,VO_THUG_IN_COMBAT_1.wav,436487069,37749,riff,16165cfec0977f1b
sounds,3113,VO_THUG_IN_COMBAT_11.wav,436524818,22750,riff,49490b4da37f0333
sounds,3114,VO_THUG_IN_COMBAT_12.wav,436547568,30337,riff,b30fc3feb6f2b244
sounds,3115,VO_THUG_IN_COMBAT_13.wav,436577905,15055,riff,cfed24ba95590919
sounds,3116,VO_THUG_IN_COMBAT_14.wav,436592960,25468,riff,fbb98e5b8942e4ed
sounds,3117,VO_THUG_IN_COMBAT_15.wav,436618428,25564,riff,527280f04ef90bd1
sounds,3118,VO_THUG_IN_COMBAT_16.wav,436643992,24139,riff,fec80e9a8229fb2d
sounds,3119,VO_THUG_IN_COMBAT_17.wav,436668131,17142,riff,47e9a5e2300c9e9c
sounds,3120,VO_THUG_IN_COMBAT_2.wav,436685273,27182,riff,a019edf0bfdbedc0
sounds,3121,VO_THUG_IN_COMBAT_3.wav,436712455,28402,riff,6d8e7824c979d87e
sounds,3122,VO_THUG_IN_COMBAT_4.wav,436740857,27381,riff,d380e969141ddc25
sounds,3123,VO_THUG_IN_COMBAT_5.wav,436768238,30417,riff,3750a61c82b47c69
sounds,3124,VO_THUG_IN_COMBAT_6.wav,436798655,31398,riff,52e3cc713d2ff919
sounds,3125,VO_THUG_IN_COMBAT_7.wav,436830053,28559,riff,e6791f9b622910d7
sounds,3126,VO_THUG_IN_COMBAT_8.wav,436858612,20000,riff,2682e0280ea0d8a1
sounds,3127,VO_THUG_LOST_1.wav,436878612,13160,riff,b35ddb5bc4247e52
sounds,3128,VO_THUG_LOST_2.wav,436891772,13030,riff,4dba909436a6f77d
sounds,3129,VO_THUG_LOST_3.wav,436904802,12812,riff,e3db7ae5745f11df
sounds,3130,VO_THUG_LOST_4.wav,436917614,11599,riff,cfd3244c6c0c56dc
sounds,3131,VO_THUG_LOST_5.wav,436929213,14009,riff,299ca5339997e279
sounds,3132,VO_THUG_LOST_6.wav,436943222,17975,riff,5487ee7fc9ad9978
sounds,3133,VO_THUG_LOST_7.wav,436961197,25256,riff,7e587bfded4dd4f8
sounds,3134,VO_THUG_SMOKE_BOMB_1.wav,436986453,64589,riff,e4ff83675a88e618
sounds,3135,VO_THUG_SMOKE_BOMB_2.wav,437051042,52632,riff,9eecc3bdce4e0abf
sounds,3136,VO_THUG_SMOKE_BOMB_3.wav,437103674,76472,riff,3f5100271b54b103
sounds,3137,VO_THUG_SMOKE_BOMB_4.wav,437180146,62470,riff,382fb777b37d7f74
sounds,3138,VO_THUG_WARNING_1.wav,437242616,40520,riff,9c48ab8124acd31c
sounds,3139,VO_THUG_WARNING_2.wav,437283136,23327,riff,aa5db5312c252c16
sounds,3140,VO_THUG_WARNING_3.wav,437306463,57048,riff,1c6650deea3c9859
sounds,3141,VO_THUG_WARNING_4.wav,437363511,24765,riff,a74a2f13cd621fd6
sounds,3142,VO_THUG_WARNING_5.wav,437388276,24728,riff,f3bf8bd4d9ea0945
sounds,3143,YOUR_HEAD_MISC_BAT_DAMAGE_01.wav,437413004,40837,riff,929b31e384c1eb34
sounds,3144,YOUR_HEAD_MISC_BAT_DAMAGE_02.wav,437453841,58184,riff,600c14911d79e97c
strings,0,001_StockExchange_br.bin,7390,15412,bin,374708fff7719dd5
strings,1,001_StockExchange_de.bin,22802,17292,bin,374708fff7719dd5
strings,2,001_StockExchange_en.bin,40094,15324,bin,099403f61523666b
strings,3,001_StockExchange_fr.bin,55418,15582,bin,efa07931a2dd3c65
strings,4,001_StockExchange_it.bin,71000,15252,bin,b31d3ec9f55e9ccd
strings,5,001_StockExchange_jp.bin,86252,6862,bin,efa07931a2dd3c65
strings,6,001_StockExchange_kr.bin,93114,7532,bin,374708fff7719dd5
strings,7,001_StockExchange_map.bin,100646,10762,bin,8ecbf788cf8a4148
strings,8,001_StockExchange_ru.bin,111408,13376,bin,374708fff7719dd5
strings,9,001_StockExchange_sp.bin,124784,15672,bin,374708fff7719dd5
strings,10,001_StockExchange_zh.bin,140456,5472,bin,374708fff7719dd5
strings,11,002_batcave_br.bin,145928,3216,bin,31f799c9c26ba973
strings,12,002_batcave_de.bin,149144,3532,bin,57a6db6f94682e7a
strings,13,002_batcave_en.bin,152676,3100,bin,ea187f8b2a30f3ab
strings,14,002_batcave_fr.bin,155776,3546,bin,ea187f8b2a30f3ab
strings,15,002_batcave_it.bin,159322,3142,bin,ea187f8b2a30f3ab
strings,16,002_batcave_jp.bin,162464,1624,bin,98e0e00f821e9fc3
strings,17,002_batcave_kr.bin,164088,1642,bin,6b853ef9f73c10ee
strings,18,002_batcave_map.bin,165730,1280,bin,0fb5442e3d93ecf4
strings,19,002_batcave_ru.bin,167010,2764,bin,fbb6685d7922e50f
strings,20,002_batcave_sp.bin,169774,3086,bin,2631e5a5fa29c847
strings,21,002_batcave_zh.bin,172860,1196,bin,b051b1c31734b27a
strings,22,020_GothamCity_br.bin,174056,173978,bin,12f1c375dfab3407
strings,23,020_GothamCity_de.bin,348034,169930,bin,bc7d3392ded8acde
strings,24,020_GothamCity_en.bin,517964,167436,bin,9641aba617944719
strings,25,020_GothamCity_fr.bin,685400,157730,bin,4e047018933fb229
strings,26,020_GothamCity_it.bin,843130,158106,bin,f6c56c1527a57006
strings,27,020_GothamCity_jp.bin,1001236,88736,bin,0d6b984b13e44a3e
strings,28,020_GothamCity_kr.bin,1089972,76328,bin,6dde42530f87465d
strings,29,020_GothamCity_map.bin,1166300,85430,bin,6a9680ab77495bb5
strings,30,020_GothamCity_ru.bin,1251730,134146,bin,4468a537a061dff5
strings,31,020_GothamCity_sp.bin,1385876,156970,bin,41c088f5a0462225
strings,32,020_GothamCity_zh.bin,1542846,54374,bin,399901c329cef4ee
strings,33,022_PoliceStation_br.bin,1597220,11298,bin,2005afad8afb821c
strings,34,022_PoliceStation_de.bin,1608518,12694,bin,2005afad8afb821c
strings,35,022_PoliceStation_en.bin,1621212,10884,bin,95b24e03b52b5dfe
strings,36,022_PoliceStation_fr.bin,1632096,12020,bin,95b24e03b52b5dfe
strings,37,022_PoliceStation_it.bin,1644116,11430,bin,95b24e03b52b5dfe
strings,38,022_PoliceStation_jp.bin,1655546,5262,bin,c5f7ff314cb6f077
strings,39,022_PoliceStation_kr.bin,1660808,5418,bin,64a0892eceb47f62
strings,40,022_PoliceStation_map.bin,1666226,5608,bin,92582134095e1853
strings,41,022_PoliceStation_ru.bin,1671834,9864,bin,15c02cb41ad2f75b
strings,42,022_PoliceStation_sp.bin,1681698,11988,bin,2005afad8afb821c
strings,43,022_PoliceStation_zh.bin,1693686,4002,bin,37fe6cbc3ad67a68
strings,44,023_Underground_br.bin,1697688,4716,bin,6e2bea3c08e70364
strings,45,023_Underground_de.bin,1702404,5148,bin,b1a7d379a2c79f8e
strings,46,023_Underground_en.bin,1707552,4426,bin,25cbe243b77a2061
strings,47,023_Underground_fr.bin,1711978,4580,bin,d0a5a289630ba695
strings,48,023_Underground_it.bin,1716558,4644,bin,ae7e3bd0cf1cd738
strings,49,023_Underground_jp.bin,1721202,2128,bin,899a62f24febb9d4
strings,50,023_Underground_kr.bin,1723330,2150,bin,ceaf91d4196263e5
strings,51,023_Underground_map.bin,1725480,2974,bin,5a14fac33a8880fe
strings,52,023_Underground_ru.bin,1728454,3918,bin,1ebbfcfd9c550ac6
strings,53,023_Underground_sp.bin,1732372,4788,bin,8204a27a1bc9fbb5
strings,54,023_Underground_zh.bin,1737160,1646,bin,2f468b65f767931a
strings,55,024_MilitaryBase_br.bin,1738806,7688,bin,6d2588fa8f1c4d53
strings,56,024_MilitaryBase_de.bin,1746494,8594,bin,6d2588fa8f1c4d53
strings,57,024_MilitaryBase_en.bin,1755088,7492,bin,ea187f8b2a30f3ab
strings,58,024_MilitaryBase_fr.bin,1762580,8172,bin,ea187f8b2a30f3ab
strings,59,024_MilitaryBase_it.bin,1770752,7656,bin,ea187f8b2a30f3ab
strings,60,024_MilitaryBase_jp.bin,1778408,3596,bin,98e0e00f821e9fc3
strings,61,024_MilitaryBase_kr.bin,1782004,3742,bin,2dca390dc7f3cb49
strings,62,024_MilitaryBase_map.bin,1785746,3180,bin,0254196e43c492a0
strings,63,024_MilitaryBase_ru.bin,1788926,6824,bin,da23e9127985164e
strings,64,024_MilitaryBase_sp.bin,1795750,8194,bin,6d2588fa8f1c4d53
strings,65,024_MilitaryBase_zh.bin,1803944,2682,bin,88dfe79322fe78b5
strings,66,025_The_Pit_br.bin,1806626,11790,bin,08b9b1ea9e830acb
strings,67,025_The_Pit_de.bin,1818416,13050,bin,1d2ec63d95e69a8f
strings,68,025_The_Pit_en.bin,1831466,15290,bin,e140ae2a6aef153b
strings,69,025_The_Pit_fr.bin,1846756,11788,bin,e6e2544eb2a2d5e7
strings,70,025_The_Pit_it.bin,1858544,11704,bin,10622410dfb2aee1
strings,71,025_The_Pit_jp.bin,1870248,6918,bin,61f9c549861d2a67
strings,72,025_The_Pit_kr.bin,1877166,7476,bin,66e50b640ac90573
strings,73,025_The_Pit_map.bin,1884642,4290,bin,4463f56262f302d1
strings,74,025_The_Pit_ru.bin,1888932,10988,bin,7de7a4a12ba617e7
strings,75,025_The_Pit_sp.bin,1899920,12126,bin,cf619eba13db5536
strings,76,025_The_Pit_zh.bin,1912046,5920,bin,5845dd3551592c3b
strings,77,026_The_Stadium_br.bin,1917966,8948,bin,5eb4fa720d1adc4d
strings,78,026_The_Stadium_de.bin,1926914,9318,bin,478fd702bb9e9952
strings,79,026_The_Stadium_en.bin,1936232,8320,bin,4801103ab1c6515e
strings,80,026_The_Stadium_fr.bin,1944552,8638,bin,03b08640219fbe74
strings,81,026_The_Stadium_it.bin,1953190,8584,bin,fb22c50073df1130
strings,82,026_The_Stadium_jp.bin,1961774,4172,bin,368ed6427e6f9951
strings,83,026_The_Stadium_kr.bin,1965946,4216,bin,44e00de1e5c8c37e
strings,84,026_The_Stadium_map.bin,1970162,3712,bin,6b8653e5b0ac060d
strings,85,026_The_Stadium_ru.bin,1973874,7232,bin,8f47d031ea13bb38
strings,86,026_The_Stadium_sp.bin,1981106,8842,bin,e49791e068a81758
strings,87,026_The_Stadium_zh.bin,1989948,3106,bin,97012cf2761e4065
strings,88,MAIN_br.bin,1993054,84874,bin,dc4f05c176b96939
strings,89,MAIN_de.bin,2077928,83568,bin,dc4f05c176b96939
strings,90,MAIN_en.bin,2161496,77370,bin,dc4f05c176b96939
strings,91,MAIN_fr.bin,2238866,84450,bin,dc4f05c176b96939
strings,92,MAIN_it.bin,2323316,83506,bin,dc4f05c176b96939
strings,93,MAIN_jp.bin,2406822,51722,bin,dc4f05c176b96939
strings,94,MAIN_kr.bin,2458544,48180,bin,dc4f05c176b96939
strings,95,MAIN_map.bin,2506724,65374,bin,50082ea5f4e2fcc0
strings,96,MAIN_ru.bin,2572098,77188,bin,dc4f05c176b96939
strings,97,MAIN_sp.bin,2649286,84674,bin,77dbf88825375f1e
strings,98,MAIN_zh.bin,2733960,38428,bin,dc4f05c176b96939
strings,99,001_StockExchange_br.off,2772388,758,bin,4e0fbfc3cd4e10d3
strings,100,001_StockExchange_de.off,2773146,758,bin,4e0fbfc3cd4e10d3
strings,101,001_StockExchange_en.off,2773904,758,bin,afe870e2f4d4244a
strings,102,001_StockExchange_fr.off,2774662,758,bin,52badfc487de2ba0
strings,103,001_StockExchange_it.off,2775420,758,bin,fa66a0c1258211de
strings,104,001_StockExchange_jp.off,2776178,758,bin,52badfc487de2ba0
strings,105,001_StockExchange_kr.off,2776936,758,bin,4e0fbfc3cd4e10d3
strings,106,001_StockExchange_ru.off,2777694,758,bin,4e0fbfc3cd4e10d3
strings,107,001_StockExchange_sp.off,2778452,758,bin,4e0fbfc3cd4e10d3
strings,108,001_StockExchange_zh.off,2779210,758,bin,4e0fbfc3cd4e10d3
strings,109,002_batcave_br.off,2779968,122,bin,bf5fb8628604c700
strings,110,002_batcave_de.off,2780090,122,bin,f2ee2862e7a5894b
strings,111,002_batcave_en.off,2780212,122,bin,aa67b7ff5be82e7a
strings,112,002_batcave_fr.off,2780334,122,bin,c2ad03a0e84500ec
strings,113,002_batcave_it.off,2780456,122,bin,b21dabc2044a43a1
strings,114,002_batcave_jp.off,2780578,122,bin,64e854f499b1cf61
strings,115,002_batcave_kr.off,2780700,122,bin,cf0e428ac3a4ea31
strings,116,002_batcave_ru.off,2780822,122,bin,4d3b4b964e282e9f
strings,117,002_batcave_sp.off,2780944,122,bin,924c95560ae82ee5
strings,118,002_batcave_zh.off,2781066,122,bin,0ccb4032cabbe02b
strings,119,020_GothamCity_br.off,2781188,6254,bin,996bcd3bf111e973
strings,120,020_GothamCity_de.off,2787442,6254,bin,6d11e5ddc4527e7d
strings,121,020_GothamCity_en.off,2793696,6254,bin,ff0069639c60af18
strings,122,020_GothamCity_fr.off,2799950,6254,bin,6c810faa07795be9
strings,123,020_GothamCity_it.off,2806204,6254,bin,61289cc46c45f2ce
strings,124,020_GothamCity_jp.off,2812458,6254,bin,74b16e78694c5369
strings,125,020_GothamCity_kr.off,2818712,6254,bin,03b0722e3110ddea
strings,126,020_GothamCity_ru.off,2824966,6254,bin,c30dd3cad5b92211
strings,127,020_GothamCity_sp.off,2831220,6254,bin,66b26a9e3178e910
strings,128,020_GothamCity_zh.off,2837474,6254,bin,8e3ef7831a41a07f
strings,129,022_PoliceStation_br.off,2843728,422,bin,f2692871d9a94778
strings,130,022_PoliceStation_de.off,2844150,422,bin,eac030ab841b55a4
strings,131,022_PoliceStation_en.off,2844572,422,bin,71368330e8fc1d72
strings,132,022_PoliceStation_fr.off,2844994,422,bin,afa24fbe4c5bcb93
strings,133,022_PoliceStation_it.off,2845416,422,bin,3041078f198d95cf
strings,134,022_PoliceStation_jp.off,2845838,422,bin,a821132b589c499c
strings,135,022_PoliceStation_kr.off,2846260,422,bin,0e3b8e6342d64b22
strings,136,022_PoliceStation_ru.off,2846682,422,bin,c405d85896676325
strings,137,022_PoliceStation_sp.off,2847104,422,bin,be195a1e092f6bfd
strings,138,022_PoliceStation_zh.off,2847526,422,bin,764c81c4b759a35e
strings,139,023_Underground_br.off,2847948,230,bin,e092401b7413bd17
strings,140,023_Underground_de.off,2848178,230,bin,4d32617e9f736742
strings,141,023_Underground_en.off,2848408,230,bin,b61a015c2645602d
strings,142,023_Underground_fr.off,2848638,230,bin,6fbf201048581f58
strings,143,023_Underground_it.off,2848868,230,bin,4144c1e64a6b520b
strings,144,023_Underground_jp.off,2849098,230,bin,09bde950c33ea7e8
strings,145,023_Underground_kr.off,2849328,230,bin,0ea1e5e49dd6aa32
strings,146,023_Underground_ru.off,2849558,230,bin,318cd48e0752ea84
strings,147,023_Underground_sp.off,2849788,230,bin,cf885c773a3b798d
strings,148,023_Underground_zh.off,2850018,230,bin,6fc2d42e382d7060
strings,149,024_MilitaryBase_br.off,2850248,294,bin,533a1b1da0a58034
strings,150,024_MilitaryBase_de.off,2850542,294,bin,1b49f4487249e4e2
strings,151,024_MilitaryBase_en.off,2850836,294,bin,2bbd5b445af0b8df
strings,152,024_MilitaryBase_fr.off,2851130,294,bin,c9befc1a230a6c5d
strings,153,024_MilitaryBase_it.off,2851424,294,bin,b1a7256e6d8b7244
strings,154,024_MilitaryBase_jp.off,2851718,294,bin,59c4e49aeeb9eff2
strings,155,024_MilitaryBase_kr.off,2852012,294,bin,b559050751820975
strings,156,024_MilitaryBase_ru.off,2852306,294,bin,c61ac2c4d9f433f7
strings,157,024_MilitaryBase_sp.off,2852600,294,bin,1b0792a709e09a6d
strings,158,024_MilitaryBase_zh.off,2852894,294,bin,681920da996b9657
strings,159,025_The_Pit_br.off,2853188,606,bin,155e59829224023b
strings,160,025_The_Pit_de.off,2853794,606,bin,78164e2271c827dd
strings,161,025_The_Pit_en.off,2854400,606,bin,db50cb66220a4c31
strings,162,025_The_Pit_fr.off,2855006,606,bin,286f0e63375eb38b
strings,163,025_The_Pit_it.off,2855612,606,bin,1443eac25240129d
strings,164,025_The_Pit_jp.off,2856218,606,bin,d3db57f0810b913b
strings,165,025_The_Pit_kr.off,2856824,606,bin,800fc3c34dc83722
strings,166,025_The_Pit_ru.off,2857430,606,bin,432ef5b702dabe16
strings,167,025_The_Pit_sp.off,2858036,606,bin,b8cf8c00e57c531f
strings,168,025_The_Pit_zh.off,2858642,606,bin,d5a47a5387eaa351
strings,169,026_The_Stadium_br.off,2859248,330,bin,cfbdbf6f9157b09f
strings,170,026_The_Stadium_de.off,2859578,330,bin,fd82cf2cb121558c
strings,171,026_The_Stadium_en.off,2859908,330,bin,1f4c2a9f94892aec
strings,172,026_The_Stadium_fr.off,2860238,330,bin,2847cbe7fc12fce0
strings,173,026_The_Stadium_it.off,2860568,330,bin,b2dbf29cd0caea27
strings,174,026_The_Stadium_jp.off,2860898,330,bin,0cb05b3edbbc194a
strings,175,026_The_Stadium_kr.off,2861228,330,bin,c48c874204af8dac
strings,176,026_The_Stadium_ru.off,2861558,330,bin,3863761d65f89c0c
strings,177,026_The_Stadium_sp.off,2861888,330,bin,25838df576a30ed5
strings,178,026_The_Stadium_zh.off,2862218,330,bin,944c8bcff0fad0b8
strings,179,MAIN_br.off,2862548,5250,bin,92f01cb791c72e95
strings,180,MAIN_de.off,2867798,5250,bin,25252e252dd004a0
strings,181,MAIN_en.off,2873048,5250,bin,e96bfcbd30743db4
strings,182,MAIN_fr.off,2878298,5250,bin,cd9a8a22facb92be
strings,183,MAIN_it.off,2883548,5250,bin,6d184dcc6e334ef7
strings,184,MAIN_jp.off,2888798,5250,bin,737da60845a59f79
strings,185,MAIN_kr.off,2894048,5250,bin,b9479cc3378353d1
strings,186,MAIN_ru.off,2899298,5250,bin,b1dc3d8d9958771d
strings,187,MAIN_sp.off,2904548,5250,bin,f7b99bf114a23bf2
strings,188,MAIN_zh.off,2909798,5250,bin,e3d2e3be3ddd57a7
strings,189,001_StockExchange.xml,2915048,7253,bin,a342209052089e18
strings,190,002_batcave.xml,2922301,985,bin,a342209052089e18
strings,191,020_GothamCity.xml,2923286,58888,bin,a342209052089e18
strings,192,022_PoliceStation.xml,2982174,3836,bin,a342209052089e18
strings,193,023_Underground.xml,2986010,2079,bin,a342209052089e18
strings,194,024_MilitaryBase.xml,2988089,2327,bin,a342209052089e18
strings,195,025_The_Pit.xml,2990416,3631,bin,a342209052089e18
strings,196,026_The_Stadium.xml,2994047,2673,bin,a342209052089e18
strings,197,MAIN.xml,2996720,46089,bin,a342209052089e18
vehicles,0,banes_van_Anim.bdae,3592,364508,bin,a0002e1dfcfa3f0e
vehicles,1,banes_van_collision.bdae,368100,2692,bin,74b2ea4fb47d65be
vehicles,2,banes_van_doors_Anim.bdae,370792,62196,bin,97f90e82dc235e37
vehicles,3,banes_van_doors_mesh.bdae,432988,20248,bin,d313f712581162f9
vehicles,4,banes_van_exploded_Anim.bdae,453236,364540,bin,731bcb38d8d1436a
vehicles,5,banes_van_exploded_mesh.bdae,817776,166708,bin,59900f45b58c8380
vehicles,6,banes_van_mesh.bdae,984484,135860,bin,44fa613444359c55
vehicles,7,banes_van_nodoors_Anim.bdae,1120344,335604,bin,d7168aba4e4e7fe2
vehicles,8,banes_van_nodoors_mesh.bdae,1455948,117368,bin,57beebb712445fb6
vehicles,9,batpod_collision.bdae,1573316,3172,bin,7b6837b7c67a3c41
vehicles,10,batpod_mesh.bdae,1576488,391540,bin,3a1d2c5b64aab95f
vehicles,11,boxuri.bdae,1968028,23964,bin,859ff7562a18e148
vehicles,12,car_batman_crash_anim.bdae,1991992,304416,bin,d4bb4da80d48ddc7
vehicles,13,car_batman_crash_collision.bdae,2296408,84260,bin,1f1eafe4b0f53967
vehicles,14,car_batman_crash_mesh_morph.bdae,2380668,296816,bin,0f5de9f2c9403fef
vehicles,15,car_outofcontrol.bdae,2677484,139916,bin,17efb6e2fe22156a
vehicles,16,car_outofcontrol_anim.bdae,2817400,5968,bin,c54e637971fdb764
vehicles,17,car_right_explosion.bdae,2823368,96576,bin,d1ef2e5830f9dd27
vehicles,18,car_right_explosion_anim.bdae,2919944,4476,bin,551a043ba367f37d
vehicles,19,construction_truck_collision.bdae,2924420,90576,bin,783300d507af5570
vehicles,20,helicopter_generic.bdae,3014996,37968,bin,dc8f5cd840bd4875
vehicles,21,Heli_spot_mesh.bdae,3052964,2916,bin,1520ca486b290cf5
vehicles,22,limousine.bdae,3055880,69060,bin,18c0e3d3f02ed4f1
vehicles,23,limousine_anim.bdae,3124940,68624,bin,374f0cdbe5d716b3
vehicles,24,limousine_collision.bdae,3193564,90912,bin,43c93b5b41dc71d2
vehicles,25,MilitaryJeep.bdae,3284476,56264,bin,da70027b9f5d687b
vehicles,26,MilitaryJeep_Anim.bdae,3340740,76848,bin,3342a0ef506a0104
vehicles,27,MilitaryJeep_collision.bdae,3417588,2868,bin,0d50cff110e11eef
vehicles,28,MilitaryTruck.bdae,3420456,68104,bin,4b61889c8d20b967
vehicles,29,MilitaryTruck_Anim.bdae,3488560,90572,bin,c5e5bfa99818f20a
vehicles,30,MilitaryTruck_collision.bdae,3579132,4204,bin,438dae6da41233a1
vehicles,31,MilitaryTruck_destroied.bdae,3583336,112716,bin,9250eefcd81afff2
vehicles,32,MilitaryTruck_destroied_Anim.bdae,3696052,3696,bin,145294a476943430
vehicles,33,Military_helicopter.bdae,3699748,58872,bin,a8aa46ac4c859044
vehicles,34,Military_helicopter_Anim.bdae,3758620,98148,bin,ea0e51521fa9b4c2
vehicles,35,Military_helicopter_collision.bdae,3856768,9696,bin,ef381a5e4a7fcf25
vehicles,36,Military_helicopter_crash.bdae,3866464,54500,bin,4f25e287715ee30e
vehicles,37,Military_helicopter_crash_collision.bdae,3920964,84652,bin,60e3d33244097846
vehicles,38,monorail_01.bdae,4005616,31228,bin,b4d5963dbbbbfb91
vehicles,39,monorail_01_collision.bdae,4036844,91552,bin,33ce404bfd2325a1
vehicles,40,monorail_02.bdae,4128396,14856,bin,931a2b7aa1bd2db8
vehicles,41,monorail_02_collision.bdae,4143252,90960,bin,bdb13d4956ccb9b5
vehicles,42,monorail_03.bdae,4234212,30888,bin,cbef39db40457f54
vehicles,43,monorail_03_collision.bdae,4265100,91552,bin,33ce404bfd2325a1
vehicles,44,PoliceHeli_Anim.bdae,4356652,87368,bin,b95822af22a468ba
vehicles,45,PoliceHeli_collision.bdae,4444020,92092,bin,08b4f4a5c4b8fbb4
vehicles,46,PoliceHeli_Crashed_Mesh.bdae,4536112,51148,bin,9709c5b4e10a1132
vehicles,47,PoliceHeli_Mesh.bdae,4587260,37968,bin,dc8f5cd840bd4875
vehicles,48,police_interv_lights.bdae,4625228,28836,bin,7afb5a5d39032fe3
vehicles,49,smallcars_anims.bdae,4654064,38704,bin,575d0f682d758435
vehicles,50,SwatVan.bdae,4692768,110016,bin,e6762fa677e5dedd
vehicles,51,SwatVan_Anim.bdae,4802784,38336,bin,19c3cf0b27673f1e
vehicles,52,SwatVan_collision.bdae,4841120,94060,bin,361b4635ad42a6e5
vehicles,53,theBat.bdae,4935180,618500,bin,3ebb2c53f24fed74
vehicles,54,theBat_Anim.bdae,5553680,929908,bin,9b5f8cf72222943c
vehicles,55,theBat_collision.bdae,6483588,90464,bin,8176f88d0da94411
vehicles,56,theBat_flares.bdae,6574052,13300,bin,adb1a91793408dbf
vehicles,57,TrafficCarSUV.bdae,6587352,104108,bin,22a3c29210ae83e8
vehicles,58,TrafficCarSUV_collision.bdae,6691460,90836,bin,48b1b176d40e4a2b
vehicles,59,TrafficCarTaxi.bdae,6782296,93200,bin,841cae2dfb1e9db9
vehicles,60,TrafficCarTaxi_collision.bdae,6875496,91640,bin,dd70163c3bca8b44
vehicles,61,TrafficCoupe.bdae,6967136,97544,bin,7294d59e014c8400
vehicles,62,TrafficCoupe_Collision.bdae,7064680,91572,bin,84056c2c4aa9c934
vehicles,63,TrafficHatch.bdae,7156252,80972,bin,2896bef7c026a243
vehicles,64,TrafficHatch_collision.bdae,7237224,91420,bin,820992bf72f180cd
vehicles,65,TrafficPolice.bdae,7328644,86840,bin,22ce42145c8478a2
vehicles,66,TrafficPolice_collision.bdae,7415484,91608,bin,ad6f865feb027391
vehicles,67,TrafficPolice_shadow.bdae,7507092,19224,bin,69c1cd75514a999e
vehicles,68,TrafficSedan.bdae,7526316,108888,bin,e08152c588fbf23d
vehicles,69,TrafficSedan_Collision.bdae,7635204,91440,bin,8f1ec6c041ccb9c3
vehicles,70,TrafficSedan_Door.bdae,7726644,103732,bin,6439db03c4c40010
vehicles,71,TrafficSedan_Door_Anim.bdae,7830376,7392,bin,20374006b7216d11
vehicles,72,TrafficSedan_Door_Collision.bdae,7837768,91184,bin,22d1e259e47059c7
vehicles,73,TrafficSedan_Door_SD.bdae,7928952,31520,bin,d4246254c08a5886
vehicles,74,TrafficSedan_Door_SD_Anim.bdae,7960472,4188,bin,01e00ea7ee471927
vehicles,75,TrafficSedan_Door_WS.bdae,7964660,22696,bin,17abcbaa05140d60
vehicles,76,TrafficSedan_Door_WS_Anim.bdae,7987356,3060,bin,9e021621b7a2e064
vehicles,77,TrafficTruck.bdae,7990416,58348,bin,dcd2607aaa654e30
vehicles,78,TrafficTruck_collision.bdae,8048764,91700,bin,aa69499d5b773d42
vehicles,79,TrafficVan.bdae,8140464,59664,bin,47d40885464e132b
vehicles,80,TrafficVan_collision.bdae,8200128,91224,bin,f49247c35c3a311a
vehicles,81,train_locomotive.bdae,8291352,273284,bin,36db0d35ec7c2594
vehicles,82,train_locomotive_anim.bdae,8564636,636,bin,3d98e1b4afaaea55
vehicles,83,train_locomotive_collision.bdae,8565272,96948,bin,35f2e8fb11c98a30
vehicles,84,Tumbler.bdae,8662220,255164,bin,0522e1a47729e80d
vehicles,85,Tumbler_collision.bdae,8917384,90300,bin,292d0cd5516d46bc
vehicles,86,Tumbler_Gun.bdae,9007684,62848,bin,5ee21eb75a98b5db
vehicles,87,Tumbler_Rocket.bdae,9070532,62736,bin,fffbdfe9230962e7
vehicles,88,Tumbler_shadow.bdae,9133268,5716,bin,e3292154ae948a50
actors_tex,0,Assault-rifle_HKG36C_d.tga,6775,174828,bin,f560b1c6dcd40b80
actors_tex,1,Assault-rifle_HKG36C_n.tga,181603,43756,bin,651bf819537ffd6d
actors_tex,2,Batarang.tga,225359,174828,bin,f560b1c6dcd40b80
actors_tex,3,BatarangEMP_D.tga,400187,174828,bin,f560b1c6dcd40b80
actors_tex,4,Batarang_NRM.tga,575015,43756,bin,651bf819537ffd6d
actors_tex,5,Bazooka_c.tga,618771,174828,bin,f560b1c6dcd40b80
actors_tex,6,Bazooka_n.tga,793599,43756,bin,651bf819537ffd6d
actors_tex,7,British_Lantern.tga,837355,43756,bin,651bf819537ffd6d
actors_tex,8,chara_alfred_diffuse.tga,881111,174828,bin,f560b1c6dcd40b80
actors_tex,9,chara_alfred_mask.tga,1055939,43756,bin,651bf819537ffd6d
actors_tex,10,chara_alfred_normal.tga,1099695,174828,bin,f560b1c6dcd40b80
actors_tex,11,chara_BaneMercenaryA_c.tga,1274523,174828,bin,f560b1c6dcd40b80
actors_tex,12,chara_BaneMercenaryA_mask.tga,1449351,43756,bin,651bf819537ffd6d
actors_tex,13,chara_BaneMercenaryA_n.tga,1493107,174828,bin,f560b1c6dcd40b80
actors_tex,14,chara_BANE_DIFFUSE.tga,1667935,699116,bin,331dbe096879c7d3
actors_tex,15,chara_Bane_mask.tga,2367051,43756,bin,651bf819537ffd6d
actors_tex,16,chara_Bane_MercenaryB_c.tga,2410807,174828,bin,f560b1c6dcd40b80
actors_tex,17,chara_Bane_MercenaryB_mask.tga,2585635,43756,bin,651bf819537ffd6d
actors_tex,18,chara_Bane_MercenaryB_n.tga,2629391,174828,bin,f560b1c6dcd40b80
actors_tex,19,chara_Bane_mercenary_C_c.tga,2804219,174828,bin,f560b1c6dcd40b80
actors_tex,20,chara_Bane_mercenary_C_mask.tga,2979047,43756,bin,651bf819537ffd6d
actors_tex,21,chara_Bane_mercenary_C_n.tga,3022803,174828,bin,f560b1c6dcd40b80
actors_tex,22,chara_Bane_Mercenary_Sniper_c.tga,3197631,174828,bin,f560b1c6dcd40b80
actors_tex,23,chara_Bane_Mercenary_Sniper_mask.tga,3372459,43756,bin,651bf819537ffd6d
actors_tex,24,chara_Bane_Mercenary_Sniper_n.tga,3416215,174828,bin,f560b1c6dcd40b80
actors_tex,25,chara_Bane_Normals.tga,3591043,174828,bin,f560b1c6dcd40b80
actors_tex,26,chara_Batman_DIFFUSE.tga,3765871,3145780,bin,9172d64449fce391
actors_tex,27,chara_Batman_NM.tga,6911651,786484,bin,02b6f584177adba1
actors_tex,28,chara_BATMAN_specular_1024.tga,7698135,1572916,bin,249262977c9d87dc
actors_tex,29,chara_blind_prisoner_D.tga,9271051,174828,bin,f560b1c6dcd40b80
actors_tex,30,chara_blind_prisoner_mask.tga,9445879,43756,bin,651bf819537ffd6d
actors_tex,31,chara_blind_prisoner_N.tga,9489635,174828,bin,f560b1c6dcd40b80
actors_tex,32,chara_Boy_with_jacket_mask.tga,9664463,43756,bin,651bf819537ffd6d
actors_tex,33,chara_Boy_with_jacket_n.tga,9708219,174828,bin,f560b1c6dcd40b80
actors_tex,34,chara_Boy_with_jacket_Polypaint.tga,9883047,174828,bin,f560b1c6dcd40b80
actors_tex,35,chara_Boy_with_jeans_D.tga,10057875,174828,bin,f560b1c6dcd40b80
actors_tex,36,chara_Boy_with_jeans_mask.tga,10232703,43756,bin,651bf819537ffd6d
actors_tex,37,chara_Boy_with_jeans_N.tga,10276459,174828,bin,f560b1c6dcd40b80
actors_tex,38,chara_Boy_with_jeans_thug2.tga,10451287,174828,bin,f560b1c6dcd40b80
actors_tex,39,chara_Boy_with_jeans_thug2_mask.tga,10626115,43756,bin,651bf819537ffd6d
actors_tex,40,chara_Boy_with_jeans_thug2_N.tga,10669871,174828,bin,f560b1c6dcd40b80
actors_tex,41,chara_Boy_with_jeans_thug3.tga,10844699,174828,bin,f560b1c6dcd40b80
actors_tex,42,chara_Boy_with_jeans_thug3_mask.tga,11019527,43756,bin,651bf819537ffd6d
actors_tex,43,chara_Boy_with_jeans_thug3_N.tga,11063283,174828,bin,f560b1c6dcd40b80
actors_tex,44,chara_Boy_with_jeans_thug4.tga,11238111,174828,bin,f560b1c6dcd40b80
actors_tex,45,chara_Boy_with_jeans_thug4_mask.tga,11412939,43756,bin,651bf819537ffd6d
actors_tex,46,chara_Boy_with_jeans_thug4_N.tga,11456695,174828,bin,f560b1c6dcd40b80
actors_tex,47,chara_Boy_with_jeans_thug_mask.tga,11631523,43756,bin,651bf819537ffd6d
actors_tex,48,chara_Boy_with_jeans_thug_N.tga,11675279,174828,bin,f560b1c6dcd40b80
actors_tex,49,chara_BrucePit_mask.tga,11850107,43756,bin,651bf819537ffd6d
actors_tex,50,chara_BrucePit_n.tga,11893863,174828,bin,f560b1c6dcd40b80
actors_tex,51,chara_BrucePit_Polypaint.tga,12068691,699116,bin,331dbe096879c7d3
actors_tex,52,chara_Catwoman_c.tga,12767807,699116,bin,331dbe096879c7d3
actors_tex,53,chara_Catwoman_mask.tga,13466923,43756,bin,651bf819537ffd6d
actors_tex,54,chara_Catwoman_n.tga,13510679,174828,bin,f560b1c6dcd40b80
actors_tex,55,chara_enemy_crowbar_c.tga,13685507,174828,bin,f560b1c6dcd40b80
actors_tex,56,chara_enemy_crowbar_mask.tga,13860335,43756,bin,651bf819537ffd6d
actors_tex,57,chara_enemy_crowbar_n.tga,13904091,174828,bin,f560b1c6dcd40b80
actors_tex,58,chara_Enemy_knife_c.tga,14078919,174828,bin,f560b1c6dcd40b80
actors_tex,59,chara_enemy_knife_mask.tga,14253747,43756,bin,651bf819537ffd6d
actors_tex,60,chara_Enemy_knife_n.tga,14297503,174828,bin,f560b1c6dcd40b80
actors_tex,61,chara_Escaped_Convict_2_mask.tga,14472331,43756,bin,651bf819537ffd6d
actors_tex,62,chara_escaped_convict_c.tga,14516087,174828,bin,f560b1c6dcd40b80
actors_tex,63,chara_Escaped_Convict_mask.tga,14690915,43756,bin,651bf819537ffd6d
actors_tex,64,chara_escaped_convict_n.tga,14734671,174828,bin,f560b1c6dcd40b80
actors_tex,65,chara_Generic_Male_Suit_c.tga,14909499,174828,bin,f560b1c6dcd40b80
actors_tex,66,chara_Generic_Male_Suit_mask.tga,15084327,43756,bin,651bf819537ffd6d
actors_tex,67,chara_Generic_Male_Suit_n.tga,15128083,174828,bin,f560b1c6dcd40b80
actors_tex,68,chara_Girl_with_jacket_c.tga,15302911,174828,bin,f560b1c6dcd40b80
actors_tex,69,chara_Girl_with_jacket_mask.tga,15477739,43756,bin,651bf819537ffd6d
actors_tex,70,chara_Girl_with_jacket_n.tga,15521495,174828,bin,f560b1c6dcd40b80
actors_tex,71,chara_girl_with_jeans_mask.tga,15696323,43756,bin,651bf819537ffd6d
actors_tex,72,chara_girl_with_jeans_n.tga,15740079,174828,bin,f560b1c6dcd40b80
actors_tex,73,chara_girl_with_jeans_vcols.tga,15914907,174828,bin,f560b1c6dcd40b80
actors_tex,74,chara_Guard_c.tga,16089735,174828,bin,f560b1c6dcd40b80
actors_tex,75,chara_Guard_mask.tga,16264563,43756,bin,651bf819537ffd6d
actors_tex,76,chara_Guard_military.tga,16308319,174828,bin,f560b1c6dcd40b80
actors_tex,77,chara_Guard_n.tga,16483147,174828,bin,f560b1c6dcd40b80
actors_tex,78,chara_Guard_police.tga,16657975,174828,bin,f560b1c6dcd40b80
actors_tex,79,chara_James_Gordon_c.tga,16832803,699116,bin,331dbe096879c7d3
actors_tex,80,chara_James_Gordon_mask.tga,17531919,43756,bin,651bf819537ffd6d
actors_tex,81,chara_James_Gordon_n.tga,17575675,174828,bin,f560b1c6dcd40b80
actors_tex,82,chara_JohnBlake_D.tga,17750503,699116,bin,331dbe096879c7d3
actors_tex,83,chara_JohnBlake_mask.tga,18449619,43756,bin,651bf819537ffd6d
actors_tex,84,chara_JohnBlake_N.tga,18493375,174828,bin,f560b1c6dcd40b80
actors_tex,85,chara_LuciusFox_AO.tga,18668203,699116,bin,331dbe096879c7d3
actors_tex,86,chara_luciusFOX_mask.tga,19367319,43756,bin,651bf819537ffd6d
actors_tex,87,chara_luciusFOX_normal.tga,19411075,174828,bin,f560b1c6dcd40b80
actors_tex,88,chara_Miranda_Tate_c.tga,19585903,699116,bin,331dbe096879c7d3
actors_tex,89,chara_Miranda_Tate_mask.tga,20285019,43756,bin,651bf819537ffd6d
actors_tex,90,chara_Miranda_Tate_n.tga,20328775,174828,bin,f560b1c6dcd40b80
actors_tex,91,chara_PitConvict1_c.tga,20503603,699116,bin,331dbe096879c7d3
actors_tex,92,chara_PitConvict1_c_mask.tga,21202719,43756,bin,651bf819537ffd6d
actors_tex,93,chara_PitConvict2_c.tga,21246475,699116,bin,331dbe096879c7d3
actors_tex,94,chara_PitConvict2_c_mask.tga,21945591,43756,bin,651bf819537ffd6d
actors_tex,95,chara_PitConvict3_c.tga,21989347,699116,bin,331dbe096879c7d3
actors_tex,96,chara_PitConvict3_c_mask.tga,22688463,43756,bin,651bf819537ffd6d
actors_tex,97,chara_PitConvict_n.tga,22732219,174828,bin,f560b1c6dcd40b80
actors_tex,98,chara_Scarecrow_c.tga,22907047,699116,bin,331dbe096879c7d3
actors_tex,99,chara_Scarecrow_mask.tga,23606163,43756,bin,651bf819537ffd6d
actors_tex,100,chara_Scarecrow_n.tga,23649919,174828,bin,f560b1c6dcd40b80
actors_tex,101,chara_SelinaKyle_c.tga,23824747,699116,bin,331dbe096879c7d3
actors_tex,102,chara_SelinaKyle_mask.tga,24523863,43756,bin,651bf819537ffd6d
actors_tex,103,chara_SelinaKyle_n.tga,24567619,174828,bin,f560b1c6dcd40b80
actors_tex,104,chara_Stryver_c.tga,24742447,699116,bin,331dbe096879c7d3
actors_tex,105,chara_Stryver_mask.tga,25441563,43756,bin,651bf819537ffd6d
actors_tex,106,chara_Stryver_n.tga,25485319,174828,bin,f560b1c6dcd40b80
actors_tex,107,Checkpoint.tga,25660147,43756,bin,651bf819537ffd6d
actors_tex,108,Checkpoint_New.tga,25703903,174828,bin,f560b1c6dcd40b80
actors_tex,109,Checkpoint_New_02.tga,25878731,174828,bin,f560b1c6dcd40b80
actors_tex,110,Checkpoint_small.tga,26053559,43756,bin,651bf819537ffd6d
actors_tex,111,Collectibles_items.tga,26097315,699116,bin,331dbe096879c7d3
actors_tex,112,Collectible_blueprint.tga,26796431,174828,bin,f560b1c6dcd40b80
actors_tex,113,Collectible_graffiti.tga,26971259,218880,bin,edbc5954b16e6003
actors_tex,114,Collectible_usb_diffuse.tga,27190139,174828,bin,f560b1c6dcd40b80
actors_tex,115,Collecti_blepolice_file.tga,27364967,174828,bin,f560b1c6dcd40b80
actors_tex,116,crowbar_placeh_tex.tga,27539795,748,bin,e36572cecc254289
actors_tex,117,eye_ref.tga,27540543,55040,bin,edbc5954b16e6003
actors_tex,118,FlashGrenade_D.tga,27595583,174828,bin,f560b1c6dcd40b80
actors_tex,119,FN_FAL_machine_gun_diffuse.tga,27770411,174828,bin,f560b1c6dcd40b80
actors_tex,120,FN_FAL_machine_gun_normal_map.tga,27945239,43756,bin,651bf819537ffd6d
actors_tex,121,Gargoyle_c_test.tga,27988995,174828,bin,f560b1c6dcd40b80
actors_tex,122,GC_StockExchange_Gargoyle.tga,28163823,43756,bin,651bf819537ffd6d
actors_tex,123,GC_StockExchange_Gargoyle_new.tga,28207579,43756,bin,651bf819537ffd6d
actors_tex,124,GC_StockExchange_Stand.tga,28251335,174828,bin,f560b1c6dcd40b80
actors_tex,125,glow.tga,28426163,55040,bin,6e88949cd28f4f67
actors_tex,126,GlowAdd.tga,28481203,43756,bin,651bf819537ffd6d
actors_tex,127,gloweffects.tga,28524959,174828,bin,f560b1c6dcd40b80
actors_tex,128,Grapnel_Gun.tga,28699787,43756,bin,651bf819537ffd6d
actors_tex,129,Grapnel_Gun_NRM.tga,28743543,43756,bin,651bf819537ffd6d
actors_tex,130,Grapnel_Rope_Diffuse.tga,28787299,108,bin,510c45aa939c4f79
actors_tex,131,Grapnel_Rope_Normal.tga,28787407,108,bin,510c45aa939c4f79
actors_tex,132,grenade_D.tga,28787515,174828,bin,f560b1c6dcd40b80
actors_tex,133,grenade_N.tga,28962343,43756,bin,651bf819537ffd6d
actors_tex,134,HeatDistort.tga,29006099,10988,bin,92f226758a90bd1f
actors_tex,135,laser_target_add.tga,29017087,43756,bin,651bf819537ffd6d
actors_tex,136,MC_Shadow.tga,29060843,14080,bin,498108583f3a7fe8
actors_tex,137,MirandaTate_mask.tga,29074923,43756,bin,651bf819537ffd6d
actors_tex,138,MrWhite.tga,29118679,108,bin,510c45aa939c4f79
actors_tex,139,muzzleflashes.tga,29118787,43756,bin,651bf819537ffd6d
actors_tex,140,new_envmap.tga,29162543,10988,bin,92f226758a90bd1f
actors_tex,141,old_envmap.tga,29173531,10988,bin,92f226758a90bd1f
actors_tex,142,QuestIcon_exclamation_interogation.tga,29184519,55040,bin,4e9198a7beaec8c7
actors_tex,143,radial_gray.tga,29239559,43756,bin,651bf819537ffd6d
actors_tex,144,radial_NEW.tga,29283315,174828,bin,f560b1c6dcd40b80
actors_tex,145,SmokeGrenade_D.tga,29458143,174828,bin,f560b1c6dcd40b80
actors_tex,146,SmokeGrenade_N.tga,29632971,43756,bin,651bf819537ffd6d
actors_tex,147,SniperRifle_d.tga,29676727,174828,bin,f560b1c6dcd40b80
actors_tex,148,SniperRifle_n.tga,29851555,43756,bin,651bf819537ffd6d
actors_tex,149,StunGrenade_D.tga,29895311,174828,bin,f560b1c6dcd40b80
actors_tex,150,StunGrenade_N.tga,30070139,43756,bin,651bf819537ffd6d
actors_tex,151,SVD_Dragunosv_normals.tga,30113895,43756,bin,651bf819537ffd6d
actors_tex,152,SVD_Dragunov_diffuse.tga,30157651,43756,bin,651bf819537ffd6d
actors_tex,153,TP_rock.tga,30201407,10988,bin,92f226758a90bd1f
actors_tex,154,TP_rockpile.tga,30212395,43756,bin,651bf819537ffd6d
actors_tex,155,Trail.tga,30256151,43756,bin,651bf819537ffd6d
actors_tex,156,Trail_NRM.tga,30299907,43756,bin,651bf819537ffd6d
actors_tex,157,Trail_Stick2.tga,30343663,43756,bin,651bf819537ffd6d
actors_tex,158,Trail_Stick3.tga,30387419,43756,bin,651bf819537ffd6d
actors_tex,159,trans_pvrtc4.tga,30431175,236,bin,5af51d6c484f28d6
actors_tex,160,turret_D_512.tga,30431411,43756,bin,651bf819537ffd6d
actors_tex,161,turret_M_512.tga,30475167,43756,bin,651bf819537ffd6d
actors_tex,162,Umbrella.tga,30518923,43756,bin,651bf819537ffd6d
actors_tex,163,Umbrella_mask.tga,30562679,43756,bin,651bf819537ffd6d
actors_tex,164,Walking_Stick_d.tga,30606435,43756,bin,651bf819537ffd6d
actors_tex,165,Weapons_Bullet.tga,30650191,1280,bin,cd460b10958d03fd
actors_tex,166,weapons_LM.tga,30651471,748,bin,e36572cecc254289
actors_tex,167,Weapons_Muzzleflash.tga,30652219,43756,bin,651bf819537ffd6d
actors_tex,168,weapon_knife_D.tga,30695975,43756,bin,651bf819537ffd6d
commons_tex,0,000_default.tga,11422,16436,bin,3106063a7c98ee5a
commons_tex,1,001_Stadium.tga,27858,16436,bin,3106063a7c98ee5a
commons_tex,2,002_Military.tga,44294,16436,bin,3106063a7c98ee5a
commons_tex,3,003_underground.tga,60730,16436,bin,3106063a7c98ee5a
commons_tex,4,005_menu.tga,77166,16436,bin,3106063a7c98ee5a
commons_tex,5,006_policestation.tga,93602,16436,bin,3106063a7c98ee5a
commons_tex,6,021_Test_AIchim.tga,110038,16436,bin,3106063a7c98ee5a
commons_tex,7,022_GothamCity.tga,126474,16436,bin,3106063a7c98ee5a
commons_tex,8,022_GothamCity_Industrial.tga,142910,16436,bin,3106063a7c98ee5a
commons_tex,9,023_lighting.tga,159346,16436,bin,3106063a7c98ee5a
commons_tex,10,024_default.tga,175782,16436,bin,3106063a7c98ee5a
commons_tex,11,025_IRRt.tga,192218,16436,bin,3106063a7c98ee5a
commons_tex,12,026_stock.tga,208654,16436,bin,3106063a7c98ee5a
commons_tex,13,027_WM.tga,225090,16436,bin,3106063a7c98ee5a
commons_tex,14,028_ThePit.tga,241526,16436,bin,3106063a7c98ee5a
commons_tex,15,029_policestation.tga,257962,16436,bin,3106063a7c98ee5a
commons_tex,16,030_CraneGas.tga,274398,16436,bin,3106063a7c98ee5a
commons_tex,17,031_GothamCity_Industrial.tga,290834,16436,bin,3106063a7c98ee5a
commons_tex,18,031_GothamCity_Island2_Industrial.tga,307270,16436,bin,3106063a7c98ee5a
commons_tex,19,032_GothamCity_VPOW.tga,323706,16436,bin,3106063a7c98ee5a
commons_tex,20,033_GothamCity_Island1_Industrial.tga,340142,16436,bin,3106063a7c98ee5a
commons_tex,21,034_claudiu.tga,356578,16436,bin,3106063a7c98ee5a
commons_tex,22,035_nightvision.tga,373014,16436,bin,3106063a7c98ee5a
commons_tex,23,Alert_Post.tga,389450,43756,bin,651bf819537ffd6d
commons_tex,24,Barrel_new_green.tga,433206,174828,bin,f560b1c6dcd40b80
commons_tex,25,Barrel_new_red.tga,608034,174828,bin,f560b1c6dcd40b80
commons_tex,26,BatarangEMP_D_pickup.tga,782862,174828,bin,f560b1c6dcd40b80
commons_tex,27,Batarang_NRM_pickup.tga,957690,174828,bin,f560b1c6dcd40b80
commons_tex,28,Batarang_pickup.tga,1132518,174828,bin,f560b1c6dcd40b80
commons_tex,29,C4_Diffuse.tga,1307346,699116,bin,331dbe096879c7d3
commons_tex,30,common_items.tga,2006462,2796268,bin,8939a55be3e7e1ba
commons_tex,31,Detonator_Diffuse.tga,4802730,174828,bin,f560b1c6dcd40b80
commons_tex,32,Explosive_Pack.tga,4977558,43756,bin,651bf819537ffd6d
commons_tex,33,fog_street_level.tga,5021314,43756,bin,651bf819537ffd6d
commons_tex,34,forcefield_nopass.tga,5065070,43756,bin,651bf819537ffd6d
commons_tex,35,FXMax_Fire.tga,5108826,174828,bin,f560b1c6dcd40b80
commons_tex,36,FXMax_Smoke.tga,5283654,55040,bin,8b8e117f3a0e09a2
commons_tex,37,FX_Coronas.tga,5338694,2796268,bin,8939a55be3e7e1ba
commons_tex,38,FX_Coronas_Glow.tga,8134962,65588,bin,9e97aad2f64591ee
commons_tex,39,FX_Coronas_Spotlight.tga,8200550,65588,bin,9e97aad2f64591ee
commons_tex,40,FX_rain.tga,8266138,174828,bin,f560b1c6dcd40b80
commons_tex,41,gadget_noise.tga,8440966,43756,bin,651bf819537ffd6d
commons_tex,42,Galaxy_Nexus_000_default.tga,8484722,16436,bin,3106063a7c98ee5a
commons_tex,43,Galaxy_Nexus_001_Stadium.tga,8501158,16436,bin,3106063a7c98ee5a
commons_tex,44,Galaxy_Nexus_002_Military.tga,8517594,16436,bin,3106063a7c98ee5a
commons_tex,45,Galaxy_Nexus_003_underground.tga,8534030,16436,bin,3106063a7c98ee5a
commons_tex,46,Galaxy_Nexus_005_menu.tga,8550466,16436,bin,3106063a7c98ee5a
commons_tex,47,Galaxy_Nexus_006_policestation.tga,8566902,16436,bin,3106063a7c98ee5a
commons_tex,48,Galaxy_Nexus_021_Test_AIchim.tga,8583338,16436,bin,3106063a7c98ee5a
commons_tex,49,Galaxy_Nexus_022_GothamCity.tga,8599774,16436,bin,3106063a7c98ee5a
commons_tex,50,Galaxy_Nexus_022_GothamCity_Industrial.tga,8616210,16436,bin,3106063a7c98ee5a
commons_tex,51,Galaxy_Nexus_023_lighting.tga,8632646,16436,bin,3106063a7c98ee5a
commons_tex,52,Galaxy_Nexus_024_default.tga,8649082,16436,bin,3106063a7c98ee5a
commons_tex,53,Galaxy_Nexus_025_IRRt.tga,8665518,16436,bin,3106063a7c98ee5a
commons_tex,54,Galaxy_Nexus_026_stock.tga,8681954,16436,bin,3106063a7c98ee5a
commons_tex,55,Galaxy_Nexus_027_WM.tga,8698390,16436,bin,3106063a7c98ee5a
commons_tex,56,Galaxy_Nexus_028_ThePit.tga,8714826,16436,bin,3106063a7c98ee5a
commons_tex,57,Galaxy_Nexus_029_policestation.tga,8731262,16436,bin,3106063a7c98ee5a
commons_tex,58,Galaxy_Nexus_030_CraneGas.tga,8747698,16436,bin,3106063a7c98ee5a
commons_tex,59,Galaxy_Nexus_031_GothamCity_Industrial.tga,8764134,16436,bin,3106063a7c98ee5a
commons_tex,60,Galaxy_Nexus_031_GothamCity_Island2_Industrial.tga,8780570,16436,bin,3106063a7c98ee5a
commons_tex,61,Galaxy_Nexus_032_GothamCity_VPOW.tga,8797006,16436,bin,3106063a7c98ee5a
commons_tex,62,Galaxy_Nexus_033_GothamCity_Island1_Industrial.tga,8813442,16436,bin,3106063a7c98ee5a
commons_tex,63,Galaxy_Nexus_034_claudiu.tga,8829878,16436,bin,3106063a7c98ee5a
commons_tex,64,Galaxy_Nexus_035_nightvision.tga,8846314,16436,bin,3106063a7c98ee5a
commons_tex,65,garbage_deposit.tga,8862750,2796268,bin,8939a55be3e7e1ba
commons_tex,66,GC_ExhaustFan_Propeller.tga,11659018,55040,bin,dfddee15d56c855d
commons_tex,67,GC_FX_Water_Screen.tga,11714058,174828,bin,f560b1c6dcd40b80
commons_tex,68,GC_Irr_Dummy.tga,11888886,1280,bin,dfddee15d56c855d
commons_tex,69,GC_refl_exterior.tga,11890166,174828,bin,f560b1c6dcd40b80
commons_tex,70,GC_Residential_Pipe.tga,12064994,174828,bin,f560b1c6dcd40b80
commons_tex,71,GC_Residential_Props_Air_Duct.tga,12239822,174828,bin,f560b1c6dcd40b80
commons_tex,72,GC_Residential_Props_Big_Vent.tga,12414650,174828,bin,f560b1c6dcd40b80
commons_tex,73,GC_Residential_Props_Big_Vent_Top.tga,12589478,218880,bin,a702e4054d74a2b9
commons_tex,74,GC_Residential_Props_Crate.tga,12808358,174828,bin,f560b1c6dcd40b80
commons_tex,75,GC_Residential_Props_Flower_pot.tga,12983186,174828,bin,f560b1c6dcd40b80
commons_tex,76,GC_Residential_Props_Platform.tga,13158014,218880,bin,1c04ef5341b15bec
commons_tex,77,GC_Residential_Props_RoadStuff.tga,13376894,174828,bin,f560b1c6dcd40b80
commons_tex,78,GC_Skybox.tga,13551722,3145780,bin,9172d64449fce391
commons_tex,79,GC_Skybox_02.tga,16697502,3145780,bin,9172d64449fce391
commons_tex,80,GC_Skybox_02_Industrial.tga,19843282,3145780,bin,9172d64449fce391
commons_tex,81,GC_Skybox_City.tga,22989062,786484,bin,02b6f584177adba1
commons_tex,82,GC_StockExchange_officeprops.tga,23775546,2796268,bin,8939a55be3e7e1ba
commons_tex,83,GT-I9000_000_default.tga,26571814,16436,bin,3106063a7c98ee5a
commons_tex,84,GT-I9000_001_Stadium.tga,26588250,16436,bin,3106063a7c98ee5a
commons_tex,85,GT-I9000_002_Military.tga,26604686,16436,bin,3106063a7c98ee5a
commons_tex,86,GT-I9000_003_underground.tga,26621122,16436,bin,3106063a7c98ee5a
commons_tex,87,GT-I9000_005_menu.tga,26637558,16436,bin,3106063a7c98ee5a
commons_tex,88,GT-I9000_006_policestation.tga,26653994,16436,bin,3106063a7c98ee5a
commons_tex,89,GT-I9000_021_Test_AIchim.tga,26670430,16436,bin,3106063a7c98ee5a
commons_tex,90,GT-I9000_022_GothamCity.tga,26686866,16436,bin,3106063a7c98ee5a
commons_tex,91,GT-I9000_022_GothamCity_Industrial.tga,26703302,16436,bin,3106063a7c98ee5a
commons_tex,92,GT-I9000_023_lighting.tga,26719738,16436,bin,3106063a7c98ee5a
commons_tex,93,GT-I9000_024_default.tga,26736174,16436,bin,3106063a7c98ee5a
commons_tex,94,GT-I9000_025_IRRt.tga,26752610,16436,bin,3106063a7c98ee5a
commons_tex,95,GT-I9000_026_stock.tga,26769046,16436,bin,3106063a7c98ee5a
commons_tex,96,GT-I9000_027_WM.tga,26785482,16436,bin,3106063a7c98ee5a
commons_tex,97,GT-I9000_028_ThePit.tga,26801918,16436,bin,3106063a7c98ee5a
commons_tex,98,GT-I9000_029_policestation.tga,26818354,16436,bin,3106063a7c98ee5a
commons_tex,99,GT-I9000_030_CraneGas.tga,26834790,16436,bin,3106063a7c98ee5a
commons_tex,100,GT-I9000_031_GothamCity_Industrial.tga,26851226,16436,bin,3106063a7c98ee5a
commons_tex,101,GT-I9000_031_GothamCity_Island2_Industrial.tga,26867662,16436,bin,3106063a7c98ee5a
commons_tex,102,GT-I9000_032_GothamCity_VPOW.tga,26884098,16436,bin,3106063a7c98ee5a
commons_tex,103,GT-I9000_033_GothamCity_Island1_Industrial.tga,26900534,16436,bin,3106063a7c98ee5a
commons_tex,104,GT-I9000_034_claudiu.tga,26916970,16436,bin,3106063a7c98ee5a
commons_tex,105,GT-I9000_035_nightvision.tga,26933406,16436,bin,3106063a7c98ee5a
commons_tex,106,GT-I9100_000_default.tga,26949842,16436,bin,3106063a7c98ee5a
commons_tex,107,GT-I9100_001_Stadium.tga,26966278,16436,bin,3106063a7c98ee5a
commons_tex,108,GT-I9100_002_Military.tga,26982714,16436,bin,3106063a7c98ee5a
commons_tex,109,GT-I9100_003_underground.tga,26999150,16436,bin,3106063a7c98ee5a
commons_tex,110,GT-I9100_005_menu.tga,27015586,16436,bin,3106063a7c98ee5a
commons_tex,111,GT-I9100_006_policestation.tga,27032022,16436,bin,3106063a7c98ee5a
commons_tex,112,GT-I9100_021_Test_AIchim.tga,27048458,16436,bin,3106063a7c98ee5a
commons_tex,113,GT-I9100_022_GothamCity.tga,27064894,16436,bin,3106063a7c98ee5a
commons_tex,114,GT-I9100_022_GothamCity_Industrial.tga,27081330,16436,bin,3106063a7c98ee5a
commons_tex,115,GT-I9100_023_lighting.tga,27097766,16436,bin,3106063a7c98ee5a
commons_tex,116,GT-I9100_024_default.tga,27114202,16436,bin,3106063a7c98ee5a
commons_tex,117,GT-I9100_025_IRRt.tga,27130638,16436,bin,3106063a7c98ee5a
commons_tex,118,GT-I9100_026_stock.tga,27147074,16436,bin,3106063a7c98ee5a
commons_tex,119,GT-I9100_027_WM.tga,27163510,16436,bin,3106063a7c98ee5a
commons_tex,120,GT-I9100_028_ThePit.tga,27179946,16436,bin,3106063a7c98ee5a
commons_tex,121,GT-I9100_029_policestation.tga,27196382,16436,bin,3106063a7c98ee5a
commons_tex,122,GT-I9100_030_CraneGas.tga,27212818,16436,bin,3106063a7c98ee5a
commons_tex,123,GT-I9100_031_GothamCity_Industrial.tga,27229254,16436,bin,3106063a7c98ee5a
commons_tex,124,GT-I9100_031_GothamCity_Island2_Industrial.tga,27245690,16436,bin,3106063a7c98ee5a
commons_tex,125,GT-I9100_032_GothamCity_VPOW.tga,27262126,16436,bin,3106063a7c98ee5a
commons_tex,126,GT-I9100_033_GothamCity_Island1_Industrial.tga,27278562,16436,bin,3106063a7c98ee5a
commons_tex,127,GT-I9100_034_claudiu.tga,27294998,16436,bin,3106063a7c98ee5a
commons_tex,128,GT-I9100_035_nightvision.tga,27311434,16436,bin,3106063a7c98ee5a
commons_tex,129,GT-I9220_000_default.tga,27327870,16436,bin,3106063a7c98ee5a
commons_tex,130,GT-I9220_001_Stadium.tga,27344306,16436,bin,3106063a7c98ee5a
commons_tex,131,GT-I9220_002_Military.tga,27360742,16436,bin,3106063a7c98ee5a
commons_tex,132,GT-I9220_003_underground.tga,27377178,16436,bin,3106063a7c98ee5a
commons_tex,133,GT-I9220_005_menu.tga,27393614,16436,bin,3106063a7c98ee5a
commons_tex,134,GT-I9220_006_policestation.tga,27410050,16436,bin,3106063a7c98ee5a
commons_tex,135,GT-I9220_021_Test_AIchim.tga,27426486,16436,bin,3106063a7c98ee5a
commons_tex,136,GT-I9220_022_GothamCity.tga,27442922,16436,bin,3106063a7c98ee5a
commons_tex,137,GT-I9220_023_lighting.tga,27459358,16436,bin,3106063a7c98ee5a
commons_tex,138,GT-I9220_024_default.tga,27475794,16436,bin,3106063a7c98ee5a
commons_tex,139,GT-I9220_025_IRRt.tga,27492230,16436,bin,3106063a7c98ee5a
commons_tex,140,GT-I9220_026_stock.tga,27508666,16436,bin,3106063a7c98ee5a
commons_tex,141,GT-I9220_027_WM.tga,27525102,16436,bin,3106063a7c98ee5a
commons_tex,142,GT-I9220_028_ThePit.tga,27541538,16436,bin,3106063a7c98ee5a
commons_tex,143,GT-I9220_029_policestation.tga,27557974,16436,bin,3106063a7c98ee5a
commons_tex,144,GT-I9220_030_CraneGas.tga,27574410,16436,bin,3106063a7c98ee5a
commons_tex,145,GT-I9220_031_GothamCity_Industrial.tga,27590846,16436,bin,3106063a7c98ee5a
commons_tex,146,GT-I9220_031_GothamCity_Island2_Industrial.tga,27607282,16436,bin,3106063a7c98ee5a
commons_tex,147,GT-I9220_032_GothamCity_VPOW.tga,27623718,16436,bin,3106063a7c98ee5a
commons_tex,148,GT-I9220_033_GothamCity_Island1_Industrial.tga,27640154,16436,bin,3106063a7c98ee5a
commons_tex,149,GT-I9220_034_claudiu.tga,27656590,16436,bin,3106063a7c98ee5a
commons_tex,150,GT-I9220_035_nightvision.tga,27673026,16436,bin,3106063a7c98ee5a
commons_tex,151,GT-I9300_000_default.tga,27689462,16436,bin,3106063a7c98ee5a
commons_tex,152,GT-I9300_001_Stadium.tga,27705898,16436,bin,3106063a7c98ee5a
commons_tex,153,GT-I9300_002_Military.tga,27722334,16436,bin,3106063a7c98ee5a
commons_tex,154,GT-I9300_003_underground.tga,27738770,16436,bin,3106063a7c98ee5a
commons_tex,155,GT-I9300_005_menu.tga,27755206,16436,bin,3106063a7c98ee5a
commons_tex,156,GT-I9300_006_policestation.tga,27771642,16436,bin,3106063a7c98ee5a
commons_tex,157,GT-I9300_021_Test_AIchim.tga,27788078,16436,bin,3106063a7c98ee5a
commons_tex,158,GT-I9300_022_GothamCity.tga,27804514,16436,bin,3106063a7c98ee5a
commons_tex,159,GT-I9300_022_GothamCity_Industrial.tga,27820950,16436,bin,3106063a7c98ee5a
commons_tex,160,GT-I9300_023_lighting.tga,27837386,16436,bin,3106063a7c98ee5a
commons_tex,161,GT-I9300_024_default.tga,27853822,16436,bin,3106063a7c98ee5a
commons_tex,162,GT-I9300_025_IRRt.tga,27870258,16436,bin,3106063a7c98ee5a
commons_tex,163,GT-I9300_026_stock.tga,27886694,16436,bin,3106063a7c98ee5a
commons_tex,164,GT-I9300_027_WM.tga,27903130,16436,bin,3106063a7c98ee5a
commons_tex,165,GT-I9300_028_ThePit.tga,27919566,16436,bin,3106063a7c98ee5a
commons_tex,166,GT-I9300_029_policestation.tga,27936002,16436,bin,3106063a7c98ee5a
commons_tex,167,GT-I9300_030_CraneGas.tga,27952438,16436,bin,3106063a7c98ee5a
commons_tex,168,GT-I9300_031_GothamCity_Industrial.tga,27968874,16436,bin,3106063a7c98ee5a
commons_tex,169,GT-I9300_031_GothamCity_Island2_Industrial.tga,27985310,16436,bin,3106063a7c98ee5a
commons_tex,170,GT-I9300_032_GothamCity_VPOW.tga,28001746,16436,bin,3106063a7c98ee5a
commons_tex,171,GT-I9300_033_GothamCity_Island1_Industrial.tga,28018182,16436,bin,3106063a7c98ee5a
commons_tex,172,GT-I9300_034_claudiu.tga,28034618,16436,bin,3106063a7c98ee5a
commons_tex,173,GT-I9300_035_nightvision.tga,28051054,16436,bin,3106063a7c98ee5a
commons_tex,174,GT-N7000_000_default.tga,28067490,16436,bin,3106063a7c98ee5a
commons_tex,175,GT-N7000_001_Stadium.tga,28083926,16436,bin,3106063a7c98ee5a
commons_tex,176,GT-N7000_002_Military.tga,28100362,16436,bin,3106063a7c98ee5a
commons_tex,177,GT-N7000_003_underground.tga,28116798,16436,bin,3106063a7c98ee5a
commons_tex,178,GT-N7000_005_menu.tga,28133234,16436,bin,3106063a7c98ee5a
commons_tex,179,GT-N7000_006_policestation.tga,28149670,16436,bin,3106063a7c98ee5a
commons_tex,180,GT-N7000_021_Test_AIchim.tga,28166106,16436,bin,3106063a7c98ee5a
commons_tex,181,GT-N7000_022_GothamCity.tga,28182542,16436,bin,3106063a7c98ee5a
commons_tex,182,GT-N7000_023_lighting.tga,28198978,16436,bin,3106063a7c98ee5a
commons_tex,183,GT-N7000_024_default.tga,28215414,16436,bin,3106063a7c98ee5a
commons_tex,184,GT-N7000_025_IRRt.tga,28231850,16436,bin,3106063a7c98ee5a
commons_tex,185,GT-N7000_026_stock.tga,28248286,16436,bin,3106063a7c98ee5a
commons_tex,186,GT-N7000_027_WM.tga,28264722,16436,bin,3106063a7c98ee5a
commons_tex,187,GT-N7000_028_ThePit.tga,28281158,16436,bin,3106063a7c98ee5a
commons_tex,188,GT-N7000_029_policestation.tga,28297594,16436,bin,3106063a7c98ee5a
commons_tex,189,GT-N7000_030_CraneGas.tga,28314030,16436,bin,3106063a7c98ee5a
commons_tex,190,GT-N7000_031_GothamCity_Industrial.tga,28330466,16436,bin,3106063a7c98ee5a
commons_tex,191,GT-N7000_031_GothamCity_Island2_Industrial.tga,28346902,16436,bin,3106063a7c98ee5a
commons_tex,192,GT-N7000_032_GothamCity_VPOW.tga,28363338,16436,bin,3106063a7c98ee5a
commons_tex,193,GT-N7000_033_GothamCity_Island1_Industrial.tga,28379774,16436,bin,3106063a7c98ee5a
commons_tex,194,GT-N7000_034_claudiu.tga,28396210,16436,bin,3106063a7c98ee5a
commons_tex,195,GT-N7000_035_nightvision.tga,28412646,16436,bin,3106063a7c98ee5a
commons_tex,196,GT-P1000_000_default.tga,28429082,16436,bin,3106063a7c98ee5a
commons_tex,197,GT-P1000_001_Stadium.tga,28445518,16436,bin,3106063a7c98ee5a
commons_tex,198,GT-P1000_002_Military.tga,28461954,16436,bin,3106063a7c98ee5a
commons_tex,199,GT-P1000_003_underground.tga,28478390,16436,bin,3106063a7c98ee5a
commons_tex,200,GT-P1000_005_menu.tga,28494826,16436,bin,3106063a7c98ee5a
commons_tex,201,GT-P1000_006_policestation.tga,28511262,16436,bin,3106063a7c98ee5a
commons_tex,202,GT-P1000_021_Test_AIchim.tga,28527698,16436,bin,3106063a7c98ee5a
commons_tex,203,GT-P1000_022_GothamCity.tga,28544134,16436,bin,3106063a7c98ee5a
commons_tex,204,GT-P1000_022_GothamCity_Industrial.tga,28560570,16436,bin,3106063a7c98ee5a
commons_tex,205,GT-P1000_023_lighting.tga,28577006,16436,bin,3106063a7c98ee5a
commons_tex,206,GT-P1000_024_default.tga,28593442,16436,bin,3106063a7c98ee5a
commons_tex,207,GT-P1000_025_IRRt.tga,28609878,16436,bin,3106063a7c98ee5a
commons_tex,208,GT-P1000_026_stock.tga,28626314,16436,bin,3106063a7c98ee5a
commons_tex,209,GT-P1000_027_WM.tga,28642750,16436,bin,3106063a7c98ee5a
commons_tex,210,GT-P1000_028_ThePit.tga,28659186,16436,bin,3106063a7c98ee5a
commons_tex,211,GT-P1000_029_policestation.tga,28675622,16436,bin,3106063a7c98ee5a
commons_tex,212,GT-P1000_030_CraneGas.tga,28692058,16436,bin,3106063a7c98ee5a
commons_tex,213,GT-P1000_031_GothamCity_Industrial.tga,28708494,16436,bin,3106063a7c98ee5a
commons_tex,214,GT-P1000_031_GothamCity_Island2_Industrial.tga,28724930,16436,bin,3106063a7c98ee5a
commons_tex,215,GT-P1000_032_GothamCity_VPOW.tga,28741366,16436,bin,3106063a7c98ee5a
commons_tex,216,GT-P1000_033_GothamCity_Island1_Industrial.tga,28757802,16436,bin,3106063a7c98ee5a
commons_tex,217,GT-P1000_034_claudiu.tga,28774238,16436,bin,3106063a7c98ee5a
commons_tex,218,GT-P1000_035_nightvision.tga,28790674,16436,bin,3106063a7c98ee5a
commons_tex,219,HEXA_Coin.tga,28807110,55040,bin,7c221701481c1a6d
commons_tex,220,LightMapSampler.tga,28862150,748,bin,e36572cecc254289
commons_tex,221,military_laser_D.tga,28862898,699116,bin,331dbe096879c7d3
commons_tex,222,military_laser_M.tga,29562014,43756,bin,651bf819537ffd6d
commons_tex,223,Mine_new_blue.tga,29605770,174828,bin,f560b1c6dcd40b80
commons_tex,224,Mine_new_red.tga,29780598,174828,bin,f560b1c6dcd40b80
commons_tex,225,neutral_lightmap.tga,29955426,2796,bin,29be471391a77130
commons_tex,226,NoVerticalFOG.tga,29958222,108,bin,510c45aa939c4f79
commons_tex,227,pickup_items_D.tga,29958330,699116,bin,331dbe096879c7d3
commons_tex,228,rope_D.tga,30657446,43756,bin,651bf819537ffd6d
commons_tex,229,SGH-I987_000_default.tga,30701202,16436,bin,3106063a7c98ee5a
commons_tex,230,SGH-I987_001_Stadium.tga,30717638,16436,bin,3106063a7c98ee5a
commons_tex,231,SGH-I987_002_Military.tga,30734074,16436,bin,3106063a7c98ee5a
commons_tex,232,SGH-I987_003_underground.tga,30750510,16436,bin,3106063a7c98ee5a
commons_tex,233,SGH-I987_005_menu.tga,30766946,16436,bin,3106063a7c98ee5a
commons_tex,234,SGH-I987_006_policestation.tga,30783382,16436,bin,3106063a7c98ee5a
commons_tex,235,SGH-I987_021_Test_AIchim.tga,30799818,16436,bin,3106063a7c98ee5a
commons_tex,236,SGH-I987_022_GothamCity.tga,30816254,16436,bin,3106063a7c98ee5a
commons_tex,237,SGH-I987_022_GothamCity_Industrial.tga,30832690,16436,bin,3106063a7c98ee5a
commons_tex,238,SGH-I987_023_lighting.tga,30849126,16436,bin,3106063a7c98ee5a
commons_tex,239,SGH-I987_024_default.tga,30865562,16436,bin,3106063a7c98ee5a
commons_tex,240,SGH-I987_025_IRRt.tga,30881998,16436,bin,3106063a7c98ee5a
commons_tex,241,SGH-I987_026_stock.tga,30898434,16436,bin,3106063a7c98ee5a
commons_tex,242,SGH-I987_027_WM.tga,30914870,16436,bin,3106063a7c98ee5a
commons_tex,243,SGH-I987_028_ThePit.tga,30931306,16436,bin,3106063a7c98ee5a
commons_tex,244,SGH-I987_029_policestation.tga,30947742,16436,bin,3106063a7c98ee5a
commons_tex,245,SGH-I987_030_CraneGas.tga,30964178,16436,bin,3106063a7c98ee5a
commons_tex,246,SGH-I987_031_GothamCity_Industrial.tga,30980614,16436,bin,3106063a7c98ee5a
commons_tex,247,SGH-I987_031_GothamCity_Island2_Industrial.tga,30997050,16436,bin,3106063a7c98ee5a
commons_tex,248,SGH-I987_032_GothamCity_VPOW.tga,31013486,16436,bin,3106063a7c98ee5a
commons_tex,249,SGH-I987_033_GothamCity_Island1_Industrial.tga,31029922,16436,bin,3106063a7c98ee5a
commons_tex,250,SGH-I987_034_claudiu.tga,31046358,16436,bin,3106063a7c98ee5a
commons_tex,251,SGH-I987_035_nightvision.tga,31062794,16436,bin,3106063a7c98ee5a
commons_tex,252,SmokeGrenade_D_pickup.tga,31079230,174828,bin,f560b1c6dcd40b80
commons_tex,253,SmokeGrenade_N_pickup.tga,31254058,174828,bin,f560b1c6dcd40b80
commons_tex,254,Stash.tga,31428886,174828,bin,f560b1c6dcd40b80
commons_tex,255,StorageBox_D.tga,31603714,174828,bin,f560b1c6dcd40b80
commons_tex,256,StorageBox_M.tga,31778542,174828,bin,f560b1c6dcd40b80
commons_tex,257,StunGrenade_D_pickup.tga,31953370,174828,bin,f560b1c6dcd40b80
commons_tex,258,StunGrenade_N_pickup.tga,32128198,174828,bin,f560b1c6dcd40b80
commons_tex,259,surveillance_camera_add.tga,32303026,43756,bin,651bf819537ffd6d
commons_tex,260,trunk.tga,32346782,699116,bin,331dbe096879c7d3
commons_tex,261,vegetation.tga,33045898,3495680,bin,ccf82aca648f956d
commons_tex,262,vegetation_industrial.tga,36541578,3495680,bin,640b8bb238f93d28
commons_tex,263,wayneTechPoint_D.tga,40037258,174828,bin,f560b1c6dcd40b80
commons_tex,264,wayneTechPoint_M.tga,40212086,174828,bin,f560b1c6dcd40b80
commons_tex,265,W_coin.tga,40386914,55040,bin,c2bffaa88c842211
l_batcave_tex,0,BC_bricks_01.tga,2128,174828,bin,f560b1c6dcd40b80
l_batcave_tex,1,BC_Carut.tga,176956,174828,bin,f560b1c6dcd40b80
l_batcave_tex,2,BC_caveground.tga,351784,174828,bin,f560b1c6dcd40b80
l_batcave_tex,3,BC_caveground2.tga,526612,174828,bin,f560b1c6dcd40b80
l_batcave_tex,4,BC_concrete_01.tga,701440,174828,bin,f560b1c6dcd40b80
l_batcave_tex,5,BC_concrete_01_mask.tga,876268,174828,bin,f560b1c6dcd40b80
l_batcave_tex,6,BC_concrete_01_mask02.tga,1051096,174828,bin,f560b1c6dcd40b80
l_batcave_tex,7,BC_concrete_02.tga,1225924,174828,bin,f560b1c6dcd40b80
l_batcave_tex,8,BC_fence.tga,1400752,218880,bin,ef91eeb82b3c555d
l_batcave_tex,9,BC_fence_mask.tga,1619632,174828,bin,f560b1c6dcd40b80
l_batcave_tex,10,BC_Floor.tga,1794460,174828,bin,f560b1c6dcd40b80
l_batcave_tex,11,BC_Floor2.tga,1969288,174828,bin,f560b1c6dcd40b80
l_batcave_tex,12,BC_Fog.tga,2144116,108,bin,510c45aa939c4f79
l_batcave_tex,13,BC_Glass.tga,2144224,43756,bin,651bf819537ffd6d
l_batcave_tex,14,BC_Glass_mask.tga,2187980,43756,bin,651bf819537ffd6d
l_batcave_tex,15,BC_LightMap_01.tga,2231736,2796268,bin,8939a55be3e7e1ba
l_batcave_tex,16,BC_LightMap_01a.tga,5028004,2796268,bin,8939a55be3e7e1ba
l_batcave_tex,17,BC_LightMap_02a.tga,7824272,2796268,bin,8939a55be3e7e1ba
l_batcave_tex,18,BC_LightMap_02b.tga,10620540,2796268,bin,8939a55be3e7e1ba
l_batcave_tex,19,BC_LightMap_02c.tga,13416808,2796268,bin,8939a55be3e7e1ba
l_batcave_tex,20,BC_LightMap_02d.tga,16213076,699116,bin,331dbe096879c7d3
l_batcave_tex,21,BC_Metal.tga,16912192,699116,bin,331dbe096879c7d3
l_batcave_tex,22,BC_Metalfloor.tga,17611308,174828,bin,f560b1c6dcd40b80
l_batcave_tex,23,BC_Metalfloor_mask.tga,17786136,174828,bin,f560b1c6dcd40b80
l_batcave_tex,24,BC_Metal_mask.tga,17960964,699116,bin,331dbe096879c7d3
l_batcave_tex,25,BC_Monitors_01.tga,18660080,174828,bin,f560b1c6dcd40b80
l_batcave_tex,26,BC_Monitors_02.tga,18834908,174828,bin,f560b1c6dcd40b80
l_batcave_tex,27,BC_Monitors_03.tga,19009736,174828,bin,f560b1c6dcd40b80
l_batcave_tex,28,BC_NoTexture.tga,19184564,2796,bin,29be471391a77130
l_batcave_tex,29,BC_Railorad.tga,19187360,174828,bin,f560b1c6dcd40b80
l_batcave_tex,30,BC_refl_interior.tga,19362188,174828,bin,f560b1c6dcd40b80
l_batcave_tex,31,BC_refl_interior_02.tga,19537016,174828,bin,f560b1c6dcd40b80
l_batcave_tex,32,BC_rock_01.tga,19711844,699116,bin,331dbe096879c7d3
l_batcave_tex,33,BC_rock_01_mask.tga,20410960,699116,bin,331dbe096879c7d3
l_batcave_tex,34,BC_rock_NM_01.tga,21110076,2796268,bin,8939a55be3e7e1ba
l_batcave_tex,35,BC_rock_NM_02.tga,23906344,699116,bin,331dbe096879c7d3
l_batcave_tex,36,BC_rock_NM_03.tga,24605460,2796268,bin,8939a55be3e7e1ba
l_batcave_tex,37,BC_Steel.tga,27401728,43756,bin,651bf819537ffd6d
l_batcave_tex,38,BC_Steel_mask.tga,27445484,43756,bin,651bf819537ffd6d
l_batcave_tex,39,BC_Train.tga,27489240,699116,bin,331dbe096879c7d3
l_batcave_tex,40,BC_water.tga,28188356,174828,bin,f560b1c6dcd40b80
l_batcave_tex,41,BC_waterfall.tga,28363184,174828,bin,f560b1c6dcd40b80
l_batcave_tex,42,BC_waterfall_02.tga,28538012,218880,bin,6b6d900ce4bdc138
l_batcave_tex,43,BC_water_mask.tga,28756892,174828,bin,f560b1c6dcd40b80
l_batcave_tex,44,BC_wood.tga,28931720,174828,bin,f560b1c6dcd40b80
l_batcave_tex,45,BC_woodcase.tga,29106548,43756,bin,651bf819537ffd6d
l_batcave_tex,46,Fence.tga,29150304,218880,bin,d002d080c559e585
l_batcave_tex,47,Fence_Mask.tga,29369184,218880,bin,d002d080c559e585
l_batcave_tex,48,GC_Skybox.tga,29588064,699116,bin,331dbe096879c7d3
l_batcave_tex,49,GC_Skybox_02.tga,30287180,699116,bin,331dbe096879c7d3
l_batcave_tex,50,GC_Skybox_02_Industrial.tga,30986296,699116,bin,331dbe096879c7d3
l_batcave_tex,51,GC_Skybox_City.tga,31685412,2796268,bin,8939a55be3e7e1ba
l_batcave_tex,52,GothamCity_Skybox_Night.tga,34481680,699116,bin,331dbe096879c7d3
l_batcave_tex,53,SM_Room1.tga,35180796,43756,bin,651bf819537ffd6d
l_batcave_tex,54,Storyboard_batcave_01.tga,35224552,699116,bin,331dbe096879c7d3
l_batcave_tex,55,Storyboard_batcave_02.tga,35923668,699116,bin,331dbe096879c7d3
l_batcave_tex,56,Storyboard_batcave_03.tga,36622784,699116,bin,331dbe096879c7d3
l_batcave_tex,57,Storyboard_batcave_04.tga,37321900,699116,bin,331dbe096879c7d3
l_batcave_tex,58,Storyboard_batcave_05.tga,38021016,699116,bin,331dbe096879c7d3
l_batcave_tex,59,Storyboard_batcave_06.tga,38720132,699116,bin,331dbe096879c7d3
l_batcave_tex,60,Storyboard_batcave_07.tga,39419248,699116,bin,331dbe096879c7d3
l_gothamcity_tex,0,BakeGroup_Island1_A0.tga,13146,2796268,bin,8939a55be3e7e1ba
l_gothamcity_tex,1,BakeGroup_Island1_ATLAS_low0.tga,2809414,2796268,bin,8939a55be3e7e1ba
l_gothamcity_tex,2,BakeGroup_Island1_B0.tga,5605682,2796268,bin,8939a55be3e7e1ba
l_gothamcity_tex,3,BakeGroup_Island1_Landmarks0.tga,8401950,2796268,bin,8939a55be3e7e1ba
l_gothamcity_tex,4,BakeGroup_Island1_Roads0.tga,11198218,2796268,bin,8939a55be3e7e1ba
l_gothamcity_tex,5,BakeGroup_Island2_A0.tga,13994486,2796268,bin,8939a55be3e7e1ba
l_gothamcity_tex,6,BakeGroup_Island2_ATLAS_low0.tga,16790754,2796268,bin,8939a55be3e7e1ba
l_gothamcity_tex,7,BakeGroup_Island2_B0.tga,19587022,2796268,bin,8939a55be3e7e1ba
l_gothamcity_tex,8,BakeGroup_Island2_Landmarks0.tga,22383290,2796268,bin,8939a55be3e7e1ba
l_gothamcity_tex,9,BakeGroup_Island2_Roads0.tga,25179558,2796268,bin,8939a55be3e7e1ba
l_gothamcity_tex,10,bridge_1.tga,27975826,699116,bin,331dbe096879c7d3
l_gothamcity_tex,11,bridge_tile.tga,28674942,699116,bin,331dbe096879c7d3
l_gothamcity_tex,12,bridge_tile_nrm.tga,29374058,43756,bin,651bf819537ffd6d
l_gothamcity_tex,13,BullMonument_occlusion.tga,29417814,174828,bin,f560b1c6dcd40b80
l_gothamcity_tex,14,City_BKG.tga,29592642,3145780,bin,9172d64449fce391
l_gothamcity_tex,15,confroom_lightmap.tga,32738422,699116,bin,331dbe096879c7d3
l_gothamcity_tex,16,confroom_lightmap_low.tga,33437538,174828,bin,f560b1c6dcd40b80
l_gothamcity_tex,17,confroom_Reflection.tga,33612366,43756,bin,651bf819537ffd6d
l_gothamcity_tex,18,GC_Cath_of_learning_Brick.tga,33656122,174828,bin,f560b1c6dcd40b80
l_gothamcity_tex,19,GC_Cath_of_learning_RandomObj.tga,33830950,174828,bin,f560b1c6dcd40b80
l_gothamcity_tex,20,GC_Cath_of_learning_RandomObj_Refl.tga,34005778,43756,bin,651bf819537ffd6d
l_gothamcity_tex,21,GC_Cath_of_learning_Rooftop_ground.tga,34049534,174828,bin,f560b1c6dcd40b80
l_gothamcity_tex,22,GC_Cath_of_learning_Rooftop_ground_NRM.tga,34224362,43756,bin,651bf819537ffd6d
l_gothamcity_tex,23,GC_Cath_of_learning_Wall.tga,34268118,174828,bin,f560b1c6dcd40b80
l_gothamcity_tex,24,GC_Cath_of_learning_Windows2_Refl.tga,34442946,43756,bin,651bf819537ffd6d
l_gothamcity_tex,25,GC_Cath_of_learning_Windows2_v.tga,34486702,174828,bin,f560b1c6dcd40b80
l_gothamcity_tex,26,GC_Cath_of_learning_Windows3_Refl.tga,34661530,43756,bin,651bf819537ffd6d
l_gothamcity_tex,27,GC_Cath_of_learning_Windows3_v.tga,34705286,174828,bin,f560b1c6dcd40b80
l_gothamcity_tex,28,GC_Cath_of_learning_Windows_Refl.tga,34880114,43756,bin,651bf819537ffd6d
l_gothamcity_tex,29,GC_Cath_of_learning_Windows_v.tga,34923870,174828,bin,f560b1c6dcd40b80
l_gothamcity_tex,30,GC_CBCE_Atlas.tga,35098698,2796268,bin,8939a55be3e7e1ba
l_gothamcity_tex,31,GC_CBCE_Atlas_ref.tga,37894966,174828,bin,f560b1c6dcd40b80
l_gothamcity_tex,32,GC_Diner_Floor.tga,38069794,43756,bin,651bf819537ffd6d
l_gothamcity_tex,33,GC_DMUS_Atlas.tga,38113550,174828,bin,f560b1c6dcd40b80
l_gothamcity_tex,34,GC_DMUS_Atlas2.tga,38288378,699116,bin,331dbe096879c7d3
l_gothamcity_tex,35,GC_DMUS_Atlas2_NM.tga,38987494,174828,bin,f560b1c6dcd40b80
l_gothamcity_tex,36,GC_DMUS_Atlas_refl.tga,39162322,43756,bin,651bf819537ffd6d
l_gothamcity_tex,37,GC_DMUS_fence.tga,39206078,218880,bin,14db2a596389bba1
l_gothamcity_tex,38,GC_DMUS_inger_DIFF.tga,39424958,218880,bin,14db2a596389bba1
l_gothamcity_tex,39,GC_DMUS_inger_NM.tga,39643838,55040,bin,14db2a596389bba1
l_gothamcity_tex,40,GC_DMUS_leu_NM.tga,39698878,55040,bin,14db2a596389bba1
l_gothamcity_tex,41,GC_DMUS_table.tga,39753918,174828,bin,f560b1c6dcd40b80
l_gothamcity_tex,42,GC_DMUS_wall.tga,39928746,174828,bin,f560b1c6dcd40b80
l_gothamcity_tex,43,GC_footprint_aa_concrete.tga,40103574,174828,bin,f560b1c6dcd40b80
l_gothamcity_tex,44,GC_footprint_AA_ground.tga,40278402,174828,bin,f560b1c6dcd40b80
l_gothamcity_tex,45,GC_footprint_AA_ground_02.tga,40453230,174828,bin,f560b1c6dcd40b80
l_gothamcity_tex,46,GC_footprint_AA_ground_02_NRM.tga,40628058,43756,bin,651bf819537ffd6d
l_gothamcity_tex,47,GC_footprint_AB_atlas.tga,40671814,2796268,bin,8939a55be3e7e1ba
l_gothamcity_tex,48,GC_footprint_AB_atlas_rfl.tga,43468082,174828,bin,f560b1c6dcd40b80
l_gothamcity_tex,49,GC_Footprint_AWT.tga,43642910,2796268,bin,8939a55be3e7e1ba
l_gothamcity_tex,50,GC_footprint_awt_marble.tga,46439178,174828,bin,f560b1c6dcd40b80
l_gothamcity_tex,51,GC_Footprint_AWT_rfl.tga,46614006,174828,bin,f560b1c6dcd40b80
l_gothamcity_tex,52,GC_Footprint_CC_windows02.tga,46788834,174828,bin,f560b1c6dcd40b80
l_gothamcity_tex,53,GC_Footprint_CC_windows02_ref.tga,46963662,43756,bin,651bf819537ffd6d
l_gothamcity_tex,54,GC_Footprint_GA_floor_T_00.tga,47007418,174828,bin,f560b1c6dcd40b80
l_gothamcity_tex,55,GC_Footprint_GA_floor_T_00_NRM.tga,47182246,43756,bin,651bf819537ffd6d
l_gothamcity_tex,56,GC_Footprint_GA_TH.tga,47226002,2796268,bin,8939a55be3e7e1ba
l_gothamcity_tex,57,GC_Footprint_GA_T_00.tga,50022270,174828,bin,f560b1c6dcd40b80
l_gothamcity_tex,58,GC_Footprint_GA_T_01.tga,50197098,174828,bin,f560b1c6dcd40b80
l_gothamcity_tex,59,GC_Footprint_GA_T_02.tga,50371926,174828,bin,f560b1c6dcd40b80
l_gothamcity_tex,60,GC_Footprint_GB_Bricks_01_T.tga,50546754,174828,bin,f560b1c6dcd40b80
l_gothamcity_tex,61,GC_Footprint_GB_Bricks_01_T_refl.tga,50721582,43756,bin,651bf819537ffd6d
l_gothamcity_tex,62,GC_Footprint_GB_Bricks_02_T.tga,50765338,174828,bin,f560b1c6dcd40b80
l_gothamcity_tex,63,GC_Footprint_GB_emissive.tga,50940166,699116,bin,331dbe096879c7d3
l_gothamcity_tex,64,GC_Footprint_GB_Tex01_TH.tga,51639282,699116,bin,331dbe096879c7d3
l_gothamcity_tex,65,GC_Footprint_GB_Tex01_TH_refl.tga,52338398,43756,bin,651bf819537ffd6d
l_gothamcity_tex,66,GC_Footprint_GB_windows_01_TH.tga,52382154,174828,bin,f560b1c6dcd40b80
l_gothamcity_tex,67,GC_Footprint_GB_windows_01_TH_refl.tga,52556982,43756,bin,651bf819537ffd6d
l_gothamcity_tex,68,GC_footprint_GC_ceiling_T.tga,52600738,43756,bin,651bf819537ffd6d
l_gothamcity_tex,69,GC_Footprint_GC_floor_NRM.tga,52644494,43756,bin,651bf819537ffd6d
l_gothamcity_tex,70,GC_Footprint_GC_floor_T.tga,52688250,174828,bin,f560b1c6dcd40b80
l_gothamcity_tex,71,GC_Footprint_GC_floor_TH_refl.tga,52863078,174828,bin,f560b1c6dcd40b80
l_gothamcity_tex,72,GC_Footprint_GC_stuff_T.tga,53037906,699116,bin,331dbe096879c7d3
l_gothamcity_tex,73,GC_Footprint_GC_windows_T.tga,53737022,174828,bin,f560b1c6dcd40b80
l_gothamcity_tex,74,GC_Footprint_GC_windows_T_refl.tga,53911850,43756,bin,651bf819537ffd6d
l_gothamcity_tex,75,GC_footprint_GC_zebra_T.tga,53955606,174828,bin,f560b1c6dcd40b80
l_gothamcity_tex,76,GC_Footprint_IC.tga,54130434,699116,bin,331dbe096879c7d3
l_gothamcity_tex,77,GC_Footprint_LB_Cinema.tga,54829550,699116,bin,331dbe096879c7d3
l_gothamcity_tex,78,GC_Footprint_LB_Cinema_Refl.tga,55528666,174828,bin,f560b1c6dcd40b80
l_gothamcity_tex,79,GC_Footprint_LPOL_ConcreteTile.tga,55703494,174828,bin,f560b1c6dcd40b80
l_gothamcity_tex,80,GC_Footprint_LPOL_FenceTile.tga,55878322,55040,bin,cf354a2a79349510
l_gothamcity_tex,81,GC_Footprint_LPOL_GroundTile.tga,55933362,43756,bin,651bf819537ffd6d
l_gothamcity_tex,82,GC_Footprint_LPOL_PropsAtlas.tga,55977118,699116,bin,331dbe096879c7d3
l_gothamcity_tex,83,GC_Footprint_LPOL_Refl.tga,56676234,174828,bin,f560b1c6dcd40b80
l_gothamcity_tex,84,GC_Footprint_STD_alpha_T.tga,56851062,218880,bin,c8c77cec4d0c7aca
l_gothamcity_tex,85,GC_Footprint_STD_Asphalt_T.tga,57069942,174828,bin,f560b1c6dcd40b80
l_gothamcity_tex,86,GC_Footprint_STD_Asphalt_T_NRM.tga,57244770,43756,bin,651bf819537ffd6d
l_gothamcity_tex,87,GC_Footprint_STD_chairs_00_T.tga,57288526,174828,bin,f560b1c6dcd40b80
l_gothamcity_tex,88,GC_Footprint_STD_chairs_01_T.tga,57463354,174828,bin,f560b1c6dcd40b80
l_gothamcity_tex,89,GC_Footprint_STD_Net_T.tga,57638182,55040,bin,c8c77cec4d0c7aca
l_gothamcity_tex,90,GC_Footprint_STD_stuff_TH.tga,57693222,2796268,bin,8939a55be3e7e1ba
l_gothamcity_tex,91,GC_Footprint_STD_WhiteAsphalt_T.tga,60489490,43756,bin,651bf819537ffd6d
l_gothamcity_tex,92,GC_footprint_VA_BAR.tga,60533246,699116,bin,331dbe096879c7d3
l_gothamcity_tex,93,GC_footprint_VA_BAR_Refl.tga,61232362,174828,bin,f560b1c6dcd40b80
l_gothamcity_tex,94,GC_Footprint_VA_Emissive.tga,61407190,699116,bin,331dbe096879c7d3
l_gothamcity_tex,95,GC_Footprint_VC_Emissive.tga,62106306,699116,bin,331dbe096879c7d3
l_gothamcity_tex,96,GC_Footprint_VD_Buildings.tga,62805422,699116,bin,331dbe096879c7d3
l_gothamcity_tex,97,GC_Footprint_VD_Buildings_2.tga,63504538,699116,bin,331dbe096879c7d3
l_gothamcity_tex,98,GC_Footprint_VD_Buildings_2_Refl.tga,64203654,43756,bin,651bf819537ffd6d
l_gothamcity_tex,99,GC_Footprint_VD_Buildings_3.tga,64247410,699116,bin,331dbe096879c7d3
l_gothamcity_tex,100,GC_Footprint_VD_Buildings_3_Refl.tga,64946526,43756,bin,651bf819537ffd6d
l_gothamcity_tex,101,GC_Footprint_VD_Buildings_Refl.tga,64990282,43756,bin,651bf819537ffd6d
l_gothamcity_tex,102,GC_Footprint_VD_Fence.tga,65034038,55040,bin,c960e0968ae9341e
l_gothamcity_tex,103,GC_Footprint_VD_Floor.tga,65089078,174828,bin,f560b1c6dcd40b80
l_gothamcity_tex,104,GC_Footprint_VD_Floor_2.tga,65263906,174828,bin,f560b1c6dcd40b80
l_gothamcity_tex,105,GC_Footprint_VD_Floor_2_NRM.tga,65438734,43756,bin,651bf819537ffd6d
l_gothamcity_tex,106,GC_Footprint_VD_Floor_NRM.tga,65482490,43756,bin,651bf819537ffd6d
l_gothamcity_tex,107,GC_Footprint_VD_Items.tga,65526246,2796268,bin,8939a55be3e7e1ba
l_gothamcity_tex,108,GC_footprint_Vpow_furnal.tga,68322514,699116,bin,331dbe096879c7d3
l_gothamcity_tex,109,GC_footprint_Vpow_Pipe.tga,69021630,43756,bin,651bf819537ffd6d
l_gothamcity_tex,110,GC_Glass_Building.tga,69065386,174828,bin,f560b1c6dcd40b80
l_gothamcity_tex,111,GC_Glass_Building_Refl.tga,69240214,43756,bin,651bf819537ffd6d
l_gothamcity_tex,112,GC_IndustrialProps.tga,69283970,174828,bin,f560b1c6dcd40b80
l_gothamcity_tex,113,GC_Island1_LongDist_Low.tga,69458798,2796268,bin,8939a55be3e7e1ba
l_gothamcity_tex,114,GC_Island2_LongDist_low.tga,72255066,2796268,bin,8939a55be3e7e1ba
l_gothamcity_tex,115,GC_LongDist_Island1_FP1.tga,75051334,3495680,bin,beee0da8fe4ec85c
l_gothamcity_tex,116,GC_LongDist_Island1_FP2.tga,78547014,3495680,bin,c6ebd7cc865f607f
l_gothamcity_tex,117,GC_LongDist_Island1_FP3.tga,82042694,3495680,bin,88de9bf232103cf0
l_gothamcity_tex,118,GC_LongDist_Island1_Roads.tga,85538374,3495680,bin,88de9bf232103cf0
l_gothamcity_tex,119,GC_LongDist_Island2_FP1.tga,89034054,3495680,bin,82a340eeb6640b74
l_gothamcity_tex,120,GC_LongDist_Island2_FP2.tga,92529734,3495680,bin,10a3b5cd84683f68
l_gothamcity_tex,121,GC_LongDist_Island2_FP3.tga,96025414,3495680,bin,4d433938dd503c69
l_gothamcity_tex,122,GC_LongDist_Island2_Roads.tga,99521094,2796268,bin,8939a55be3e7e1ba
l_gothamcity_tex,123,GC_Park_atlas_props.tga,102317362,2796268,bin,8939a55be3e7e1ba
l_gothamcity_tex,124,GC_Park_atlas_tiles.tga,105113630,699116,bin,331dbe096879c7d3
l_gothamcity_tex,125,GC_Park_atlas_tiles_Refl.tga,105812746,174828,bin,f560b1c6dcd40b80
l_gothamcity_tex,126,GC_Park_bigprops.tga,105987574,699116,bin,331dbe096879c7d3
l_gothamcity_tex,127,GC_Park_dirt.tga,106686690,174828,bin,f560b1c6dcd40b80
l_gothamcity_tex,128,GC_Park_grass.tga,106861518,174828,bin,f560b1c6dcd40b80
l_gothamcity_tex,129,GC_Park_props.tga,107036346,699116,bin,331dbe096879c7d3
l_gothamcity_tex,130,GC_Park_Rock.tga,107735462,174828,bin,f560b1c6dcd40b80
l_gothamcity_tex,131,GC_Park_statue.tga,107910290,174828,bin,f560b1c6dcd40b80
l_gothamcity_tex,132,GC_Park_statue_NRM.tga,108085118,43756,bin,651bf819537ffd6d
l_gothamcity_tex,133,GC_Park_water.tga,108128874,174828,bin,f560b1c6dcd40b80
l_gothamcity_tex,134,GC_Props_Gotham_Spotlight.tga,108303702,174828,bin,f560b1c6dcd40b80
l_gothamcity_tex,135,GC_Railway_Station.tga,108478530,699116,bin,331dbe096879c7d3
l_gothamcity_tex,136,GC_Railway_Station_Refl.tga,109177646,43756,bin,651bf819537ffd6d
l_gothamcity_tex,137,GC_Refl_Test.tga,109221402,174828,bin,f560b1c6dcd40b80
l_gothamcity_tex,138,GC_Refl_Test_Refl.tga,109396230,174828,bin,f560b1c6dcd40b80
l_gothamcity_tex,139,GC_Residential_BD_01_Door_01.tga,109571058,174828,bin,f560b1c6dcd40b80
l_gothamcity_tex,140,GC_Residential_BD_01_Door_01_Refl.tga,109745886,174828,bin,f560b1c6dcd40b80
l_gothamcity_tex,141,GC_Residential_BD_01_Roof_01.tga,109920714,174828,bin,f560b1c6dcd40b80
l_gothamcity_tex,142,GC_Residential_BD_01_Windows_01.tga,110095542,174828,bin,f560b1c6dcd40b80
l_gothamcity_tex,143,GC_Residential_BD_01_Windows_01_Refl.tga,110270370,43756,bin,651bf819537ffd6d
l_gothamcity_tex,144,GC_Residential_BD_01_Windows_02_Refl.tga,110314126,43756,bin,651bf819537ffd6d
l_gothamcity_tex,145,GC_Residential_BD_01_Windows_02_v.tga,110357882,174828,bin,f560b1c6dcd40b80
l_gothamcity_tex,146,GC_Residential_BD_01_Windows_03.tga,110532710,174828,bin,f560b1c6dcd40b80
l_gothamcity_tex,147,GC_Residential_BD_01_Windows_03_Refl.tga,110707538,43756,bin,651bf819537ffd6d
l_gothamcity_tex,148,GC_Residential_BD_01_Windows_04.tga,110751294,43756,bin,651bf819537ffd6d
l_gothamcity_tex,149,GC_Residential_BD_01_Windows_04_Refl.tga,110795050,43756,bin,651bf819537ffd6d
l_gothamcity_tex,150,GC_Residential_BD_02_Shop.tga,110838806,174828,bin,f560b1c6dcd40b80
l_gothamcity_tex,151,GC_Residential_BD_02_Shop_Refl.tga,111013634,43756,bin,651bf819537ffd6d
l_gothamcity_tex,152,GC_Residential_BD_03_details_01.tga,111057390,2796268,bin,8939a55be3e7e1ba
l_gothamcity_tex,153,GC_Residential_BD_03_details_01_rfl.tga,113853658,174828,bin,f560b1c6dcd40b80
l_gothamcity_tex,154,GC_Residential_BD_03_roof_01.tga,114028486,174828,bin,f560b1c6dcd40b80
l_gothamcity_tex,155,GC_Residential_BD_03_roof_02.tga,114203314,174828,bin,f560b1c6dcd40b80
l_gothamcity_tex,156,GC_Residential_BD_03_wall_01.tga,114378142,174828,bin,f560b1c6dcd40b80
l_gothamcity_tex,157,GC_Residential_BD_03_wall_01_rfl.tga,114552970,43756,bin,651bf819537ffd6d
l_gothamcity_tex,158,GC_Residential_BD_03_wall_02_rfl.tga,114596726,43756,bin,651bf819537ffd6d
l_gothamcity_tex,159,GC_Residential_BD_03_wall_03.tga,114640482,174828,bin,f560b1c6dcd40b80
l_gothamcity_tex,160,GC_Residential_BD_03_wall_03_refl.tga,114815310,43756,bin,651bf819537ffd6d
l_gothamcity_tex,161,GC_Residential_BD_03_wall_04.tga,114859066,174828,bin,f560b1c6dcd40b80
l_gothamcity_tex,162,GC_Residential_BD_03_wall_04_rfl.tga,115033894,43756,bin,651bf819537ffd6d
l_gothamcity_tex,163,GC_Residential_BD_03_wall_05.tga,115077650,174828,bin,f560b1c6dcd40b80
l_gothamcity_tex,164,GC_Residential_BD_03_wall_05_rfl.tga,115252478,43756,bin,651bf819537ffd6d
l_gothamcity_tex,165,GC_Residential_BD_03_wall_06.tga,115296234,174828,bin,f560b1c6dcd40b80
l_gothamcity_tex,166,GC_Residential_BD_03_wall_06_rfl.tga,115471062,43756,bin,651bf819537ffd6d
l_gothamcity_tex,167,GC_Residential_BD_03_wall_07.tga,115514818,174828,bin,f560b1c6dcd40b80
l_gothamcity_tex,168,GC_Residential_BD_03_wall_07_rfl.tga,115689646,43756,bin,651bf819537ffd6d
l_gothamcity_tex,169,GC_Residential_BD_04_Door_02.tga,115733402,174828,bin,f560b1c6dcd40b80
l_gothamcity_tex,170,GC_Residential_BD_04_Door_02_Refl.tga,115908230,43756,bin,651bf819537ffd6d
l_gothamcity_tex,171,GC_Residential_BD_04_Door_03.tga,115951986,174828,bin,f560b1c6dcd40b80
l_gothamcity_tex,172,GC_Residential_BD_04_Door_03_Refl.tga,116126814,174828,bin,f560b1c6dcd40b80
l_gothamcity_tex,173,GC_Residential_BD_04_Roof_02.tga,116301642,43756,bin,651bf819537ffd6d
l_gothamcity_tex,174,GC_Residential_BD_04_Wall_02.tga,116345398,174828,bin,f560b1c6dcd40b80
l_gothamcity_tex,175,GC_Residential_BD_04_Windows_05_Refl.tga,116520226,43756,bin,651bf819537ffd6d
l_gothamcity_tex,176,GC_Residential_BD_04_Windows_05_v.tga,116563982,174828,bin,f560b1c6dcd40b80
l_gothamcity_tex,177,GC_Residential_BD_04_Windows_06.tga,116738810,174828,bin,f560b1c6dcd40b80
l_gothamcity_tex,178,GC_Residential_BD_04_Windows_06_Refl.tga,116913638,43756,bin,651bf819537ffd6d
l_gothamcity_tex,179,GC_Residential_Dinner_objects.tga,116957394,2796268,bin,8939a55be3e7e1ba
l_gothamcity_tex,180,GC_Residential_Dinner_objects_Refl.tga,119753662,174828,bin,f560b1c6dcd40b80
l_gothamcity_tex,181,GC_Residential_Props_Excavator.tga,119928490,174828,bin,f560b1c6dcd40b80
l_gothamcity_tex,182,GC_Residential_Props_Gotham_Spotlight_Emissive.tga,120103318,43756,bin,651bf819537ffd6d
l_gothamcity_tex,183,GC_Residential_Props_Locomotive.tga,120147074,174828,bin,f560b1c6dcd40b80
l_gothamcity_tex,184,GC_Residential_Props_Locomotive_Refl.tga,120321902,43756,bin,651bf819537ffd6d
l_gothamcity_tex,185,GC_Residential_Props_Monorail.tga,120365658,699116,bin,331dbe096879c7d3
l_gothamcity_tex,186,GC_Residential_Props_Monorail_Refl.tga,121064774,174828,bin,f560b1c6dcd40b80
l_gothamcity_tex,187,GC_Residential_Props_Railroad.tga,121239602,699116,bin,331dbe096879c7d3
l_gothamcity_tex,188,GC_Shop_Reflections.tga,121938718,174828,bin,f560b1c6dcd40b80
l_gothamcity_tex,189,GC_Statues_Atlas.tga,122113546,699116,bin,331dbe096879c7d3
l_gothamcity_tex,190,GC_Statues_Debris.tga,122812662,174828,bin,f560b1c6dcd40b80
l_gothamcity_tex,191,GC_Statues_Lion.tga,122987490,174828,bin,f560b1c6dcd40b80
l_gothamcity_tex,192,GC_StockExchange_Windows_Module_Refl.tga,123162318,43756,bin,651bf819537ffd6d
l_gothamcity_tex,193,GC_SXC_Atlas.tga,123206074,699116,bin,331dbe096879c7d3
l_gothamcity_tex,194,GC_SXC_Atlas2.tga,123905190,699116,bin,331dbe096879c7d3
l_gothamcity_tex,195,GC_SXC_Atlas2_Refl.tga,124604306,43756,bin,651bf819537ffd6d
l_gothamcity_tex,196,GC_SXC_Atlas_Refl.tga,124648062,43756,bin,651bf819537ffd6d
l_gothamcity_tex,197,GC_SXC_Brick.tga,124691818,174828,bin,f560b1c6dcd40b80
l_gothamcity_tex,198,GC_SXC_Brick_01.tga,124866646,174828,bin,f560b1c6dcd40b80
l_gothamcity_tex,199,GC_SXC_Brick_01_Refl.tga,125041474,43756,bin,651bf819537ffd6d
l_gothamcity_tex,200,GC_SXC_Brick_02.tga,125085230,174828,bin,f560b1c6dcd40b80
l_gothamcity_tex,201,GC_SXC_grass.tga,125260058,174828,bin,f560b1c6dcd40b80
l_gothamcity_tex,202,GC_SXC_ground_tile.tga,125434886,174828,bin,f560b1c6dcd40b80
l_gothamcity_tex,203,GC_SXC_ground_tile_refl.tga,125609714,174828,bin,f560b1c6dcd40b80
l_gothamcity_tex,204,GC_SXC_hedge.tga,125784542,174828,bin,f560b1c6dcd40b80
l_gothamcity_tex,205,GC_SXC_Rooftop_ground.tga,125959370,174828,bin,f560b1c6dcd40b80
l_gothamcity_tex,206,GC_SXC_Rooftop_ground_NRM.tga,126134198,43756,bin,651bf819537ffd6d
l_gothamcity_tex,207,GC_SXC_tile.tga,126177954,174828,bin,f560b1c6dcd40b80
l_gothamcity_tex,208,GC_SXC_white.tga,126352782,174828,bin,f560b1c6dcd40b80
l_gothamcity_tex,209,GC_TallBuilding.tga,126527610,699116,bin,331dbe096879c7d3
l_gothamcity_tex,210,GC_TallBuilding_Refl.tga,127226726,43756,bin,651bf819537ffd6d
l_gothamcity_tex,211,GC_Truck_01.tga,127270482,174828,bin,f560b1c6dcd40b80
l_gothamcity_tex,212,GC_Truck_wheels_01.tga,127445310,10988,bin,92f226758a90bd1f
l_gothamcity_tex,213,GC_T_Bricks_01.tga,127456298,174828,bin,f560b1c6dcd40b80
l_gothamcity_tex,214,GC_T_Concrete_01.tga,127631126,174828,bin,f560b1c6dcd40b80
l_gothamcity_tex,215,GC_T_Concrete_01_NRM.tga,127805954,43756,bin,651bf819537ffd6d
l_gothamcity_tex,216,GC_T_Concrete_01_RoofRefl.tga,127849710,43756,bin,651bf819537ffd6d
l_gothamcity_tex,217,GC_T_Concrete_02.tga,127893466,174828,bin,f560b1c6dcd40b80
l_gothamcity_tex,218,GC_T_Concrete_02_NRM.tga,128068294,43756,bin,651bf819537ffd6d
l_gothamcity_tex,219,GC_T_Windows_03.tga,128112050,174828,bin,f560b1c6dcd40b80
l_gothamcity_tex,220,GC_T_Windows_03_Refl.tga,128286878,174828,bin,f560b1c6dcd40b80
l_gothamcity_tex,221,GC_VerticalFOG.tga,128461706,699116,bin,331dbe096879c7d3
l_gothamcity_tex,222,GC_VerticalFOG_IND.tga,129160822,174828,bin,f560b1c6dcd40b80
l_gothamcity_tex,223,GC_VerticalFOG_Island2.tga,129335650,174828,bin,f560b1c6dcd40b80
l_gothamcity_tex,224,GC_VPOW_Ground_Tile.tga,129510478,174828,bin,f560b1c6dcd40b80
l_gothamcity_tex,225,GC_VPOW_Ground_Tile_NRM.tga,129685306,43756,bin,651bf819537ffd6d
l_gothamcity_tex,226,GC_VPOW_Tiles.tga,129729062,2796268,bin,8939a55be3e7e1ba
l_gothamcity_tex,227,GC_VPOW_Tiles2.tga,132525330,699116,bin,331dbe096879c7d3
l_gothamcity_tex,228,GC_VPOW_Tiles_NRM.tga,133224446,174828,bin,f560b1c6dcd40b80
l_gothamcity_tex,229,GC_VRS_Reservoir.tga,133399274,2796268,bin,8939a55be3e7e1ba
l_gothamcity_tex,230,GC_Walls.tga,136195542,2796268,bin,8939a55be3e7e1ba
l_gothamcity_tex,231,GC_WhiteDummy.tga,138991810,748,bin,e36572cecc254289
l_gothamcity_tex,232,GC_Z1_Monument_Heroes.tga,138992558,174828,bin,f560b1c6dcd40b80
l_gothamcity_tex,233,GC_Z1_Monument_Heroes_NRM.tga,139167386,43756,bin,651bf819537ffd6d
l_gothamcity_tex,234,GC_Z1_Props_Rooftop.tga,139211142,2796268,bin,8939a55be3e7e1ba
l_gothamcity_tex,235,GC_Z1_Props_Rooftop_Alpha.tga,142007410,3495680,bin,1a0c7eed11d52f61
l_gothamcity_tex,236,GC_Z1_Props_Street.tga,145503090,2796268,bin,8939a55be3e7e1ba
l_gothamcity_tex,237,GC_Z1_Props_Street_Alpha.tga,148299358,3495680,bin,eb0b661046dbba2b
l_gothamcity_tex,238,GC_Z1_Shops_01.tga,151795038,2796268,bin,8939a55be3e7e1ba
l_gothamcity_tex,239,GC_Z1_Shops_01_Refl.tga,154591306,174828,bin,f560b1c6dcd40b80
l_gothamcity_tex,240,GC_Z1_Shops_02.tga,154766134,2796268,bin,8939a55be3e7e1ba
l_gothamcity_tex,241,GC_Z1_Shops_02_Refl.tga,157562402,174828,bin,f560b1c6dcd40b80
l_gothamcity_tex,242,GothamCity_asphalt_tile.tga,157737230,43756,bin,651bf819537ffd6d
l_gothamcity_tex,243,GothamCity_asphalt_tile_NRM.tga,157780986,43756,bin,651bf819537ffd6d
l_gothamcity_tex,244,GothamCity_bridge2.tga,157824742,174828,bin,f560b1c6dcd40b80
l_gothamcity_tex,245,gothamcity_roads_details.tga,157999570,174828,bin,f560b1c6dcd40b80
l_gothamcity_tex,246,GothamCity_Road_Crossings_Island_1.tga,158174398,2796268,bin,8939a55be3e7e1ba
l_gothamcity_tex,247,GothamCity_Road_Crossings_Island_2.tga,160970666,2796268,bin,8939a55be3e7e1ba
l_gothamcity_tex,248,GothamCity_Road_Crossings_NRM.tga,163766934,699116,bin,331dbe096879c7d3
l_gothamcity_tex,249,GothamCity_Road_Island_2.tga,164466050,2796268,bin,8939a55be3e7e1ba
l_gothamcity_tex,250,GothamCity_Road_Island_2_nrm.tga,167262318,699116,bin,331dbe096879c7d3
l_gothamcity_tex,251,GothamCity_Road_v1_Island_1.tga,167961434,2796268,bin,8939a55be3e7e1ba
l_gothamcity_tex,252,GothamCity_Road_v2_Island_1.tga,170757702,2796268,bin,8939a55be3e7e1ba
l_gothamcity_tex,253,GothamCity_Road_v2_Island_2.tga,173553970,2796268,bin,8939a55be3e7e1ba
l_gothamcity_tex,254,GothamCity_Road_v2_NRM.tga,176350238,699116,bin,331dbe096879c7d3
l_gothamcity_tex,255,GothamCity_Road_v3_NRM.tga,177049354,699116,bin,331dbe096879c7d3
l_gothamcity_tex,256,GothamCity_sand_tile.tga,177748470,43756,bin,651bf819537ffd6d
l_gothamcity_tex,257,Gotham_City_map.tga,177792226,174828,bin,f560b1c6dcd40b80
l_gothamcity_tex,258,grey_lightmap.tga,177967054,108,bin,510c45aa939c4f79
l_gothamcity_tex,259,HC_Prop_BillboardRoof_01.tga,177967162,2796268,bin,8939a55be3e7e1ba
l_gothamcity_tex,260,HC_Prop_BillboardRoof_01_Emissive.tga,180763430,174828,bin,f560b1c6dcd40b80
l_gothamcity_tex,261,HC_Prop_BillboardRoof_01_Refl.tga,180938258,43756,bin,651bf819537ffd6d
l_gothamcity_tex,262,HC_Prop_BillboardRoof_02_Emissive.tga,180982014,174828,bin,f560b1c6dcd40b80
l_gothamcity_tex,263,HC_Prop_BillboardRoof_Industrial_01.tga,181156842,2796268,bin,8939a55be3e7e1ba
l_gothamcity_tex,264,HC_Prop_BillboardWallSmall_01_Emissive.tga,183953110,174828,bin,f560b1c6dcd40b80
l_gothamcity_tex,265,HC_Prop_BillboardWallTall_01_Emissive.tga,184127938,174828,bin,f560b1c6dcd40b80
l_gothamcity_tex,266,HC_Prop_BillboardWall_01_Emissive.tga,184302766,174828,bin,f560b1c6dcd40b80
l_gothamcity_tex,267,HC_Prop_Busstop_Ad_Emissive.tga,184477594,2796,bin,29be471391a77130
l_gothamcity_tex,268,Rooftop_ground.tga,184480390,174828,bin,f560b1c6dcd40b80
l_gothamcity_tex,269,Statuie_c.tga,184655218,174828,bin,f560b1c6dcd40b80
l_gothamcity_tex,270,Statuie_n.tga,184830046,43756,bin,651bf819537ffd6d
l_gothamcity_tex,271,storyboard_becoming_batman_1.tga,184873802,699116,bin,331dbe096879c7d3
l_gothamcity_tex,272,storyboard_becoming_batman_2.tga,185572918,699116,bin,331dbe096879c7d3
l_gothamcity_tex,273,storyboard_becoming_batman_3.tga,186272034,699116,bin,331dbe096879c7d3
l_gothamcity_tex,274,storyboard_becoming_batman_4.tga,186971150,699116,bin,331dbe096879c7d3
l_gothamcity_tex,275,storyboard_becoming_batman_5.tga,187670266,699116,bin,331dbe096879c7d3
l_gothamcity_tex,276,storyboard_becoming_batman_6.tga,188369382,699116,bin,331dbe096879c7d3
l_gothamcity_tex,277,storyboard_DealingWithSelina_01.tga,189068498,699116,bin,331dbe096879c7d3
l_gothamcity_tex,278,storyboard_DealingWithSelina_02.tga,189767614,699116,bin,331dbe096879c7d3
l_gothamcity_tex,279,storyboard_DealingWithSelina_03.tga,190466730,699116,bin,331dbe096879c7d3
l_gothamcity_tex,280,storyboard_DealingWithSelina_04.tga,191165846,699116,bin,331dbe096879c7d3
l_gothamcity_tex,281,storyboard_DealingWithSelina_05.tga,191864962,699116,bin,331dbe096879c7d3
l_gothamcity_tex,282,storyboard_GooseChase1.tga,192564078,699116,bin,331dbe096879c7d3
l_gothamcity_tex,283,storyboard_GooseChase2.tga,193263194,699116,bin,331dbe096879c7d3
l_gothamcity_tex,284,storyboard_GooseChase3.tga,193962310,699116,bin,331dbe096879c7d3
l_gothamcity_tex,285,storyboard_GooseChase4.tga,194661426,699116,bin,331dbe096879c7d3
l_gothamcity_tex,286,storyboard_saving_lucius_1.tga,195360542,699116,bin,331dbe096879c7d3
l_gothamcity_tex,287,storyboard_saving_lucius_2.tga,196059658,699116,bin,331dbe096879c7d3
l_gothamcity_tex,288,storyboard_saving_lucius_3.tga,196758774,699116,bin,331dbe096879c7d3
l_gothamcity_tex,289,storyboard_saving_lucius_4.tga,197457890,699116,bin,331dbe096879c7d3
l_gothamcity_tex,290,storyboard_saving_lucius_5.tga,198157006,699116,bin,331dbe096879c7d3
l_gothamcity_tex,291,testEnvMap.tga,198856122,43756,bin,651bf819537ffd6d
l_gothamcity_tex,292,testEnvMap_IND.tga,198899878,174828,bin,f560b1c6dcd40b80
l_gothamcity_tex,293,water.tga,199074706,174828,bin,f560b1c6dcd40b80
l_menu_tex,0,MM_BatSign.tga,508,699116,bin,331dbe096879c7d3
l_menu_tex,1,MM_BatSign2.tga,699624,699116,bin,331dbe096879c7d3
l_menu_tex,2,MM_City.tga,1398740,874240,bin,151d623811a2e45b
l_menu_tex,3,MM_City_Refl.tga,2272980,699116,bin,331dbe096879c7d3
l_menu_tex,4,MM_Lightmap0.tga,2972096,699116,bin,331dbe096879c7d3
l_menu_tex,5,MM_LightMapSampler.tga,3671212,748,bin,e36572cecc254289
l_menu_tex,6,MM_LM.tga,3671960,108,bin,510c45aa939c4f79
l_menu_tex,7,MM_Pit_sky.tga,3672068,174828,bin,f560b1c6dcd40b80
l_menu_tex,8,MM_refl.tga,3846896,43756,bin,651bf819537ffd6d
l_menu_tex,9,MM_Rocks_03.tga,3890652,2796268,bin,8939a55be3e7e1ba
l_menu_tex,10,MM_Rocks_03_mask.tga,6686920,2796268,bin,8939a55be3e7e1ba
l_menu_tex,11,MM_Rocks_04.tga,9483188,699116,bin,331dbe096879c7d3
l_menu_tex,12,MM_Rocks_04_bump.tga,10182304,699116,bin,331dbe096879c7d3
l_menu_tex,13,MM_Rocks_04_mask.tga,10881420,699116,bin,331dbe096879c7d3
l_menu_tex,14,MM_Rocks_Pit_LM.tga,11580536,2796268,bin,8939a55be3e7e1ba
l_military_tex,0,LightMapSampler.tga,2599,748,bin,e36572cecc254289
l_military_tex,1,MC_Alpha.tga,3347,218880,bin,08a8041f889e6eb4
l_military_tex,2,MC_Alpha2.tga,222227,218880,bin,08a8041f889e6eb4
l_military_tex,3,MC_Alpha2_mask.tga,441107,174828,bin,f560b1c6dcd40b80
l_military_tex,4,MC_Alpha3.tga,615935,218880,bin,fd894392f1e45a5e
l_military_tex,5,MC_Alpha3_mask.tga,834815,174828,bin,f560b1c6dcd40b80
l_military_tex,6,MC_Alpha_Metfloor.tga,1009643,174828,bin,f560b1c6dcd40b80
l_military_tex,7,MC_Asphalt01.tga,1184471,699116,bin,331dbe096879c7d3
l_military_tex,8,MC_Asphalt01_mask.tga,1883587,174828,bin,f560b1c6dcd40b80
l_military_tex,9,MC_Asphalt02.tga,2058415,699116,bin,331dbe096879c7d3
l_military_tex,10,MC_Asphalt02_mask.tga,2757531,174828,bin,f560b1c6dcd40b80
l_military_tex,11,MC_Atlas1.tga,2932359,699116,bin,331dbe096879c7d3
l_military_tex,12,MC_Atlas2.tga,3631475,699116,bin,331dbe096879c7d3
l_military_tex,13,MC_Atlas3.tga,4330591,174828,bin,f560b1c6dcd40b80
l_military_tex,14,MC_Beacon.tga,4505419,55040,bin,c1adb0d0e5448957
l_military_tex,15,MC_Burn.tga,4560459,55040,bin,1ee6bed301f7c418
l_military_tex,16,MC_Center_Wall.tga,4615499,174828,bin,f560b1c6dcd40b80
l_military_tex,17,MC_Center_Wall_b.tga,4790327,174828,bin,f560b1c6dcd40b80
l_military_tex,18,MC_Concrete_01.tga,4965155,699116,bin,331dbe096879c7d3
l_military_tex,19,MC_Concrete_01b.tga,5664271,699116,bin,331dbe096879c7d3
l_military_tex,20,MC_Concrete_01b_mask.tga,6363387,174828,bin,f560b1c6dcd40b80
l_military_tex,21,MC_Concrete_01_mask.tga,6538215,174828,bin,f560b1c6dcd40b80
l_military_tex,22,MC_Concrete_02.tga,6713043,699116,bin,331dbe096879c7d3
l_military_tex,23,MC_Concrete_02b.tga,7412159,699116,bin,331dbe096879c7d3
l_military_tex,24,MC_Concrete_02c.tga,8111275,174828,bin,f560b1c6dcd40b80
l_military_tex,25,MC_Concrete_02d.tga,8286103,699116,bin,331dbe096879c7d3
l_military_tex,26,MC_Concrete_02d_mask.tga,8985219,174828,bin,f560b1c6dcd40b80
l_military_tex,27,MC_Concrete_02e.tga,9160047,699116,bin,331dbe096879c7d3
l_military_tex,28,MC_Concrete_02e_mask.tga,9859163,174828,bin,f560b1c6dcd40b80
l_military_tex,29,MC_Concrete_02_mask.tga,10033991,174828,bin,f560b1c6dcd40b80
l_military_tex,30,MC_Concrete_03.tga,10208819,174828,bin,f560b1c6dcd40b80
l_military_tex,31,MC_Concrete_03_b.tga,10383647,174828,bin,f560b1c6dcd40b80
l_military_tex,32,MC_Concrete_03_b_mask.tga,10558475,174828,bin,f560b1c6dcd40b80
l_military_tex,33,MC_Concrete_03_mask.tga,10733303,174828,bin,f560b1c6dcd40b80
l_military_tex,34,MC_Concrete_04stripe.tga,10908131,174828,bin,f560b1c6dcd40b80
l_military_tex,35,MC_Concrete_Wall.tga,11082959,174828,bin,f560b1c6dcd40b80
l_military_tex,36,MC_Fog.tga,11257787,108,bin,510c45aa939c4f79
l_military_tex,37,MC_forklift.tga,11257895,174828,bin,f560b1c6dcd40b80
l_military_tex,38,MC_Grass.tga,11432723,174828,bin,f560b1c6dcd40b80
l_military_tex,39,MC_Heli.tga,11607551,174828,bin,f560b1c6dcd40b80
l_military_tex,40,MC_Hummer.tga,11782379,699116,bin,331dbe096879c7d3
l_military_tex,41,MC_Hummer_mask.tga,12481495,174828,bin,f560b1c6dcd40b80
l_military_tex,42,MC_Metal.tga,12656323,699116,bin,331dbe096879c7d3
l_military_tex,43,MC_Metalfloor.tga,13355439,174828,bin,f560b1c6dcd40b80
l_military_tex,44,MC_Metalfloor_mask.tga,13530267,174828,bin,f560b1c6dcd40b80
l_military_tex,45,MC_Metal_mask.tga,13705095,699116,bin,331dbe096879c7d3
l_military_tex,46,MC_Metal_wall_01.tga,14404211,174828,bin,f560b1c6dcd40b80
l_military_tex,47,MC_Metal_wall_01b.tga,14579039,174828,bin,f560b1c6dcd40b80
l_military_tex,48,MC_Metal_wall_03.tga,14753867,174828,bin,f560b1c6dcd40b80
l_military_tex,49,MC_Metal_wall_04.tga,14928695,174828,bin,f560b1c6dcd40b80
l_military_tex,50,MC_Metal_wall_04b.tga,15103523,174828,bin,f560b1c6dcd40b80
l_military_tex,51,MC_Met_Roof.tga,15278351,174828,bin,f560b1c6dcd40b80
l_military_tex,52,MC_Met_Roof_mask.tga,15453179,174828,bin,f560b1c6dcd40b80
l_military_tex,53,MC_NoTexture.tga,15628007,2796,bin,29be471391a77130
l_military_tex,54,MC_Raba.tga,15630803,174828,bin,f560b1c6dcd40b80
l_military_tex,55,MC_Raba_mask.tga,15805631,174828,bin,f560b1c6dcd40b80
l_military_tex,56,MC_refl_interior.tga,15980459,174828,bin,f560b1c6dcd40b80
l_military_tex,57,MC_Roof_01.tga,16155287,174828,bin,f560b1c6dcd40b80
l_military_tex,58,MC_Roof_02.tga,16330115,174828,bin,f560b1c6dcd40b80
l_military_tex,59,MC_Roof_02_mask.tga,16504943,174828,bin,f560b1c6dcd40b80
l_military_tex,60,MC_Saur.tga,16679771,174828,bin,f560b1c6dcd40b80
l_military_tex,61,MC_Scrap01.tga,16854599,218880,bin,1239cf1aaeceb0f1
l_military_tex,62,MC_Scrap01_mask.tga,17073479,174828,bin,f560b1c6dcd40b80
l_military_tex,63,MC_Scrap02.tga,17248307,218880,bin,1239cf1aaeceb0f1
l_military_tex,64,MC_Scrap02_mask.tga,17467187,174828,bin,f560b1c6dcd40b80
l_military_tex,65,MC_Shelter.tga,17642015,218880,bin,eb351803c153a348
l_military_tex,66,MC_Skybox.tga,17860895,2796268,bin,8939a55be3e7e1ba
l_military_tex,67,MC_water.tga,20657163,174828,bin,f560b1c6dcd40b80
l_military_tex,68,MC_water_mask.tga,20831991,174828,bin,f560b1c6dcd40b80
l_military_tex,69,Military_Complex_LM_01.tga,21006819,2796268,bin,8939a55be3e7e1ba
l_military_tex,70,Military_Complex_LM_02.tga,23803087,2796268,bin,8939a55be3e7e1ba
l_military_tex,71,Military_Complex_LM_03.tga,26599355,2796268,bin,8939a55be3e7e1ba
l_military_tex,72,Military_Complex_LM_04.tga,29395623,2796268,bin,8939a55be3e7e1ba
l_military_tex,73,Military_Complex_LM_05.tga,32191891,2796268,bin,8939a55be3e7e1ba
l_policestation_tex,0,GC_Policestation_Skybox.tga,1217,2796268,bin,8939a55be3e7e1ba
l_policestation_tex,1,police_add.tga,2797485,874240,bin,a5547dd8aeb19390
l_policestation_tex,2,police_add_mask.tga,3671725,699116,bin,331dbe096879c7d3
l_policestation_tex,3,police_allee.tga,4370841,174828,bin,f560b1c6dcd40b80
l_policestation_tex,4,police_allprops.tga,4545669,2796268,bin,8939a55be3e7e1ba
l_policestation_tex,5,police_allprops_mask.tga,7341937,2796268,bin,8939a55be3e7e1ba
l_policestation_tex,6,police_alphas.tga,10138205,874240,bin,5daa4bdf4eb2af55
l_policestation_tex,7,police_alphas2.tga,11012445,874240,bin,463c01b790eab1bb
l_policestation_tex,8,police_alphas_mask.tga,11886685,699116,bin,331dbe096879c7d3
l_policestation_tex,9,police_buildings.tga,12585801,2796268,bin,8939a55be3e7e1ba
l_policestation_tex,10,police_buildings_mask.tga,15382069,2796268,bin,8939a55be3e7e1ba
l_policestation_tex,11,police_carpet_tiles.tga,18178337,174828,bin,f560b1c6dcd40b80
l_policestation_tex,12,police_carpet_tiles_mask.tga,18353165,174828,bin,f560b1c6dcd40b80
l_policestation_tex,13,police_concrete.tga,18527993,2796268,bin,8939a55be3e7e1ba
l_policestation_tex,14,police_dirt.tga,21324261,174828,bin,f560b1c6dcd40b80
l_policestation_tex,15,police_exterior_tiles.tga,21499089,174828,bin,f560b1c6dcd40b80
l_policestation_tex,16,police_grass.tga,21673917,174828,bin,f560b1c6dcd40b80
l_policestation_tex,17,police_interior_walls.tga,21848745,699116,bin,331dbe096879c7d3
l_policestation_tex,18,police_interior_walls_mask.tga,22547861,699116,bin,331dbe096879c7d3
l_policestation_tex,19,police_lightmap.tga,23246977,2796268,bin,8939a55be3e7e1ba
l_policestation_tex,20,police_lightmap_exterior.tga,26043245,699116,bin,331dbe096879c7d3
l_policestation_tex,21,police_lightmap_low.tga,26742361,699116,bin,331dbe096879c7d3
l_policestation_tex,22,police_marble_tiles.tga,27441477,174828,bin,f560b1c6dcd40b80
l_policestation_tex,23,police_marble_tiles_mask.tga,27616305,174828,bin,f560b1c6dcd40b80
l_policestation_tex,24,police_parquet.tga,27791133,174828,bin,f560b1c6dcd40b80
l_policestation_tex,25,police_parquet_mask.tga,27965961,174828,bin,f560b1c6dcd40b80
l_policestation_tex,26,police_refl_interior.tga,28140789,174828,bin,f560b1c6dcd40b80
l_policestation_tex,27,police_vertical_fog.tga,28315617,108,bin,510c45aa939c4f79
l_policestation_tex,28,police_wall_textures.tga,28315725,2796268,bin,8939a55be3e7e1ba
l_policestation_tex,29,police_water.tga,31111993,174828,bin,f560b1c6dcd40b80
l_policestation_tex,30,police_water_screen.tga,31286821,174828,bin,f560b1c6dcd40b80
l_stadion_tex,0,ST_alpha_TH.tga,801,218880,bin,64f0046328dee47a
l_stadion_tex,1,ST_chairsForLow.tga,219681,3495680,bin,eb9a16bc959b04e1
l_stadion_tex,2,ST_chairs_DIF_T_00.tga,3715361,174828,bin,f560b1c6dcd40b80
l_stadion_tex,3,ST_chairs_DIF_T_01.tga,3890189,174828,bin,f560b1c6dcd40b80
l_stadion_tex,4,ST_concreteWall_TH.tga,4065017,699116,bin,331dbe096879c7d3
l_stadion_tex,5,ST_concrete_T.tga,4764133,174828,bin,f560b1c6dcd40b80
l_stadion_tex,6,ST_concrete_TH.tga,4938961,2796268,bin,8939a55be3e7e1ba
l_stadion_tex,7,ST_debris_T.tga,7735229,43756,bin,651bf819537ffd6d
l_stadion_tex,8,ST_floor_TH.tga,7778985,699116,bin,331dbe096879c7d3
l_stadion_tex,9,ST_fog.tga,8478101,1280,bin,74a00ee0390d7d36
l_stadion_tex,10,ST_fragments_TH.tga,8479381,43756,bin,651bf819537ffd6d
l_stadion_tex,11,ST_grass_TH.tga,8523137,2796268,bin,8939a55be3e7e1ba
l_stadion_tex,12,ST_lightmap_bottom.tga,11319405,2796268,bin,8939a55be3e7e1ba
l_stadion_tex,13,ST_lightmap_ruins.tga,14115673,2796268,bin,8939a55be3e7e1ba
l_stadion_tex,14,ST_lightmap_top.tga,16911941,2796268,bin,8939a55be3e7e1ba
l_stadion_tex,15,ST_Net_T.tga,19708209,55040,bin,bb7be5b9d12cd468
l_stadion_tex,16,ST_NeutralGrey.tga,19763249,748,bin,e36572cecc254289
l_stadion_tex,17,ST_orangeGround_T.tga,19763997,174828,bin,f560b1c6dcd40b80
l_stadion_tex,18,ST_skybox.tga,19938825,2796268,bin,8939a55be3e7e1ba
l_stadion_tex,19,ST_stadium_BottomTop_LongDist.tga,22735093,2796268,bin,8939a55be3e7e1ba
l_stadion_tex,20,ST_stadium_Ruins_LongDist.tga,25531361,2796268,bin,8939a55be3e7e1ba
l_stadion_tex,21,ST_wall_TH.tga,28327629,2796268,bin,8939a55be3e7e1ba
l_stockexchange_tex,0,Ceiling.tga,1405,174828,bin,f560b1c6dcd40b80
l_stockexchange_tex,1,Ceiling_Mask.tga,176233,174828,bin,f560b1c6dcd40b80
l_stockexchange_tex,2,Ceiling_Normal.tga,351061,2796268,bin,8939a55be3e7e1ba
l_stockexchange_tex,3,GC_StockExchange_Floor3.tga,3147329,174828,bin,f560b1c6dcd40b80
l_stockexchange_tex,4,GC_StockExchange_Floor3_Border.tga,3322157,43756,bin,651bf819537ffd6d
l_stockexchange_tex,5,GC_StockExchange_Floor3_Border_mask.tga,3365913,43756,bin,651bf819537ffd6d
l_stockexchange_tex,6,GC_StockExchange_Floor3_mask.tga,3409669,174828,bin,f560b1c6dcd40b80
l_stockexchange_tex,7,GC_StockExchange_rooms_LM.tga,3584497,2796268,bin,8939a55be3e7e1ba
l_stockexchange_tex,8,GC_StockExchange_Wall_Numbers.tga,6380765,174828,bin,f560b1c6dcd40b80
l_stockexchange_tex,9,GC_StockExchange_Wall_Numbers_Additive.tga,6555593,43756,bin,651bf819537ffd6d
l_stockexchange_tex,10,light_test01.tga,6599349,2796268,bin,8939a55be3e7e1ba
l_stockexchange_tex,11,light_test02.tga,9395617,2796268,bin,8939a55be3e7e1ba
l_stockexchange_tex,12,SE_Alpha02.tga,12191885,874240,bin,03befcab30a4b572
l_stockexchange_tex,13,SE_Alpha02_M.tga,13066125,699116,bin,331dbe096879c7d3
l_stockexchange_tex,14,SE_alpha_01.tga,13765241,874240,bin,7e9b7556cf184136
l_stockexchange_tex,15,SE_Atlas1.tga,14639481,699116,bin,331dbe096879c7d3
l_stockexchange_tex,16,SE_Atlas2.tga,15338597,699116,bin,331dbe096879c7d3
l_stockexchange_tex,17,SE_Atlas3.tga,16037713,699116,bin,331dbe096879c7d3
l_stockexchange_tex,18,SE_Atlas3_M.tga,16736829,699116,bin,331dbe096879c7d3
l_stockexchange_tex,19,SE_Atlas4.tga,17435945,699116,bin,331dbe096879c7d3
l_stockexchange_tex,20,SE_Atlas5.tga,18135061,699116,bin,331dbe096879c7d3
l_stockexchange_tex,21,SE_Atlas6.tga,18834177,699116,bin,331dbe096879c7d3
l_stockexchange_tex,22,se_Atlas7.tga,19533293,699116,bin,331dbe096879c7d3
l_stockexchange_tex,23,se_Atlas7_var1.tga,20232409,699116,bin,331dbe096879c7d3
l_stockexchange_tex,24,SE_Atlas8.tga,20931525,699116,bin,331dbe096879c7d3
l_stockexchange_tex,25,SE_Atlas_1_M.tga,21630641,699116,bin,331dbe096879c7d3
l_stockexchange_tex,26,SE_Exterior.tga,22329757,2796268,bin,8939a55be3e7e1ba
l_stockexchange_tex,27,SE_FakeGotham.tga,25126025,174828,bin,f560b1c6dcd40b80
l_stockexchange_tex,28,SE_FakeInterior.tga,25300853,174828,bin,f560b1c6dcd40b80
l_stockexchange_tex,29,SE_Skybox.tga,25475681,699116,bin,331dbe096879c7d3
l_stockexchange_tex,30,SE_water.tga,26174797,174828,bin,f560b1c6dcd40b80
l_stockexchange_tex,31,SE_water_M.tga,26349625,174828,bin,f560b1c6dcd40b80
l_stockexchange_tex,32,SE_water_N.tga,26524453,174828,bin,f560b1c6dcd40b80
l_stockexchange_tex,33,SE_woods.tga,26699281,699116,bin,331dbe096879c7d3
l_stockexchange_tex,34,SE_woods_M.tga,27398397,699116,bin,331dbe096879c7d3
l_stockexchange_tex,35,SF_refl_interior.tga,28097513,174828,bin,f560b1c6dcd40b80
l_stockexchange_tex,36,SF_refl_interior4.tga,28272341,174828,bin,f560b1c6dcd40b80
l_stockexchange_tex,37,SF_refl_interior_2.tga,28447169,43756,bin,651bf819537ffd6d
l_stockexchange_tex,38,SF_refl_interior_3.tga,28490925,10988,bin,92f226758a90bd1f
l_thepit_tex,0,Air_Duct.tga,5706,218880,bin,d8efa9312353bc7b
l_thepit_tex,1,Air_Duct_Mask.tga,224586,174828,bin,f560b1c6dcd40b80
l_thepit_tex,2,Bec.tga,399414,174828,bin,f560b1c6dcd40b80
l_thepit_tex,3,Bec_Mask.tga,574242,174828,bin,f560b1c6dcd40b80
l_thepit_tex,4,CableRoller.tga,749070,174828,bin,f560b1c6dcd40b80
l_thepit_tex,5,CardboardBox.tga,923898,174828,bin,f560b1c6dcd40b80
l_thepit_tex,6,Crate.tga,1098726,174828,bin,f560b1c6dcd40b80
l_thepit_tex,7,Crate_Mask.tga,1273554,174828,bin,f560b1c6dcd40b80
l_thepit_tex,8,Fence.tga,1448382,218880,bin,c9006b3045cc2b25
l_thepit_tex,9,Fence_Mask.tga,1667262,218880,bin,06705f6c8fb0ab63
l_thepit_tex,10,Floor3.tga,1886142,174828,bin,f560b1c6dcd40b80
l_thepit_tex,11,GC_Residential_Props_Platform.tga,2060970,218880,bin,c9006b3045cc2b25
l_thepit_tex,12,GC_Residential_Props_Platform_Mask.tga,2279850,218880,bin,c9006b3045cc2b25
l_thepit_tex,13,GC_StockExchange_Dome.tga,2498730,218880,bin,c9006b3045cc2b25
l_thepit_tex,14,GC_StockExchange_Dome_Refl.tga,2717610,174828,bin,f560b1c6dcd40b80
l_thepit_tex,15,GC_StockExchange_glass.tga,2892438,874240,bin,82461d25da022922
l_thepit_tex,16,GC_StockExchange_glass_Exterior.tga,3766678,699116,bin,331dbe096879c7d3
l_thepit_tex,17,GC_StockExchange_glass_Refl.tga,4465794,699116,bin,331dbe096879c7d3
l_thepit_tex,18,GothamCity_Skybox_Night.tga,5164910,699116,bin,331dbe096879c7d3
l_thepit_tex,19,HQ_Ground_01.tga,5864026,174828,bin,f560b1c6dcd40b80
l_thepit_tex,20,HQ_Mud_01.tga,6038854,174828,bin,f560b1c6dcd40b80
l_thepit_tex,21,HQ_Props_01.tga,6213682,174828,bin,f560b1c6dcd40b80
l_thepit_tex,22,HQ_Props_01_ILL.tga,6388510,174828,bin,f560b1c6dcd40b80
l_thepit_tex,23,HQ_Props_02.tga,6563338,174828,bin,f560b1c6dcd40b80
l_thepit_tex,24,HQ_Props_02_ILL.tga,6738166,174828,bin,f560b1c6dcd40b80
l_thepit_tex,25,HQ_Rock_01.tga,6912994,174828,bin,f560b1c6dcd40b80
l_thepit_tex,26,HQ_Rock_01_Mask.tga,7087822,174828,bin,f560b1c6dcd40b80
l_thepit_tex,27,HQ_Scrap_01.tga,7262650,218880,bin,1e017f3a9186a274
l_thepit_tex,28,HQ_Scrap_02.tga,7481530,55040,bin,1e017f3a9186a274
l_thepit_tex,29,HQ_Wall_01.tga,7536570,699116,bin,331dbe096879c7d3
l_thepit_tex,30,HQ_Wall_01_dirt.tga,8235686,699116,bin,331dbe096879c7d3
l_thepit_tex,31,HQ_Wall_01_Mask.tga,8934802,699116,bin,331dbe096879c7d3
l_thepit_tex,32,MM_Rocks_04.tga,9633918,699116,bin,331dbe096879c7d3
l_thepit_tex,33,MM_Rocks_04_mask.tga,10333034,699116,bin,331dbe096879c7d3
l_thepit_tex,34,MM_Rocks_Pit_LM.tga,11032150,699116,bin,331dbe096879c7d3
l_thepit_tex,35,MM_Rocks_Pit_LM_Low.tga,11731266,174828,bin,f560b1c6dcd40b80
l_thepit_tex,36,PC_Cave_Rock.tga,11906094,174828,bin,f560b1c6dcd40b80
l_thepit_tex,37,PC_Cave_Rock_Mask.tga,12080922,174828,bin,f560b1c6dcd40b80
l_thepit_tex,38,Pipe.tga,12255750,174828,bin,f560b1c6dcd40b80
l_thepit_tex,39,Pipe_Mask.tga,12430578,174828,bin,f560b1c6dcd40b80
l_thepit_tex,40,Platform.tga,12605406,218880,bin,5fd096c696bac6ca
l_thepit_tex,41,Rock1.tga,12824286,174828,bin,f560b1c6dcd40b80
l_thepit_tex,42,Rock1_Mask.tga,12999114,174828,bin,f560b1c6dcd40b80
l_thepit_tex,43,Rock2.tga,13173942,174828,bin,f560b1c6dcd40b80
l_thepit_tex,44,Rock2_Mask.tga,13348770,174828,bin,f560b1c6dcd40b80
l_thepit_tex,45,Rock3.tga,13523598,174828,bin,f560b1c6dcd40b80
l_thepit_tex,46,Rock3_Mask.tga,13698426,174828,bin,f560b1c6dcd40b80
l_thepit_tex,47,Rock4.tga,13873254,2796268,bin,8939a55be3e7e1ba
l_thepit_tex,48,Rock4_Mask.tga,16669522,699116,bin,331dbe096879c7d3
l_thepit_tex,49,Rock5.tga,17368638,174828,bin,f560b1c6dcd40b80
l_thepit_tex,50,Room1_LM.tga,17543466,2796268,bin,8939a55be3e7e1ba
l_thepit_tex,51,Room1_LM_Low.tga,20339734,699116,bin,331dbe096879c7d3
l_thepit_tex,52,Room2_LM.tga,21038850,2796268,bin,8939a55be3e7e1ba
l_thepit_tex,53,Room2_LM_Low.tga,23835118,699116,bin,331dbe096879c7d3
l_thepit_tex,54,Room3_LM.tga,24534234,2796268,bin,8939a55be3e7e1ba
l_thepit_tex,55,Room3_LM_Low.tga,27330502,699116,bin,331dbe096879c7d3
l_thepit_tex,56,Room4_LM.tga,28029618,2796268,bin,8939a55be3e7e1ba
l_thepit_tex,57,Room4_LM_Low.tga,30825886,699116,bin,331dbe096879c7d3
l_thepit_tex,58,Room5_LM.tga,31525002,2796268,bin,8939a55be3e7e1ba
l_thepit_tex,59,Room5_LM_Low.tga,34321270,699116,bin,331dbe096879c7d3
l_thepit_tex,60,Room6_LM.tga,35020386,2796268,bin,8939a55be3e7e1ba
l_thepit_tex,61,Room6_LM_Low.tga,37816654,699116,bin,331dbe096879c7d3
l_thepit_tex,62,Room6_PitExit_LM.tga,38515770,174828,bin,f560b1c6dcd40b80
l_thepit_tex,63,SF_Refl2_TP.tga,38690598,174828,bin,f560b1c6dcd40b80
l_thepit_tex,64,SF_Refl3_TP.tga,38865426,174828,bin,f560b1c6dcd40b80
l_thepit_tex,65,SF_refl_interior.tga,39040254,174828,bin,f560b1c6dcd40b80
l_thepit_tex,66,SF_refl_interior4.tga,39215082,174828,bin,f560b1c6dcd40b80
l_thepit_tex,67,SF_refl_interior_2.tga,39389910,43756,bin,651bf819537ffd6d
l_thepit_tex,68,SF_refl_interior_3.tga,39433666,10988,bin,92f226758a90bd1f
l_thepit_tex,69,SF_Refl_TP.tga,39444654,174828,bin,f560b1c6dcd40b80
l_thepit_tex,70,Sign1.tga,39619482,174828,bin,f560b1c6dcd40b80
l_thepit_tex,71,SM_Room1.tga,39794310,43756,bin,651bf819537ffd6d
l_thepit_tex,72,SM_Room1_Hallway.tga,39838066,43756,bin,651bf819537ffd6d
l_thepit_tex,73,SM_Room1_Tunel.tga,39881822,43756,bin,651bf819537ffd6d
l_thepit_tex,74,storyboard_thepit_intro001.tga,39925578,874240,bin,c422ac2b4d049ae5
l_thepit_tex,75,storyboard_thepit_intro002.tga,40799818,874240,bin,c422ac2b4d049ae5
l_thepit_tex,76,storyboard_thepit_intro003.tga,41674058,874240,bin,c3e802a43d5ee774
l_thepit_tex,77,storyboard_thepit_intro004.tga,42548298,874240,bin,c3e802a43d5ee774
l_thepit_tex,78,storyboard_thepit_intro005.tga,43422538,874240,bin,7bc28eadd61800e0
l_thepit_tex,79,storyboard_thepit_intro006.tga,44296778,874240,bin,7bc28eadd61800e0
l_thepit_tex,80,storyboard_thepit_intro007.tga,45171018,874240,bin,18d21824054800e6
l_thepit_tex,81,storyboard_thepit_intro008.tga,46045258,874240,bin,18d21824054800e6
l_thepit_tex,82,storyboard_thepit_intro009.tga,46919498,874240,bin,f28b2ac7bd1db936
l_thepit_tex,83,ThePit_Skybox.tga,47793738,699116,bin,331dbe096879c7d3
l_thepit_tex,84,TP_BatmanDiffuse.tga,48492854,174828,bin,f560b1c6dcd40b80
l_thepit_tex,85,Tp_BecAdditive.tga,48667682,43756,bin,651bf819537ffd6d
l_thepit_tex,86,TP_Boiler.tga,48711438,174828,bin,f560b1c6dcd40b80
l_thepit_tex,87,TP_Boiler_Mask.tga,48886266,174828,bin,f560b1c6dcd40b80
l_thepit_tex,88,TP_CableTileTexture.tga,49061094,43756,bin,651bf819537ffd6d
l_thepit_tex,89,TP_Carut.tga,49104850,174828,bin,f560b1c6dcd40b80
l_thepit_tex,90,TP_caveground.tga,49279678,174828,bin,f560b1c6dcd40b80
l_thepit_tex,91,TP_caveground2.tga,49454506,174828,bin,f560b1c6dcd40b80
l_thepit_tex,92,TP_caveground2_Mask.tga,49629334,174828,bin,f560b1c6dcd40b80
l_thepit_tex,93,TP_caveground_mud.tga,49804162,174828,bin,f560b1c6dcd40b80
l_thepit_tex,94,TP_Chains.tga,49978990,174828,bin,f560b1c6dcd40b80
l_thepit_tex,95,TP_Chains_Mask.tga,50153818,174828,bin,f560b1c6dcd40b80
l_thepit_tex,96,TP_Commons.tga,50328646,174828,bin,f560b1c6dcd40b80
l_thepit_tex,97,TP_Commons_Mask.tga,50503474,174828,bin,f560b1c6dcd40b80
l_thepit_tex,98,TP_Corona1.tga,50678302,43756,bin,651bf819537ffd6d
l_thepit_tex,99,TP_Dulap.tga,50722058,174828,bin,f560b1c6dcd40b80
l_thepit_tex,100,TP_Dulap2.tga,50896886,174828,bin,f560b1c6dcd40b80
l_thepit_tex,101,TP_Dust.tga,51071714,174828,bin,f560b1c6dcd40b80
l_thepit_tex,102,TP_Dust_Flakes.tga,51246542,218880,bin,c1e6a642cc9e028c
l_thepit_tex,103,TP_Emergency_Door.tga,51465422,699116,bin,331dbe096879c7d3
l_thepit_tex,104,TP_Floor.tga,52164538,174828,bin,f560b1c6dcd40b80
l_thepit_tex,105,TP_Floor2.tga,52339366,174828,bin,f560b1c6dcd40b80
l_thepit_tex,106,TP_Floor2_Puddle.tga,52514194,174828,bin,f560b1c6dcd40b80
l_thepit_tex,107,Tp_Floor4.tga,52689022,174828,bin,f560b1c6dcd40b80
l_thepit_tex,108,Tp_Floor4_Decal.tga,52863850,174828,bin,f560b1c6dcd40b80
l_thepit_tex,109,Tp_Floor4_Mask.tga,53038678,174828,bin,f560b1c6dcd40b80
l_thepit_tex,110,TP_Fog.tga,53213506,108,bin,510c45aa939c4f79
l_thepit_tex,111,TP_MaintenanceFloor.tga,53213614,174828,bin,f560b1c6dcd40b80
l_thepit_tex,112,TP_Maintenance_Wall.tga,53388442,174828,bin,f560b1c6dcd40b80
l_thepit_tex,113,TP_MetalBars.tga,53563270,174828,bin,f560b1c6dcd40b80
l_thepit_tex,114,TP_MetalFloor.tga,53738098,174828,bin,f560b1c6dcd40b80
l_thepit_tex,115,TP_MetalFloor_Mask.tga,53912926,174828,bin,f560b1c6dcd40b80
l_thepit_tex,116,TP_Neon.tga,54087754,174828,bin,f560b1c6dcd40b80
l_thepit_tex,117,TP_Neon_Additive.tga,54262582,174828,bin,f560b1c6dcd40b80
l_thepit_tex,118,TP_Neon_Additive2.tga,54437410,174828,bin,f560b1c6dcd40b80
l_thepit_tex,119,TP_NoTexture.tga,54612238,2796,bin,29be471391a77130
l_thepit_tex,120,TP_Pipe.tga,54615034,174828,bin,f560b1c6dcd40b80
l_thepit_tex,121,TP_Pipe_Mask.tga,54789862,174828,bin,f560b1c6dcd40b80
l_thepit_tex,122,TP_Pipe_Support.tga,54964690,174828,bin,f560b1c6dcd40b80
l_thepit_tex,123,TP_Plate.tga,55139518,699116,bin,331dbe096879c7d3
l_thepit_tex,124,TP_Plate_Mask.tga,55838634,174828,bin,f560b1c6dcd40b80
l_thepit_tex,125,TP_PowerDrain.tga,56013462,699116,bin,331dbe096879c7d3
l_thepit_tex,126,TP_PowerDrain1.tga,56712578,699116,bin,331dbe096879c7d3
l_thepit_tex,127,TP_PowerDrain1_Mask.tga,57411694,699116,bin,331dbe096879c7d3
l_thepit_tex,128,TP_PowerDrain_Mask.tga,58110810,699116,bin,331dbe096879c7d3
l_thepit_tex,129,TP_Railorad.tga,58809926,174828,bin,f560b1c6dcd40b80
l_thepit_tex,130,TP_refl_interior.tga,58984754,174828,bin,f560b1c6dcd40b80
l_thepit_tex,131,TP_Room3_Door.tga,59159582,174828,bin,f560b1c6dcd40b80
l_thepit_tex,132,TP_Room3_Door_Mask.tga,59334410,174828,bin,f560b1c6dcd40b80
l_thepit_tex,133,TP_Sand.tga,59509238,174828,bin,f560b1c6dcd40b80
l_thepit_tex,134,TP_Sand2.tga,59684066,174828,bin,f560b1c6dcd40b80
l_thepit_tex,135,TP_Sky.tga,59858894,174828,bin,f560b1c6dcd40b80
l_thepit_tex,136,TP_SkyBox.tga,60033722,699116,bin,331dbe096879c7d3
l_thepit_tex,137,TP_Smoke.tga,60732838,174828,bin,f560b1c6dcd40b80
l_thepit_tex,138,Tp_Stairs.tga,60907666,174828,bin,f560b1c6dcd40b80
l_thepit_tex,139,Tp_Stairs_Support.tga,61082494,174828,bin,f560b1c6dcd40b80
l_thepit_tex,140,TP_Train.tga,61257322,699116,bin,331dbe096879c7d3
l_thepit_tex,141,TP_Train_Mask.tga,61956438,174828,bin,f560b1c6dcd40b80
l_thepit_tex,142,TP_Train_Normals.tga,62131266,699116,bin,331dbe096879c7d3
l_thepit_tex,143,TP_vent.tga,62830382,174828,bin,f560b1c6dcd40b80
l_thepit_tex,144,TP_vent_Mask.tga,63005210,174828,bin,f560b1c6dcd40b80
l_thepit_tex,145,TP_vent_tube.tga,63180038,174828,bin,f560b1c6dcd40b80
l_thepit_tex,146,TP_vent_tube_Mask.tga,63354866,174828,bin,f560b1c6dcd40b80
l_thepit_tex,147,Tp_Wall.tga,63529694,174828,bin,f560b1c6dcd40b80
l_thepit_tex,148,Tp_Wall2.tga,63704522,174828,bin,f560b1c6dcd40b80
l_thepit_tex,149,Tp_Wall2_Mask.tga,63879350,174828,bin,f560b1c6dcd40b80
l_thepit_tex,150,Tp_Wall2_Normal.tga,64054178,174828,bin,f560b1c6dcd40b80
l_thepit_tex,151,Tp_Wall3.tga,64229006,174828,bin,f560b1c6dcd40b80
l_thepit_tex,152,Tp_Wall_Assets.tga,64403834,174828,bin,f560b1c6dcd40b80
l_thepit_tex,153,Tp_Wall_Assets2.tga,64578662,174828,bin,f560b1c6dcd40b80
l_thepit_tex,154,Tp_Wall_Assets2_Decal.tga,64753490,174828,bin,f560b1c6dcd40b80
l_thepit_tex,155,Tp_Wall_Assets2_Decal2.tga,64928318,174828,bin,f560b1c6dcd40b80
l_thepit_tex,156,Tp_Wall_Assets3.tga,65103146,174828,bin,f560b1c6dcd40b80
l_thepit_tex,157,Tp_Wall_Assets3_Mask.tga,65277974,174828,bin,f560b1c6dcd40b80
l_thepit_tex,158,Tp_Wall_Decal.tga,65452802,174828,bin,f560b1c6dcd40b80
l_thepit_tex,159,Tp_Wall_Mask.tga,65627630,174828,bin,f560b1c6dcd40b80
l_thepit_tex,160,TP_waterfall.tga,65802458,174828,bin,f560b1c6dcd40b80
l_thepit_tex,161,TP_waterfall_02.tga,65977286,218880,bin,2926cf95e73416d0
l_thepit_tex,162,TP_wood.tga,66196166,174828,bin,f560b1c6dcd40b80
l_thepit_tex,163,water.tga,66370994,174828,bin,f560b1c6dcd40b80
l_thepit_tex,164,Water_Room1.tga,66545822,174828,bin,f560b1c6dcd40b80
l_thepit_tex,165,WM_NoTexture.tga,66720650,2796,bin,29be471391a77130
l_underground_tex,0,storyboard_underground_01.tga,2515,699116,bin,331dbe096879c7d3
l_underground_tex,1,storyboard_underground_02.tga,701631,699116,bin,331dbe096879c7d3
l_underground_tex,2,storyboard_underground_03.tga,1400747,699116,bin,331dbe096879c7d3
l_underground_tex,3,storyboard_underground_04.tga,2099863,699116,bin,331dbe096879c7d3
l_underground_tex,4,storyboard_underground_05.tga,2798979,699116,bin,331dbe096879c7d3
l_underground_tex,5,storyboard_underground_06.tga,3498095,699116,bin,331dbe096879c7d3
l_underground_tex,6,underground_alphas.tga,4197211,874240,bin,5535de685d5d6b36
l_underground_tex,7,underground_alphas2.tga,5071451,874240,bin,5535de685d5d6b36
l_underground_tex,8,underground_alphas_mask.tga,5945691,699116,bin,331dbe096879c7d3
l_underground_tex,9,underground_black_sealing.tga,6644807,699116,bin,331dbe096879c7d3
l_underground_tex,10,underground_concrete_lab.tga,7343923,699116,bin,331dbe096879c7d3
l_underground_tex,11,underground_concrete_lab_mask.tga,8043039,699116,bin,331dbe096879c7d3
l_underground_tex,12,underground_diamond_plate.tga,8742155,174828,bin,f560b1c6dcd40b80
l_underground_tex,13,underground_diamond_plate_mask.tga,8916983,174828,bin,f560b1c6dcd40b80
l_underground_tex,14,underground_floor.tga,9091811,174828,bin,f560b1c6dcd40b80
l_underground_tex,15,underground_floor_mask.tga,9266639,174828,bin,f560b1c6dcd40b80
l_underground_tex,16,underground_lightmap.tga,9441467,2796268,bin,8939a55be3e7e1ba
l_underground_tex,17,underground_metal_walls.tga,12237735,699116,bin,331dbe096879c7d3
l_underground_tex,18,underground_metal_walls_mask.tga,12936851,699116,bin,331dbe096879c7d3
l_underground_tex,19,underground_otherprops.tga,13635967,2796268,bin,8939a55be3e7e1ba
l_underground_tex,20,underground_passarell.tga,16432235,699116,bin,331dbe096879c7d3
l_underground_tex,21,underground_passarell_mask.tga,17131351,699116,bin,331dbe096879c7d3
l_underground_tex,22,underground_peron.tga,17830467,699116,bin,331dbe096879c7d3
l_underground_tex,23,underground_peron_mask.tga,18529583,699116,bin,331dbe096879c7d3
l_underground_tex,24,underground_peron_mask2.tga,19228699,699116,bin,331dbe096879c7d3
l_underground_tex,25,underground_peron_puddle.tga,19927815,699116,bin,331dbe096879c7d3
l_underground_tex,26,underground_pipes.tga,20626931,174828,bin,f560b1c6dcd40b80
l_underground_tex,27,underground_pipes_mask.tga,20801759,174828,bin,f560b1c6dcd40b80
l_underground_tex,28,underground_pool.tga,20976587,174828,bin,f560b1c6dcd40b80
l_underground_tex,29,underground_pool_walls.tga,21151415,699116,bin,331dbe096879c7d3
l_underground_tex,30,underground_pool_walls_destroyed.tga,21850531,699116,bin,331dbe096879c7d3
l_underground_tex,31,underground_props.tga,22549647,2796268,bin,8939a55be3e7e1ba
l_underground_tex,32,underground_props_mask.tga,25345915,2796268,bin,8939a55be3e7e1ba
l_underground_tex,33,underground_props_parttwo.tga,28142183,2796268,bin,8939a55be3e7e1ba
l_underground_tex,34,underground_props_parttwo_mask.tga,30938451,2796268,bin,8939a55be3e7e1ba
l_underground_tex,35,underground_railroad.tga,33734719,174828,bin,f560b1c6dcd40b80
l_underground_tex,36,underground_railroad_mask.tga,33909547,174828,bin,f560b1c6dcd40b80
l_underground_tex,37,underground_rain.tga,34084375,174828,bin,f560b1c6dcd40b80
l_underground_tex,38,underground_refl_interior.tga,34259203,174828,bin,f560b1c6dcd40b80
l_underground_tex,39,underground_rock_walls.tga,34434031,174828,bin,f560b1c6dcd40b80
l_underground_tex,40,underground_rock_walls_mask.tga,34608859,174828,bin,f560b1c6dcd40b80
l_underground_tex,41,underground_ROOM02_lightmap.tga,34783687,2796268,bin,8939a55be3e7e1ba
l_underground_tex,42,underground_ROOM02_lightmap_low.tga,37579955,699116,bin,331dbe096879c7d3
l_underground_tex,43,underground_ROOM03_dark_lightmap.tga,38279071,2796268,bin,8939a55be3e7e1ba
l_underground_tex,44,underground_ROOM03_lightmap.tga,41075339,2796268,bin,8939a55be3e7e1ba
l_underground_tex,45,underground_ROOM04_lightmap.tga,43871607,2796268,bin,8939a55be3e7e1ba
l_underground_tex,46,underground_ROOM05_lightmap.tga,46667875,2796268,bin,8939a55be3e7e1ba
l_underground_tex,47,underground_skybox.tga,49464143,2796268,bin,8939a55be3e7e1ba
l_underground_tex,48,underground_small_props.tga,52260411,2796268,bin,8939a55be3e7e1ba
l_underground_tex,49,underground_ventanim_alpha.tga,55056679,218880,bin,95b38229dde7b393
l_underground_tex,50,underground_ventanim_fresnel.tga,55275559,174828,bin,f560b1c6dcd40b80
l_underground_tex,51,underground_vertical_fog.tga,55450387,108,bin,510c45aa939c4f79
l_underground_tex,52,underground_walltiles.tga,55450495,174828,bin,f560b1c6dcd40b80
l_underground_tex,53,underground_warning_light.tga,55625323,218880,bin,6aac5871b957dd14
l_underground_tex,54,underground_water.tga,55844203,174828,bin,f560b1c6dcd40b80
l_underground_tex,55,underground_water_screen.tga,56019031,174828,bin,f560b1c6dcd40b80
particlesystems_tex,0,bat.tga,230,14080,bin,bc733089c6e486e6
particlesystems_tex,1,FX_anim_6x6.tga,14310,874240,bin,f7dfaa68709ed96a
particlesystems_tex,2,FX_anim_newspaper_6x6.tga,888550,218880,bin,8a4f55a88ce7e5f7
particlesystems_tex,3,FX_particles_add.tga,1107430,699116,bin,331dbe096879c7d3
particlesystems_tex,4,FX_particles_alpha.tga,1806546,874240,bin,12b72e2f6949e462
particlesystems_tex,5,FX_particles_normal.tga,2680786,174828,bin,f560b1c6dcd40b80
vehicles_tex,0,20820_PoliceCarVan.PVRTC4.tga,2821,174828,bin,f560b1c6dcd40b80
vehicles_tex,1,20820_PoliceCarVan_mask.PVRTC4.tga,177649,43756,bin,651bf819537ffd6d
vehicles_tex,2,BanesVan_D.tga,221405,174828,bin,f560b1c6dcd40b80
vehicles_tex,3,BanesVan_D_exploded.tga,396233,174828,bin,f560b1c6dcd40b80
vehicles_tex,4,BanesVan_M.tga,571061,174828,bin,f560b1c6dcd40b80
vehicles_tex,5,BanesVan_M_exploded.tga,745889,174828,bin,f560b1c6dcd40b80
vehicles_tex,6,batPod_D.tga,920717,699116,bin,331dbe096879c7d3
vehicles_tex,7,batPod_M.tga,1619833,174828,bin,f560b1c6dcd40b80
vehicles_tex,8,Breaklight_Stop.tga,1794661,43756,bin,651bf819537ffd6d
vehicles_tex,9,carLightsReflections.tga,1838417,43756,bin,651bf819537ffd6d
vehicles_tex,10,Cars_Corona_01.tga,1882173,10988,bin,92f226758a90bd1f
vehicles_tex,11,Cars_Corona_02.tga,1893161,10988,bin,92f226758a90bd1f
vehicles_tex,12,Car_Body_Reflection.PVRTC4.tga,1904149,43756,bin,651bf819537ffd6d
vehicles_tex,13,Car_Common_Break_Glow.tga,1947905,10988,bin,92f226758a90bd1f
vehicles_tex,14,Car_Common_Damage.tga,1958893,55040,bin,b97db8f927d40b82
vehicles_tex,15,Car_Common_Glow.PVRTC4.tga,2013933,10988,bin,92f226758a90bd1f
vehicles_tex,16,Car_Common_headlight_billboard.tga,2024921,43756,bin,651bf819537ffd6d
vehicles_tex,17,Car_Common_Miscellaneous.tga,2068677,43756,bin,651bf819537ffd6d
vehicles_tex,18,Car_Common_Miscellaneous_mask.tga,2112433,174828,bin,f560b1c6dcd40b80
vehicles_tex,19,coupe_diffuse.tga,2287261,174828,bin,f560b1c6dcd40b80
vehicles_tex,20,coupe_diffuse_mask.tga,2462089,174828,bin,f560b1c6dcd40b80
vehicles_tex,21,DeliveryVan_DIFFUSE.tga,2636917,699116,bin,331dbe096879c7d3
vehicles_tex,22,DeliveryVan_DIFFUSE_NRM.tga,3336033,174828,bin,f560b1c6dcd40b80
vehicles_tex,23,DeliveryVan_MASK.tga,3510861,43756,bin,651bf819537ffd6d
vehicles_tex,24,GC_refl_interior.tga,3554617,43756,bin,651bf819537ffd6d
vehicles_tex,25,GC_Truck_01.tga,3598373,174828,bin,f560b1c6dcd40b80
vehicles_tex,26,GC_Truck_01_mask.tga,3773201,43756,bin,651bf819537ffd6d
vehicles_tex,27,GC_Truck_wheels_01.tga,3816957,43756,bin,651bf819537ffd6d
vehicles_tex,28,hatchback_diffuse.tga,3860713,174828,bin,f560b1c6dcd40b80
vehicles_tex,29,hatchback_diffuse_mask.tga,4035541,43756,bin,651bf819537ffd6d
vehicles_tex,30,helicopter_helix.tga,4079297,55040,bin,290ebd4b8dd5667f
vehicles_tex,31,Heli_other.tga,4134337,174828,bin,f560b1c6dcd40b80
vehicles_tex,32,Interior.tga,4309165,43756,bin,651bf819537ffd6d
vehicles_tex,33,MC_Raba.tga,4352921,699116,bin,331dbe096879c7d3
vehicles_tex,34,MC_Raba_M.tga,5052037,174828,bin,f560b1c6dcd40b80
vehicles_tex,35,military_helicopter.tga,5226865,174828,bin,f560b1c6dcd40b80
vehicles_tex,36,military_helicopter_M.tga,5401693,174828,bin,f560b1c6dcd40b80
vehicles_tex,37,military_hummer_D.tga,5576521,699116,bin,331dbe096879c7d3
vehicles_tex,38,military_hummer_M.tga,6275637,43756,bin,651bf819537ffd6d
vehicles_tex,39,new_headlights_glow.tga,6319393,43756,bin,651bf819537ffd6d
vehicles_tex,40,new_headlights_spots.tga,6363149,174828,bin,f560b1c6dcd40b80
vehicles_tex,41,NoTexture.tga,6537977,2796,bin,29be471391a77130
vehicles_tex,42,PoliceHeli.tga,6540773,174828,bin,f560b1c6dcd40b80
vehicles_tex,43,PoliceHeli_camuflated.tga,6715601,174828,bin,f560b1c6dcd40b80
vehicles_tex,44,PoliceHeli_crashed_Diffuse.tga,6890429,174828,bin,f560b1c6dcd40b80
vehicles_tex,45,PoliceHeli_crashed_Mask.tga,7065257,174828,bin,f560b1c6dcd40b80
vehicles_tex,46,PoliceHeli_interior.tga,7240085,174828,bin,f560b1c6dcd40b80
vehicles_tex,47,PoliceHeli_Mask.tga,7414913,43756,bin,651bf819537ffd6d
vehicles_tex,48,police_coronas.tga,7458669,43756,bin,651bf819537ffd6d
vehicles_tex,49,SedanWhiteLimo_diffuse.tga,7502425,174828,bin,f560b1c6dcd40b80
vehicles_tex,50,Sedan_diffuse.tga,7677253,174828,bin,f560b1c6dcd40b80
vehicles_tex,51,Sedan_diffuse_mask.tga,7852081,43756,bin,651bf819537ffd6d
vehicles_tex,52,Sedan_diffuse_Taxi.tga,7895837,174828,bin,f560b1c6dcd40b80
vehicles_tex,53,Sedan_diffuse_Taxi_mask.tga,8070665,43756,bin,651bf819537ffd6d
vehicles_tex,54,Shadow.tga,8114421,3840,bin,58d27f1633799ac4
vehicles_tex,55,subway_train.tga,8118261,699116,bin,331dbe096879c7d3
vehicles_tex,56,subway_train_mask.tga,8817377,43756,bin,651bf819537ffd6d
vehicles_tex,57,TheBat_D2.tga,8861133,699116,bin,331dbe096879c7d3
vehicles_tex,58,thebat_M.tga,9560249,43756,bin,651bf819537ffd6d
vehicles_tex,59,thebat_windows.tga,9604005,174828,bin,f560b1c6dcd40b80
vehicles_tex,60,TrafficCarSUV_mask.PVRTC4.tga,9778833,43756,bin,651bf819537ffd6d
vehicles_tex,61,TrafficCarTaxi_mask.PVRTC4.tga,9822589,43756,bin,651bf819537ffd6d
vehicles_tex,62,TrafficCarTrack_05.PVRTC4.tga,9866345,699116,bin,331dbe096879c7d3
vehicles_tex,63,TrafficCarTrack_Mask.PVRTC4.tga,10565461,174828,bin,f560b1c6dcd40b80
vehicles_tex,64,TrafficPolice.tga,10740289,699116,bin,331dbe096879c7d3
vehicles_tex,65,TrafficPolice_mask.tga,11439405,43756,bin,651bf819537ffd6d
vehicles_tex,66,TrafficSUV.tga,11483161,699116,bin,331dbe096879c7d3
vehicles_tex,67,TrafficSUV_broken.tga,12182277,174828,bin,f560b1c6dcd40b80
vehicles_tex,68,TrafficSUV_mask.tga,12357105,174828,bin,f560b1c6dcd40b80
vehicles_tex,69,Tumbler_D.tga,12531933,699116,bin,331dbe096879c7d3
vehicles_tex,70,Tumbler_D_refl.tga,13231049,174828,bin,f560b1c6dcd40b80
vehicles_tex,71,Tumbler_NM.tga,13405877,174828,bin,f560b1c6dcd40b80
vehicles_tex,72,Tumbler_Shadow.tga,13580705,218880,bin,31148064b360a50f
vehicles_tex,73,Vehicles_NoTexture.tga,13799585,2796,bin,29be471391a77130
