archive,name,w,h,bpp,fmt,flags,mips,png,src
actors_tex,Assault-rifle_HKG36C_d,512,512,4,ETC1,0x136,9,/home/z/my-project/download/TDKR_assets/textures_png/actors_tex/Assault-rifle_HKG36C_d.png,Assault-rifle_HKG36C_d.tga.bin
actors_tex,Assault-rifle_HKG36C_n,256,256,4,ETC1,0x136,8,/home/z/my-project/download/TDKR_assets/textures_png/actors_tex/Assault-rifle_HKG36C_n.png,Assault-rifle_HKG36C_n.tga.bin
actors_tex,Batarang,512,512,4,ETC1,0x136,9,/home/z/my-project/download/TDKR_assets/textures_png/actors_tex/Batarang.png,Batarang.tga.bin
actors_tex,BatarangEMP_D,512,512,4,ETC1,0x136,9,/home/z/my-project/download/TDKR_assets/textures_png/actors_tex/BatarangEMP_D.png,BatarangEMP_D.tga.bin
actors_tex,Batarang_NRM,256,256,4,ETC1,0x136,8,/home/z/my-project/download/TDKR_assets/textures_png/actors_tex/Batarang_NRM.png,Batarang_NRM.tga.bin
actors_tex,Bazooka_c,512,512,4,ETC1,0x136,9,/home/z/my-project/download/TDKR_assets/textures_png/actors_tex/Bazooka_c.png,Bazooka_c.tga.bin
actors_tex,Bazooka_n,256,256,4,ETC1,0x136,8,/home/z/my-project/download/TDKR_assets/textures_png/actors_tex/Bazooka_n.png,Bazooka_n.tga.bin
actors_tex,British_Lantern,256,256,4,ETC1,0x136,8,/home/z/my-project/download/TDKR_assets/textures_png/actors_tex/British_Lantern.png,British_Lantern.tga.bin
actors_tex,Checkpoint,256,256,4,ETC1,0x136,8,/home/z/my-project/download/TDKR_assets/textures_png/actors_tex/Checkpoint.png,Checkpoint.tga.bin
actors_tex,Checkpoint_New,512,512,4,ETC1,0x136,9,/home/z/my-project/download/TDKR_assets/textures_png/actors_tex/Checkpoint_New.png,Checkpoint_New.tga.bin
actors_tex,Checkpoint_New_02,512,512,4,ETC1,0x136,9,/home/z/my-project/download/TDKR_assets/textures_png/actors_tex/Checkpoint_New_02.png,Checkpoint_New_02.tga.bin
actors_tex,Checkpoint_small,256,256,4,ETC1,0x136,8,/home/z/my-project/download/TDKR_assets/textures_png/actors_tex/Checkpoint_small.png,Checkpoint_small.tga.bin
actors_tex,Collecti_blepolice_file,512,512,4,ETC1,0x136,9,/home/z/my-project/download/TDKR_assets/textures_png/actors_tex/Collecti_blepolice_file.png,Collecti_blepolice_file.tga.bin
actors_tex,Collectible_blueprint,512,512,4,ETC1,0x136,9,/home/z/my-project/download/TDKR_assets/textures_png/actors_tex/Collectible_blueprint.png,Collectible_blueprint.tga.bin
actors_tex,Collectible_graffiti,0,0,0,ZIP_SPLIT,0,0,,Collectible_graffiti.tga.bin
actors_tex,Collectible_usb_diffuse,512,512,4,ETC1,0x136,9,/home/z/my-project/download/TDKR_assets/textures_png/actors_tex/Collectible_usb_diffuse.png,Collectible_usb_diffuse.tga.bin
actors_tex,Collectibles_items,1024,1024,4,ETC1,0x136,10,/home/z/my-project/download/TDKR_assets/textures_png/actors_tex/Collectibles_items.png,Collectibles_items.tga.bin
actors_tex,FN_FAL_machine_gun_diffuse,512,512,4,ETC1,0x136,9,/home/z/my-project/download/TDKR_assets/textures_png/actors_tex/FN_FAL_machine_gun_diffuse.png,FN_FAL_machine_gun_diffuse.tga.bin
actors_tex,FN_FAL_machine_gun_normal_map,256,256,4,ETC1,0x136,8,/home/z/my-project/download/TDKR_assets/textures_png/actors_tex/FN_FAL_machine_gun_normal_map.png,FN_FAL_machine_gun_normal_map.tga.bin
actors_tex,FlashGrenade_D,512,512,4,ETC1,0x136,9,/home/z/my-project/download/TDKR_assets/textures_png/actors_tex/FlashGrenade_D.png,FlashGrenade_D.tga.bin
actors_tex,GC_StockExchange_Gargoyle,256,256,4,ETC1,0x136,8,/home/z/my-project/download/TDKR_assets/textures_png/actors_tex/GC_StockExchange_Gargoyle.png,GC_StockExchange_Gargoyle.tga.bin
actors_tex,GC_StockExchange_Gargoyle_new,256,256,4,ETC1,0x136,8,/home/z/my-project/download/TDKR_assets/textures_png/actors_tex/GC_StockExchange_Gargoyle_new.png,GC_StockExchange_Gargoyle_new.tga.bin
actors_tex,GC_StockExchange_Stand,512,512,4,ETC1,0x136,9,/home/z/my-project/download/TDKR_assets/textures_png/actors_tex/GC_StockExchange_Stand.png,GC_StockExchange_Stand.tga.bin
actors_tex,Gargoyle_c_test,512,512,4,ETC1,0x136,9,/home/z/my-project/download/TDKR_assets/textures_png/actors_tex/Gargoyle_c_test.png,Gargoyle_c_test.tga.bin
actors_tex,GlowAdd,256,256,4,ETC1,0x136,8,/home/z/my-project/download/TDKR_assets/textures_png/actors_tex/GlowAdd.png,GlowAdd.tga.bin
actors_tex,Grapnel_Gun,256,256,4,ETC1,0x136,8,/home/z/my-project/download/TDKR_assets/textures_png/actors_tex/Grapnel_Gun.png,Grapnel_Gun.tga.bin
actors_tex,Grapnel_Gun_NRM,256,256,4,ETC1,0x136,8,/home/z/my-project/download/TDKR_assets/textures_png/actors_tex/Grapnel_Gun_NRM.png,Grapnel_Gun_NRM.tga.bin
actors_tex,Grapnel_Rope_Diffuse,8,8,4,ETC1,0x136,3,/home/z/my-project/download/TDKR_assets/textures_png/actors_tex/Grapnel_Rope_Diffuse.png,Grapnel_Rope_Diffuse.tga.bin
actors_tex,Grapnel_Rope_Normal,8,8,4,ETC1,0x136,3,/home/z/my-project/download/TDKR_assets/textures_png/actors_tex/Grapnel_Rope_Normal.png,Grapnel_Rope_Normal.tga.bin
actors_tex,HeatDistort,128,128,4,ETC1,0x136,7,/home/z/my-project/download/TDKR_assets/textures_png/actors_tex/HeatDistort.png,HeatDistort.tga.bin
actors_tex,MC_Shadow,0,0,0,ZIP_SPLIT,0,0,,MC_Shadow.tga.bin
actors_tex,MirandaTate_mask,256,256,4,ETC1,0x136,8,/home/z/my-project/download/TDKR_assets/textures_png/actors_tex/MirandaTate_mask.png,MirandaTate_mask.tga.bin
actors_tex,MrWhite,8,8,4,ETC1,0x136,3,/home/z/my-project/download/TDKR_assets/textures_png/actors_tex/MrWhite.png,MrWhite.tga.bin
actors_tex,QuestIcon_exclamation_interogation,0,0,0,ZIP_SPLIT,0,0,,QuestIcon_exclamation_interogation.tga.bin
actors_tex,SVD_Dragunosv_normals,256,256,4,ETC1,0x136,8,/home/z/my-project/download/TDKR_assets/textures_png/actors_tex/SVD_Dragunosv_normals.png,SVD_Dragunosv_normals.tga.bin
actors_tex,SVD_Dragunov_diffuse,256,256,4,ETC1,0x136,8,/home/z/my-project/download/TDKR_assets/textures_png/actors_tex/SVD_Dragunov_diffuse.png,SVD_Dragunov_diffuse.tga.bin
actors_tex,SmokeGrenade_D,512,512,4,ETC1,0x136,9,/home/z/my-project/download/TDKR_assets/textures_png/actors_tex/SmokeGrenade_D.png,SmokeGrenade_D.tga.bin
actors_tex,SmokeGrenade_N,256,256,4,ETC1,0x136,8,/home/z/my-project/download/TDKR_assets/textures_png/actors_tex/SmokeGrenade_N.png,SmokeGrenade_N.tga.bin
actors_tex,SniperRifle_d,512,512,4,ETC1,0x136,9,/home/z/my-project/download/TDKR_assets/textures_png/actors_tex/SniperRifle_d.png,SniperRifle_d.tga.bin
actors_tex,SniperRifle_n,256,256,4,ETC1,0x136,8,/home/z/my-project/download/TDKR_assets/textures_png/actors_tex/SniperRifle_n.png,SniperRifle_n.tga.bin
actors_tex,StunGrenade_D,512,512,4,ETC1,0x136,9,/home/z/my-project/download/TDKR_assets/textures_png/actors_tex/StunGrenade_D.png,StunGrenade_D.tga.bin
actors_tex,StunGrenade_N,256,256,4,ETC1,0x136,8,/home/z/my-project/download/TDKR_assets/textures_png/actors_tex/StunGrenade_N.png,StunGrenade_N.tga.bin
actors_tex,TP_rock,128,128,4,ETC1,0x136,7,/home/z/my-project/download/TDKR_assets/textures_png/actors_tex/TP_rock.png,TP_rock.tga.bin
actors_tex,TP_rockpile,256,256,4,ETC1,0x136,8,/home/z/my-project/download/TDKR_assets/textures_png/actors_tex/TP_rockpile.png,TP_rockpile.tga.bin
actors_tex,Trail,256,256,4,ETC1,0x136,8,/home/z/my-project/download/TDKR_assets/textures_png/actors_tex/Trail.png,Trail.tga.bin
actors_tex,Trail_NRM,256,256,4,ETC1,0x136,8,/home/z/my-project/download/TDKR_assets/textures_png/actors_tex/Trail_NRM.png,Trail_NRM.tga.bin
actors_tex,Trail_Stick2,256,256,4,ETC1,0x136,8,/home/z/my-project/download/TDKR_assets/textures_png/actors_tex/Trail_Stick2.png,Trail_Stick2.tga.bin
actors_tex,Trail_Stick3,256,256,4,ETC1,0x136,8,/home/z/my-project/download/TDKR_assets/textures_png/actors_tex/Trail_Stick3.png,Trail_Stick3.tga.bin
actors_tex,Umbrella,256,256,4,ETC1,0x136,8,/home/z/my-project/download/TDKR_assets/textures_png/actors_tex/Umbrella.png,Umbrella.tga.bin
actors_tex,Umbrella_mask,256,256,4,ETC1,0x136,8,/home/z/my-project/download/TDKR_assets/textures_png/actors_tex/Umbrella_mask.png,Umbrella_mask.tga.bin
actors_tex,Walking_Stick_d,256,256,4,ETC1,0x136,8,/home/z/my-project/download/TDKR_assets/textures_png/actors_tex/Walking_Stick_d.png,Walking_Stick_d.tga.bin
actors_tex,Weapons_Bullet,0,0,0,ZIP_SPLIT,0,0,,Weapons_Bullet.tga.bin
actors_tex,Weapons_Muzzleflash,256,256,4,ETC1,0x136,8,/home/z/my-project/download/TDKR_assets/textures_png/actors_tex/Weapons_Muzzleflash.png,Weapons_Muzzleflash.tga.bin
actors_tex,chara_BANE_DIFFUSE,1024,1024,4,ETC1,0x136,10,/home/z/my-project/download/TDKR_assets/textures_png/actors_tex/chara_BANE_DIFFUSE.png,chara_BANE_DIFFUSE.tga.bin
actors_tex,chara_BATMAN_specular_1024,512,1024,24,RGB888,0x15,0,/home/z/my-project/download/TDKR_assets/textures_png/actors_tex/chara_BATMAN_specular_1024.png,chara_BATMAN_specular_1024.tga.bin
actors_tex,chara_BaneMercenaryA_c,512,512,4,ETC1,0x136,9,/home/z/my-project/download/TDKR_assets/textures_png/actors_tex/chara_BaneMercenaryA_c.png,chara_BaneMercenaryA_c.tga.bin
actors_tex,chara_BaneMercenaryA_mask,256,256,4,ETC1,0x136,8,/home/z/my-project/download/TDKR_assets/textures_png/actors_tex/chara_BaneMercenaryA_mask.png,chara_BaneMercenaryA_mask.tga.bin
actors_tex,chara_BaneMercenaryA_n,512,512,4,ETC1,0x136,9,/home/z/my-project/download/TDKR_assets/textures_png/actors_tex/chara_BaneMercenaryA_n.png,chara_BaneMercenaryA_n.tga.bin
actors_tex,chara_Bane_MercenaryB_c,512,512,4,ETC1,0x136,9,/home/z/my-project/download/TDKR_assets/textures_png/actors_tex/chara_Bane_MercenaryB_c.png,chara_Bane_MercenaryB_c.tga.bin
actors_tex,chara_Bane_MercenaryB_mask,256,256,4,ETC1,0x136,8,/home/z/my-project/download/TDKR_assets/textures_png/actors_tex/chara_Bane_MercenaryB_mask.png,chara_Bane_MercenaryB_mask.tga.bin
actors_tex,chara_Bane_MercenaryB_n,512,512,4,ETC1,0x136,9,/home/z/my-project/download/TDKR_assets/textures_png/actors_tex/chara_Bane_MercenaryB_n.png,chara_Bane_MercenaryB_n.tga.bin
actors_tex,chara_Bane_Mercenary_Sniper_c,512,512,4,ETC1,0x136,9,/home/z/my-project/download/TDKR_assets/textures_png/actors_tex/chara_Bane_Mercenary_Sniper_c.png,chara_Bane_Mercenary_Sniper_c.tga.bin
actors_tex,chara_Bane_Mercenary_Sniper_mask,256,256,4,ETC1,0x136,8,/home/z/my-project/download/TDKR_assets/textures_png/actors_tex/chara_Bane_Mercenary_Sniper_mask.png,chara_Bane_Mercenary_Sniper_mask.tga.bin
actors_tex,chara_Bane_Mercenary_Sniper_n,512,512,4,ETC1,0x136,9,/home/z/my-project/download/TDKR_assets/textures_png/actors_tex/chara_Bane_Mercenary_Sniper_n.png,chara_Bane_Mercenary_Sniper_n.tga.bin
actors_tex,chara_Bane_Normals,512,512,4,ETC1,0x136,9,/home/z/my-project/download/TDKR_assets/textures_png/actors_tex/chara_Bane_Normals.png,chara_Bane_Normals.tga.bin
actors_tex,chara_Bane_mask,256,256,4,ETC1,0x136,8,/home/z/my-project/download/TDKR_assets/textures_png/actors_tex/chara_Bane_mask.png,chara_Bane_mask.tga.bin
actors_tex,chara_Bane_mercenary_C_c,512,512,4,ETC1,0x136,9,/home/z/my-project/download/TDKR_assets/textures_png/actors_tex/chara_Bane_mercenary_C_c.png,chara_Bane_mercenary_C_c.tga.bin
actors_tex,chara_Bane_mercenary_C_mask,256,256,4,ETC1,0x136,8,/home/z/my-project/download/TDKR_assets/textures_png/actors_tex/chara_Bane_mercenary_C_mask.png,chara_Bane_mercenary_C_mask.tga.bin
actors_tex,chara_Bane_mercenary_C_n,512,512,4,ETC1,0x136,9,/home/z/my-project/download/TDKR_assets/textures_png/actors_tex/chara_Bane_mercenary_C_n.png,chara_Bane_mercenary_C_n.tga.bin
actors_tex,chara_Batman_DIFFUSE,1024,1024,24,RGB888,0x15,0,/home/z/my-project/download/TDKR_assets/textures_png/actors_tex/chara_Batman_DIFFUSE.png,chara_Batman_DIFFUSE.tga.bin
actors_tex,chara_Batman_NM,512,512,24,RGB888,0x15,0,/home/z/my-project/download/TDKR_assets/textures_png/actors_tex/chara_Batman_NM.png,chara_Batman_NM.tga.bin
actors_tex,chara_Boy_with_jacket_Polypaint,512,512,4,ETC1,0x136,9,/home/z/my-project/download/TDKR_assets/textures_png/actors_tex/chara_Boy_with_jacket_Polypaint.png,chara_Boy_with_jacket_Polypaint.tga.bin
actors_tex,chara_Boy_with_jacket_mask,256,256,4,ETC1,0x136,8,/home/z/my-project/download/TDKR_assets/textures_png/actors_tex/chara_Boy_with_jacket_mask.png,chara_Boy_with_jacket_mask.tga.bin
actors_tex,chara_Boy_with_jacket_n,512,512,4,ETC1,0x136,9,/home/z/my-project/download/TDKR_assets/textures_png/actors_tex/chara_Boy_with_jacket_n.png,chara_Boy_with_jacket_n.tga.bin
actors_tex,chara_Boy_with_jeans_D,512,512,4,ETC1,0x136,9,/home/z/my-project/download/TDKR_assets/textures_png/actors_tex/chara_Boy_with_jeans_D.png,chara_Boy_with_jeans_D.tga.bin
actors_tex,chara_Boy_with_jeans_N,512,512,4,ETC1,0x136,9,/home/z/my-project/download/TDKR_assets/textures_png/actors_tex/chara_Boy_with_jeans_N.png,chara_Boy_with_jeans_N.tga.bin
actors_tex,chara_Boy_with_jeans_mask,256,256,4,ETC1,0x136,8,/home/z/my-project/download/TDKR_assets/textures_png/actors_tex/chara_Boy_with_jeans_mask.png,chara_Boy_with_jeans_mask.tga.bin
actors_tex,chara_Boy_with_jeans_thug2,512,512,4,ETC1,0x136,9,/home/z/my-project/download/TDKR_assets/textures_png/actors_tex/chara_Boy_with_jeans_thug2.png,chara_Boy_with_jeans_thug2.tga.bin
actors_tex,chara_Boy_with_jeans_thug2_N,512,512,4,ETC1,0x136,9,/home/z/my-project/download/TDKR_assets/textures_png/actors_tex/chara_Boy_with_jeans_thug2_N.png,chara_Boy_with_jeans_thug2_N.tga.bin
actors_tex,chara_Boy_with_jeans_thug2_mask,256,256,4,ETC1,0x136,8,/home/z/my-project/download/TDKR_assets/textures_png/actors_tex/chara_Boy_with_jeans_thug2_mask.png,chara_Boy_with_jeans_thug2_mask.tga.bin
actors_tex,chara_Boy_with_jeans_thug3,512,512,4,ETC1,0x136,9,/home/z/my-project/download/TDKR_assets/textures_png/actors_tex/chara_Boy_with_jeans_thug3.png,chara_Boy_with_jeans_thug3.tga.bin
actors_tex,chara_Boy_with_jeans_thug3_N,512,512,4,ETC1,0x136,9,/home/z/my-project/download/TDKR_assets/textures_png/actors_tex/chara_Boy_with_jeans_thug3_N.png,chara_Boy_with_jeans_thug3_N.tga.bin
actors_tex,chara_Boy_with_jeans_thug3_mask,256,256,4,ETC1,0x136,8,/home/z/my-project/download/TDKR_assets/textures_png/actors_tex/chara_Boy_with_jeans_thug3_mask.png,chara_Boy_with_jeans_thug3_mask.tga.bin
actors_tex,chara_Boy_with_jeans_thug4,512,512,4,ETC1,0x136,9,/home/z/my-project/download/TDKR_assets/textures_png/actors_tex/chara_Boy_with_jeans_thug4.png,chara_Boy_with_jeans_thug4.tga.bin
actors_tex,chara_Boy_with_jeans_thug4_N,512,512,4,ETC1,0x136,9,/home/z/my-project/download/TDKR_assets/textures_png/actors_tex/chara_Boy_with_jeans_thug4_N.png,chara_Boy_with_jeans_thug4_N.tga.bin
actors_tex,chara_Boy_with_jeans_thug4_mask,256,256,4,ETC1,0x136,8,/home/z/my-project/download/TDKR_assets/textures_png/actors_tex/chara_Boy_with_jeans_thug4_mask.png,chara_Boy_with_jeans_thug4_mask.tga.bin
actors_tex,chara_Boy_with_jeans_thug_N,512,512,4,ETC1,0x136,9,/home/z/my-project/download/TDKR_assets/textures_png/actors_tex/chara_Boy_with_jeans_thug_N.png,chara_Boy_with_jeans_thug_N.tga.bin
actors_tex,chara_Boy_with_jeans_thug_mask,256,256,4,ETC1,0x136,8,/home/z/my-project/download/TDKR_assets/textures_png/actors_tex/chara_Boy_with_jeans_thug_mask.png,chara_Boy_with_jeans_thug_mask.tga.bin
actors_tex,chara_BrucePit_Polypaint,1024,1024,4,ETC1,0x136,10,/home/z/my-project/download/TDKR_assets/textures_png/actors_tex/chara_BrucePit_Polypaint.png,chara_BrucePit_Polypaint.tga.bin
actors_tex,chara_BrucePit_mask,256,256,4,ETC1,0x136,8,/home/z/my-project/download/TDKR_assets/textures_png/actors_tex/chara_BrucePit_mask.png,chara_BrucePit_mask.tga.bin
actors_tex,chara_BrucePit_n,512,512,4,ETC1,0x136,9,/home/z/my-project/download/TDKR_assets/textures_png/actors_tex/chara_BrucePit_n.png,chara_BrucePit_n.tga.bin
actors_tex,chara_Catwoman_c,1024,1024,4,ETC1,0x136,10,/home/z/my-project/download/TDKR_assets/textures_png/actors_tex/chara_Catwoman_c.png,chara_Catwoman_c.tga.bin
actors_tex,chara_Catwoman_mask,256,256,4,ETC1,0x136,8,/home/z/my-project/download/TDKR_assets/textures_png/actors_tex/chara_Catwoman_mask.png,chara_Catwoman_mask.tga.bin
actors_tex,chara_Catwoman_n,512,512,4,ETC1,0x136,9,/home/z/my-project/download/TDKR_assets/textures_png/actors_tex/chara_Catwoman_n.png,chara_Catwoman_n.tga.bin
actors_tex,chara_Enemy_knife_c,512,512,4,ETC1,0x136,9,/home/z/my-project/download/TDKR_assets/textures_png/actors_tex/chara_Enemy_knife_c.png,chara_Enemy_knife_c.tga.bin
actors_tex,chara_Enemy_knife_n,512,512,4,ETC1,0x136,9,/home/z/my-project/download/TDKR_assets/textures_png/actors_tex/chara_Enemy_knife_n.png,chara_Enemy_knife_n.tga.bin
actors_tex,chara_Escaped_Convict_2_mask,256,256,4,ETC1,0x136,8,/home/z/my-project/download/TDKR_assets/textures_png/actors_tex/chara_Escaped_Convict_2_mask.png,chara_Escaped_Convict_2_mask.tga.bin
actors_tex,chara_Escaped_Convict_mask,256,256,4,ETC1,0x136,8,/home/z/my-project/download/TDKR_assets/textures_png/actors_tex/chara_Escaped_Convict_mask.png,chara_Escaped_Convict_mask.tga.bin
actors_tex,chara_Generic_Male_Suit_c,512,512,4,ETC1,0x136,9,/home/z/my-project/download/TDKR_assets/textures_png/actors_tex/chara_Generic_Male_Suit_c.png,chara_Generic_Male_Suit_c.tga.bin
actors_tex,chara_Generic_Male_Suit_mask,256,256,4,ETC1,0x136,8,/home/z/my-project/download/TDKR_assets/textures_png/actors_tex/chara_Generic_Male_Suit_mask.png,chara_Generic_Male_Suit_mask.tga.bin
actors_tex,chara_Generic_Male_Suit_n,512,512,4,ETC1,0x136,9,/home/z/my-project/download/TDKR_assets/textures_png/actors_tex/chara_Generic_Male_Suit_n.png,chara_Generic_Male_Suit_n.tga.bin
actors_tex,chara_Girl_with_jacket_c,512,512,4,ETC1,0x136,9,/home/z/my-project/download/TDKR_assets/textures_png/actors_tex/chara_Girl_with_jacket_c.png,chara_Girl_with_jacket_c.tga.bin
actors_tex,chara_Girl_with_jacket_mask,256,256,4,ETC1,0x136,8,/home/z/my-project/download/TDKR_assets/textures_png/actors_tex/chara_Girl_with_jacket_mask.png,chara_Girl_with_jacket_mask.tga.bin
actors_tex,chara_Girl_with_jacket_n,512,512,4,ETC1,0x136,9,/home/z/my-project/download/TDKR_assets/textures_png/actors_tex/chara_Girl_with_jacket_n.png,chara_Girl_with_jacket_n.tga.bin
actors_tex,chara_Guard_c,512,512,4,ETC1,0x136,9,/home/z/my-project/download/TDKR_assets/textures_png/actors_tex/chara_Guard_c.png,chara_Guard_c.tga.bin
actors_tex,chara_Guard_mask,256,256,4,ETC1,0x136,8,/home/z/my-project/download/TDKR_assets/textures_png/actors_tex/chara_Guard_mask.png,chara_Guard_mask.tga.bin
actors_tex,chara_Guard_military,512,512,4,ETC1,0x136,9,/home/z/my-project/download/TDKR_assets/textures_png/actors_tex/chara_Guard_military.png,chara_Guard_military.tga.bin
actors_tex,chara_Guard_n,512,512,4,ETC1,0x136,9,/home/z/my-project/download/TDKR_assets/textures_png/actors_tex/chara_Guard_n.png,chara_Guard_n.tga.bin
actors_tex,chara_Guard_police,512,512,4,ETC1,0x136,9,/home/z/my-project/download/TDKR_assets/textures_png/actors_tex/chara_Guard_police.png,chara_Guard_police.tga.bin
actors_tex,chara_James_Gordon_c,1024,1024,4,ETC1,0x136,10,/home/z/my-project/download/TDKR_assets/textures_png/actors_tex/chara_James_Gordon_c.png,chara_James_Gordon_c.tga.bin
actors_tex,chara_James_Gordon_mask,256,256,4,ETC1,0x136,8,/home/z/my-project/download/TDKR_assets/textures_png/actors_tex/chara_James_Gordon_mask.png,chara_James_Gordon_mask.tga.bin
actors_tex,chara_James_Gordon_n,512,512,4,ETC1,0x136,9,/home/z/my-project/download/TDKR_assets/textures_png/actors_tex/chara_James_Gordon_n.png,chara_James_Gordon_n.tga.bin
actors_tex,chara_JohnBlake_D,1024,1024,4,ETC1,0x136,10,/home/z/my-project/download/TDKR_assets/textures_png/actors_tex/chara_JohnBlake_D.png,chara_JohnBlake_D.tga.bin
actors_tex,chara_JohnBlake_N,512,512,4,ETC1,0x136,9,/home/z/my-project/download/TDKR_assets/textures_png/actors_tex/chara_JohnBlake_N.png,chara_JohnBlake_N.tga.bin
actors_tex,chara_JohnBlake_mask,256,256,4,ETC1,0x136,8,/home/z/my-project/download/TDKR_assets/textures_png/actors_tex/chara_JohnBlake_mask.png,chara_JohnBlake_mask.tga.bin
actors_tex,chara_LuciusFox_AO,1024,1024,4,ETC1,0x136,10,/home/z/my-project/download/TDKR_assets/textures_png/actors_tex/chara_LuciusFox_AO.png,chara_LuciusFox_AO.tga.bin
actors_tex,chara_Miranda_Tate_c,1024,1024,4,ETC1,0x136,10,/home/z/my-project/download/TDKR_assets/textures_png/actors_tex/chara_Miranda_Tate_c.png,chara_Miranda_Tate_c.tga.bin
actors_tex,chara_Miranda_Tate_mask,256,256,4,ETC1,0x136,8,/home/z/my-project/download/TDKR_assets/textures_png/actors_tex/chara_Miranda_Tate_mask.png,chara_Miranda_Tate_mask.tga.bin
actors_tex,chara_Miranda_Tate_n,512,512,4,ETC1,0x136,9,/home/z/my-project/download/TDKR_assets/textures_png/actors_tex/chara_Miranda_Tate_n.png,chara_Miranda_Tate_n.tga.bin
actors_tex,chara_PitConvict1_c,1024,1024,4,ETC1,0x136,10,/home/z/my-project/download/TDKR_assets/textures_png/actors_tex/chara_PitConvict1_c.png,chara_PitConvict1_c.tga.bin
actors_tex,chara_PitConvict1_c_mask,256,256,4,ETC1,0x136,8,/home/z/my-project/download/TDKR_assets/textures_png/actors_tex/chara_PitConvict1_c_mask.png,chara_PitConvict1_c_mask.tga.bin
actors_tex,chara_PitConvict2_c,1024,1024,4,ETC1,0x136,10,/home/z/my-project/download/TDKR_assets/textures_png/actors_tex/chara_PitConvict2_c.png,chara_PitConvict2_c.tga.bin
actors_tex,chara_PitConvict2_c_mask,256,256,4,ETC1,0x136,8,/home/z/my-project/download/TDKR_assets/textures_png/actors_tex/chara_PitConvict2_c_mask.png,chara_PitConvict2_c_mask.tga.bin
actors_tex,chara_PitConvict3_c,1024,1024,4,ETC1,0x136,10,/home/z/my-project/download/TDKR_assets/textures_png/actors_tex/chara_PitConvict3_c.png,chara_PitConvict3_c.tga.bin
actors_tex,chara_PitConvict3_c_mask,256,256,4,ETC1,0x136,8,/home/z/my-project/download/TDKR_assets/textures_png/actors_tex/chara_PitConvict3_c_mask.png,chara_PitConvict3_c_mask.tga.bin
actors_tex,chara_PitConvict_n,512,512,4,ETC1,0x136,9,/home/z/my-project/download/TDKR_assets/textures_png/actors_tex/chara_PitConvict_n.png,chara_PitConvict_n.tga.bin
actors_tex,chara_Scarecrow_c,1024,1024,4,ETC1,0x136,10,/home/z/my-project/download/TDKR_assets/textures_png/actors_tex/chara_Scarecrow_c.png,chara_Scarecrow_c.tga.bin
actors_tex,chara_Scarecrow_mask,256,256,4,ETC1,0x136,8,/home/z/my-project/download/TDKR_assets/textures_png/actors_tex/chara_Scarecrow_mask.png,chara_Scarecrow_mask.tga.bin
actors_tex,chara_Scarecrow_n,512,512,4,ETC1,0x136,9,/home/z/my-project/download/TDKR_assets/textures_png/actors_tex/chara_Scarecrow_n.png,chara_Scarecrow_n.tga.bin
actors_tex,chara_SelinaKyle_c,1024,1024,4,ETC1,0x136,10,/home/z/my-project/download/TDKR_assets/textures_png/actors_tex/chara_SelinaKyle_c.png,chara_SelinaKyle_c.tga.bin
actors_tex,chara_SelinaKyle_mask,256,256,4,ETC1,0x136,8,/home/z/my-project/download/TDKR_assets/textures_png/actors_tex/chara_SelinaKyle_mask.png,chara_SelinaKyle_mask.tga.bin
actors_tex,chara_SelinaKyle_n,512,512,4,ETC1,0x136,9,/home/z/my-project/download/TDKR_assets/textures_png/actors_tex/chara_SelinaKyle_n.png,chara_SelinaKyle_n.tga.bin
actors_tex,chara_Stryver_c,1024,1024,4,ETC1,0x136,10,/home/z/my-project/download/TDKR_assets/textures_png/actors_tex/chara_Stryver_c.png,chara_Stryver_c.tga.bin
actors_tex,chara_Stryver_mask,256,256,4,ETC1,0x136,8,/home/z/my-project/download/TDKR_assets/textures_png/actors_tex/chara_Stryver_mask.png,chara_Stryver_mask.tga.bin
actors_tex,chara_Stryver_n,512,512,4,ETC1,0x136,9,/home/z/my-project/download/TDKR_assets/textures_png/actors_tex/chara_Stryver_n.png,chara_Stryver_n.tga.bin
actors_tex,chara_alfred_diffuse,512,512,4,ETC1,0x136,9,/home/z/my-project/download/TDKR_assets/textures_png/actors_tex/chara_alfred_diffuse.png,chara_alfred_diffuse.tga.bin
actors_tex,chara_alfred_mask,256,256,4,ETC1,0x136,8,/home/z/my-project/download/TDKR_assets/textures_png/actors_tex/chara_alfred_mask.png,chara_alfred_mask.tga.bin
actors_tex,chara_alfred_normal,512,512,4,ETC1,0x136,9,/home/z/my-project/download/TDKR_assets/textures_png/actors_tex/chara_alfred_normal.png,chara_alfred_normal.tga.bin
actors_tex,chara_blind_prisoner_D,512,512,4,ETC1,0x136,9,/home/z/my-project/download/TDKR_assets/textures_png/actors_tex/chara_blind_prisoner_D.png,chara_blind_prisoner_D.tga.bin
actors_tex,chara_blind_prisoner_N,512,512,4,ETC1,0x136,9,/home/z/my-project/download/TDKR_assets/textures_png/actors_tex/chara_blind_prisoner_N.png,chara_blind_prisoner_N.tga.bin
actors_tex,chara_blind_prisoner_mask,256,256,4,ETC1,0x136,8,/home/z/my-project/download/TDKR_assets/textures_png/actors_tex/chara_blind_prisoner_mask.png,chara_blind_prisoner_mask.tga.bin
actors_tex,chara_enemy_crowbar_c,512,512,4,ETC1,0x136,9,/home/z/my-project/download/TDKR_assets/textures_png/actors_tex/chara_enemy_crowbar_c.png,chara_enemy_crowbar_c.tga.bin
actors_tex,chara_enemy_crowbar_mask,256,256,4,ETC1,0x136,8,/home/z/my-project/download/TDKR_assets/textures_png/actors_tex/chara_enemy_crowbar_mask.png,chara_enemy_crowbar_mask.tga.bin
actors_tex,chara_enemy_crowbar_n,512,512,4,ETC1,0x136,9,/home/z/my-project/download/TDKR_assets/textures_png/actors_tex/chara_enemy_crowbar_n.png,chara_enemy_crowbar_n.tga.bin
actors_tex,chara_enemy_knife_mask,256,256,4,ETC1,0x136,8,/home/z/my-project/download/TDKR_assets/textures_png/actors_tex/chara_enemy_knife_mask.png,chara_enemy_knife_mask.tga.bin
actors_tex,chara_escaped_convict_c,512,512,4,ETC1,0x136,9,/home/z/my-project/download/TDKR_assets/textures_png/actors_tex/chara_escaped_convict_c.png,chara_escaped_convict_c.tga.bin
actors_tex,chara_escaped_convict_n,512,512,4,ETC1,0x136,9,/home/z/my-project/download/TDKR_assets/textures_png/actors_tex/chara_escaped_convict_n.png,chara_escaped_convict_n.tga.bin
actors_tex,chara_girl_with_jeans_mask,256,256,4,ETC1,0x136,8,/home/z/my-project/download/TDKR_assets/textures_png/actors_tex/chara_girl_with_jeans_mask.png,chara_girl_with_jeans_mask.tga.bin
actors_tex,chara_girl_with_jeans_n,512,512,4,ETC1,0x136,9,/home/z/my-project/download/TDKR_assets/textures_png/actors_tex/chara_girl_with_jeans_n.png,chara_girl_with_jeans_n.tga.bin
actors_tex,chara_girl_with_jeans_vcols,512,512,4,ETC1,0x136,9,/home/z/my-project/download/TDKR_assets/textures_png/actors_tex/chara_girl_with_jeans_vcols.png,chara_girl_with_jeans_vcols.tga.bin
actors_tex,chara_luciusFOX_mask,256,256,4,ETC1,0x136,8,/home/z/my-project/download/TDKR_assets/textures_png/actors_tex/chara_luciusFOX_mask.png,chara_luciusFOX_mask.tga.bin
actors_tex,chara_luciusFOX_normal,512,512,4,ETC1,0x136,9,/home/z/my-project/download/TDKR_assets/textures_png/actors_tex/chara_luciusFOX_normal.png,chara_luciusFOX_normal.tga.bin
actors_tex,crowbar_placeh_tex,32,32,4,ETC1,0x136,5,/home/z/my-project/download/TDKR_assets/textures_png/actors_tex/crowbar_placeh_tex.png,crowbar_placeh_tex.tga.bin
actors_tex,eye_ref,0,0,0,ZIP_SPLIT,0,0,,eye_ref.tga.bin
actors_tex,glow,0,0,0,ZIP_SPLIT,0,0,,glow.tga.bin
actors_tex,gloweffects,512,512,4,ETC1,0x136,9,/home/z/my-project/download/TDKR_assets/textures_png/actors_tex/gloweffects.png,gloweffects.tga.bin
actors_tex,grenade_D,512,512,4,ETC1,0x136,9,/home/z/my-project/download/TDKR_assets/textures_png/actors_tex/grenade_D.png,grenade_D.tga.bin
actors_tex,grenade_N,256,256,4,ETC1,0x136,8,/home/z/my-project/download/TDKR_assets/textures_png/actors_tex/grenade_N.png,grenade_N.tga.bin
actors_tex,laser_target_add,256,256,4,ETC1,0x136,8,/home/z/my-project/download/TDKR_assets/textures_png/actors_tex/laser_target_add.png,laser_target_add.tga.bin
actors_tex,muzzleflashes,256,256,4,ETC1,0x136,8,/home/z/my-project/download/TDKR_assets/textures_png/actors_tex/muzzleflashes.png,muzzleflashes.tga.bin
actors_tex,new_envmap,128,128,4,ETC1,0x136,7,/home/z/my-project/download/TDKR_assets/textures_png/actors_tex/new_envmap.png,new_envmap.tga.bin
actors_tex,old_envmap,128,128,4,ETC1,0x136,7,/home/z/my-project/download/TDKR_assets/textures_png/actors_tex/old_envmap.png,old_envmap.tga.bin
actors_tex,radial_NEW,512,512,4,ETC1,0x136,9,/home/z/my-project/download/TDKR_assets/textures_png/actors_tex/radial_NEW.png,radial_NEW.tga.bin
actors_tex,radial_gray,256,256,4,ETC1,0x136,8,/home/z/my-project/download/TDKR_assets/textures_png/actors_tex/radial_gray.png,radial_gray.tga.bin
actors_tex,trans_pvrtc4,16,16,4,ETC1,0x136,4,/home/z/my-project/download/TDKR_assets/textures_png/actors_tex/trans_pvrtc4.png,trans_pvrtc4.tga.bin
actors_tex,turret_D_512,256,256,4,ETC1,0x136,8,/home/z/my-project/download/TDKR_assets/textures_png/actors_tex/turret_D_512.png,turret_D_512.tga.bin
actors_tex,turret_M_512,256,256,4,ETC1,0x136,8,/home/z/my-project/download/TDKR_assets/textures_png/actors_tex/turret_M_512.png,turret_M_512.tga.bin
actors_tex,weapon_knife_D,256,256,4,ETC1,0x136,8,/home/z/my-project/download/TDKR_assets/textures_png/actors_tex/weapon_knife_D.png,weapon_knife_D.tga.bin
actors_tex,weapons_LM,32,32,4,ETC1,0x136,5,/home/z/my-project/download/TDKR_assets/textures_png/actors_tex/weapons_LM.png,weapons_LM.tga.bin
commons_tex,000_default,512,16,16,RGB565,0x13,0,/home/z/my-project/download/TDKR_assets/textures_png/commons_tex/000_default.png,000_default.tga.bin
commons_tex,001_Stadium,512,16,16,RGB565,0x13,0,/home/z/my-project/download/TDKR_assets/textures_png/commons_tex/001_Stadium.png,001_Stadium.tga.bin
commons_tex,002_Military,512,16,16,RGB565,0x13,0,/home/z/my-project/download/TDKR_assets/textures_png/commons_tex/002_Military.png,002_Military.tga.bin
commons_tex,003_underground,512,16,16,RGB565,0x13,0,/home/z/my-project/download/TDKR_assets/textures_png/commons_tex/003_underground.png,003_underground.tga.bin
commons_tex,005_menu,512,16,16,RGB565,0x13,0,/home/z/my-project/download/TDKR_assets/textures_png/commons_tex/005_menu.png,005_menu.tga.bin
commons_tex,006_policestation,512,16,16,RGB565,0x13,0,/home/z/my-project/download/TDKR_assets/textures_png/commons_tex/006_policestation.png,006_policestation.tga.bin
commons_tex,021_Test_AIchim,512,16,16,RGB565,0x13,0,/home/z/my-project/download/TDKR_assets/textures_png/commons_tex/021_Test_AIchim.png,021_Test_AIchim.tga.bin
commons_tex,022_GothamCity,512,16,16,RGB565,0x13,0,/home/z/my-project/download/TDKR_assets/textures_png/commons_tex/022_GothamCity.png,022_GothamCity.tga.bin
commons_tex,022_GothamCity_Industrial,512,16,16,RGB565,0x13,0,/home/z/my-project/download/TDKR_assets/textures_png/commons_tex/022_GothamCity_Industrial.png,022_GothamCity_Industrial.tga.bin
commons_tex,023_lighting,512,16,16,RGB565,0x13,0,/home/z/my-project/download/TDKR_assets/textures_png/commons_tex/023_lighting.png,023_lighting.tga.bin
commons_tex,024_default,512,16,16,RGB565,0x13,0,/home/z/my-project/download/TDKR_assets/textures_png/commons_tex/024_default.png,024_default.tga.bin
commons_tex,025_IRRt,512,16,16,RGB565,0x13,0,/home/z/my-project/download/TDKR_assets/textures_png/commons_tex/025_IRRt.png,025_IRRt.tga.bin
commons_tex,026_stock,512,16,16,RGB565,0x13,0,/home/z/my-project/download/TDKR_assets/textures_png/commons_tex/026_stock.png,026_stock.tga.bin
commons_tex,027_WM,512,16,16,RGB565,0x13,0,/home/z/my-project/download/TDKR_assets/textures_png/commons_tex/027_WM.png,027_WM.tga.bin
commons_tex,028_ThePit,512,16,16,RGB565,0x13,0,/home/z/my-project/download/TDKR_assets/textures_png/commons_tex/028_ThePit.png,028_ThePit.tga.bin
commons_tex,029_policestation,512,16,16,RGB565,0x13,0,/home/z/my-project/download/TDKR_assets/textures_png/commons_tex/029_policestation.png,029_policestation.tga.bin
commons_tex,030_CraneGas,512,16,16,RGB565,0x13,0,/home/z/my-project/download/TDKR_assets/textures_png/commons_tex/030_CraneGas.png,030_CraneGas.tga.bin
commons_tex,031_GothamCity_Industrial,512,16,16,RGB565,0x13,0,/home/z/my-project/download/TDKR_assets/textures_png/commons_tex/031_GothamCity_Industrial.png,031_GothamCity_Industrial.tga.bin
commons_tex,031_GothamCity_Island2_Industrial,512,16,16,RGB565,0x13,0,/home/z/my-project/download/TDKR_assets/textures_png/commons_tex/031_GothamCity_Island2_Industrial.png,031_GothamCity_Island2_Industrial.tga.bin
commons_tex,032_GothamCity_VPOW,512,16,16,RGB565,0x13,0,/home/z/my-project/download/TDKR_assets/textures_png/commons_tex/032_GothamCity_VPOW.png,032_GothamCity_VPOW.tga.bin
commons_tex,033_GothamCity_Island1_Industrial,512,16,16,RGB565,0x13,0,/home/z/my-project/download/TDKR_assets/textures_png/commons_tex/033_GothamCity_Island1_Industrial.png,033_GothamCity_Island1_Industrial.tga.bin
commons_tex,034_claudiu,512,16,16,RGB565,0x13,0,/home/z/my-project/download/TDKR_assets/textures_png/commons_tex/034_claudiu.png,034_claudiu.tga.bin
commons_tex,035_nightvision,512,16,16,RGB565,0x13,0,/home/z/my-project/download/TDKR_assets/textures_png/commons_tex/035_nightvision.png,035_nightvision.tga.bin
commons_tex,Alert_Post,256,256,4,ETC1,0x136,8,/home/z/my-project/download/TDKR_assets/textures_png/commons_tex/Alert_Post.png,Alert_Post.tga.bin
commons_tex,Barrel_new_green,512,512,4,ETC1,0x136,9,/home/z/my-project/download/TDKR_assets/textures_png/commons_tex/Barrel_new_green.png,Barrel_new_green.tga.bin
commons_tex,Barrel_new_red,512,512,4,ETC1,0x136,9,/home/z/my-project/download/TDKR_assets/textures_png/commons_tex/Barrel_new_red.png,Barrel_new_red.tga.bin
commons_tex,BatarangEMP_D_pickup,512,512,4,ETC1,0x136,9,/home/z/my-project/download/TDKR_assets/textures_png/commons_tex/BatarangEMP_D_pickup.png,BatarangEMP_D_pickup.tga.bin
commons_tex,Batarang_NRM_pickup,512,512,4,ETC1,0x136,9,/home/z/my-project/download/TDKR_assets/textures_png/commons_tex/Batarang_NRM_pickup.png,Batarang_NRM_pickup.tga.bin
commons_tex,Batarang_pickup,512,512,4,ETC1,0x136,9,/home/z/my-project/download/TDKR_assets/textures_png/commons_tex/Batarang_pickup.png,Batarang_pickup.tga.bin
commons_tex,C4_Diffuse,1024,1024,4,ETC1,0x136,10,/home/z/my-project/download/TDKR_assets/textures_png/commons_tex/C4_Diffuse.png,C4_Diffuse.tga.bin
commons_tex,Detonator_Diffuse,512,512,4,ETC1,0x136,9,/home/z/my-project/download/TDKR_assets/textures_png/commons_tex/Detonator_Diffuse.png,Detonator_Diffuse.tga.bin
commons_tex,Explosive_Pack,256,256,4,ETC1,0x136,8,/home/z/my-project/download/TDKR_assets/textures_png/commons_tex/Explosive_Pack.png,Explosive_Pack.tga.bin
commons_tex,FXMax_Fire,512,512,4,ETC1,0x136,9,/home/z/my-project/download/TDKR_assets/textures_png/commons_tex/FXMax_Fire.png,FXMax_Fire.tga.bin
commons_tex,FXMax_Smoke,0,0,0,ZIP_SPLIT,0,0,,FXMax_Smoke.tga.bin
commons_tex,FX_Coronas,2048,2048,4,ETC1,0x136,11,/home/z/my-project/download/TDKR_assets/textures_png/commons_tex/FX_Coronas.png,FX_Coronas.tga.bin
commons_tex,FX_Coronas_Glow,128,128,32,RGBA8888,0x12,0,/home/z/my-project/download/TDKR_assets/textures_png/commons_tex/FX_Coronas_Glow.png,FX_Coronas_Glow.tga.bin
commons_tex,FX_Coronas_Spotlight,128,128,32,RGBA8888,0x12,0,/home/z/my-project/download/TDKR_assets/textures_png/commons_tex/FX_Coronas_Spotlight.png,FX_Coronas_Spotlight.tga.bin
commons_tex,FX_rain,512,512,4,ETC1,0x136,9,/home/z/my-project/download/TDKR_assets/textures_png/commons_tex/FX_rain.png,FX_rain.tga.bin
commons_tex,GC_ExhaustFan_Propeller,0,0,0,ZIP_SPLIT,0,0,,GC_ExhaustFan_Propeller.tga.bin
commons_tex,GC_FX_Water_Screen,512,512,4,ETC1,0x136,9,/home/z/my-project/download/TDKR_assets/textures_png/commons_tex/GC_FX_Water_Screen.png,GC_FX_Water_Screen.tga.bin
commons_tex,GC_Irr_Dummy,0,0,0,ZIP_SPLIT,0,0,,GC_Irr_Dummy.tga.bin
commons_tex,GC_Residential_Pipe,512,512,4,ETC1,0x136,9,/home/z/my-project/download/TDKR_assets/textures_png/commons_tex/GC_Residential_Pipe.png,GC_Residential_Pipe.tga.bin
commons_tex,GC_Residential_Props_Air_Duct,512,512,4,ETC1,0x136,9,/home/z/my-project/download/TDKR_assets/textures_png/commons_tex/GC_Residential_Props_Air_Duct.png,GC_Residential_Props_Air_Duct.tga.bin
commons_tex,GC_Residential_Props_Big_Vent,512,512,4,ETC1,0x136,9,/home/z/my-project/download/TDKR_assets/textures_png/commons_tex/GC_Residential_Props_Big_Vent.png,GC_Residential_Props_Big_Vent.tga.bin
commons_tex,GC_Residential_Props_Big_Vent_Top,0,0,0,ZIP_SPLIT,0,0,,GC_Residential_Props_Big_Vent_Top.tga.bin
commons_tex,GC_Residential_Props_Crate,512,512,4,ETC1,0x136,9,/home/z/my-project/download/TDKR_assets/textures_png/commons_tex/GC_Residential_Props_Crate.png,GC_Residential_Props_Crate.tga.bin
commons_tex,GC_Residential_Props_Flower_pot,512,512,4,ETC1,0x136,9,/home/z/my-project/download/TDKR_assets/textures_png/commons_tex/GC_Residential_Props_Flower_pot.png,GC_Residential_Props_Flower_pot.tga.bin
commons_tex,GC_Residential_Props_Platform,0,0,0,ZIP_SPLIT,0,0,,GC_Residential_Props_Platform.tga.bin
commons_tex,GC_Residential_Props_RoadStuff,512,512,4,ETC1,0x136,9,/home/z/my-project/download/TDKR_assets/textures_png/commons_tex/GC_Residential_Props_RoadStuff.png,GC_Residential_Props_RoadStuff.tga.bin
commons_tex,GC_Skybox,1024,1024,24,RGB888,0x15,0,/home/z/my-project/download/TDKR_assets/textures_png/commons_tex/GC_Skybox.png,GC_Skybox.tga.bin
commons_tex,GC_Skybox_02,1024,1024,24,RGB888,0x15,0,/home/z/my-project/download/TDKR_assets/textures_png/commons_tex/GC_Skybox_02.png,GC_Skybox_02.tga.bin
commons_tex,GC_Skybox_02_Industrial,1024,1024,24,RGB888,0x15,0,/home/z/my-project/download/TDKR_assets/textures_png/commons_tex/GC_Skybox_02_Industrial.png,GC_Skybox_02_Industrial.tga.bin
commons_tex,GC_Skybox_City,512,512,24,RGB888,0x15,0,/home/z/my-project/download/TDKR_assets/textures_png/commons_tex/GC_Skybox_City.png,GC_Skybox_City.tga.bin
commons_tex,GC_StockExchange_officeprops,2048,2048,4,ETC1,0x136,11,/home/z/my-project/download/TDKR_assets/textures_png/commons_tex/GC_StockExchange_officeprops.png,GC_StockExchange_officeprops.tga.bin
commons_tex,GC_refl_exterior,512,512,4,ETC1,0x136,9,/home/z/my-project/download/TDKR_assets/textures_png/commons_tex/GC_refl_exterior.png,GC_refl_exterior.tga.bin
commons_tex,GT-I9000_000_default,512,16,16,RGB565,0x13,0,/home/z/my-project/download/TDKR_assets/textures_png/commons_tex/GT-I9000_000_default.png,GT-I9000_000_default.tga.bin
commons_tex,GT-I9000_001_Stadium,512,16,16,RGB565,0x13,0,/home/z/my-project/download/TDKR_assets/textures_png/commons_tex/GT-I9000_001_Stadium.png,GT-I9000_001_Stadium.tga.bin
commons_tex,GT-I9000_002_Military,512,16,16,RGB565,0x13,0,/home/z/my-project/download/TDKR_assets/textures_png/commons_tex/GT-I9000_002_Military.png,GT-I9000_002_Military.tga.bin
commons_tex,GT-I9000_003_underground,512,16,16,RGB565,0x13,0,/home/z/my-project/download/TDKR_assets/textures_png/commons_tex/GT-I9000_003_underground.png,GT-I9000_003_underground.tga.bin
commons_tex,GT-I9000_005_menu,512,16,16,RGB565,0x13,0,/home/z/my-project/download/TDKR_assets/textures_png/commons_tex/GT-I9000_005_menu.png,GT-I9000_005_menu.tga.bin
commons_tex,GT-I9000_006_policestation,512,16,16,RGB565,0x13,0,/home/z/my-project/download/TDKR_assets/textures_png/commons_tex/GT-I9000_006_policestation.png,GT-I9000_006_policestation.tga.bin
commons_tex,GT-I9000_021_Test_AIchim,512,16,16,RGB565,0x13,0,/home/z/my-project/download/TDKR_assets/textures_png/commons_tex/GT-I9000_021_Test_AIchim.png,GT-I9000_021_Test_AIchim.tga.bin
commons_tex,GT-I9000_022_GothamCity,512,16,16,RGB565,0x13,0,/home/z/my-project/download/TDKR_assets/textures_png/commons_tex/GT-I9000_022_GothamCity.png,GT-I9000_022_GothamCity.tga.bin
commons_tex,GT-I9000_022_GothamCity_Industrial,512,16,16,RGB565,0x13,0,/home/z/my-project/download/TDKR_assets/textures_png/commons_tex/GT-I9000_022_GothamCity_Industrial.png,GT-I9000_022_GothamCity_Industrial.tga.bin
commons_tex,GT-I9000_023_lighting,512,16,16,RGB565,0x13,0,/home/z/my-project/download/TDKR_assets/textures_png/commons_tex/GT-I9000_023_lighting.png,GT-I9000_023_lighting.tga.bin
commons_tex,GT-I9000_024_default,512,16,16,RGB565,0x13,0,/home/z/my-project/download/TDKR_assets/textures_png/commons_tex/GT-I9000_024_default.png,GT-I9000_024_default.tga.bin
commons_tex,GT-I9000_025_IRRt,512,16,16,RGB565,0x13,0,/home/z/my-project/download/TDKR_assets/textures_png/commons_tex/GT-I9000_025_IRRt.png,GT-I9000_025_IRRt.tga.bin
commons_tex,GT-I9000_026_stock,512,16,16,RGB565,0x13,0,/home/z/my-project/download/TDKR_assets/textures_png/commons_tex/GT-I9000_026_stock.png,GT-I9000_026_stock.tga.bin
commons_tex,GT-I9000_027_WM,512,16,16,RGB565,0x13,0,/home/z/my-project/download/TDKR_assets/textures_png/commons_tex/GT-I9000_027_WM.png,GT-I9000_027_WM.tga.bin
commons_tex,GT-I9000_028_ThePit,512,16,16,RGB565,0x13,0,/home/z/my-project/download/TDKR_assets/textures_png/commons_tex/GT-I9000_028_ThePit.png,GT-I9000_028_ThePit.tga.bin
commons_tex,GT-I9000_029_policestation,512,16,16,RGB565,0x13,0,/home/z/my-project/download/TDKR_assets/textures_png/commons_tex/GT-I9000_029_policestation.png,GT-I9000_029_policestation.tga.bin
commons_tex,GT-I9000_030_CraneGas,512,16,16,RGB565,0x13,0,/home/z/my-project/download/TDKR_assets/textures_png/commons_tex/GT-I9000_030_CraneGas.png,GT-I9000_030_CraneGas.tga.bin
commons_tex,GT-I9000_031_GothamCity_Industrial,512,16,16,RGB565,0x13,0,/home/z/my-project/download/TDKR_assets/textures_png/commons_tex/GT-I9000_031_GothamCity_Industrial.png,GT-I9000_031_GothamCity_Industrial.tga.bin
commons_tex,GT-I9000_031_GothamCity_Island2_Industrial,512,16,16,RGB565,0x13,0,/home/z/my-project/download/TDKR_assets/textures_png/commons_tex/GT-I9000_031_GothamCity_Island2_Industrial.png,GT-I9000_031_GothamCity_Island2_Industrial.tga.bin
commons_tex,GT-I9000_032_GothamCity_VPOW,512,16,16,RGB565,0x13,0,/home/z/my-project/download/TDKR_assets/textures_png/commons_tex/GT-I9000_032_GothamCity_VPOW.png,GT-I9000_032_GothamCity_VPOW.tga.bin
commons_tex,GT-I9000_033_GothamCity_Island1_Industrial,512,16,16,RGB565,0x13,0,/home/z/my-project/download/TDKR_assets/textures_png/commons_tex/GT-I9000_033_GothamCity_Island1_Industrial.png,GT-I9000_033_GothamCity_Island1_Industrial.tga.bin
commons_tex,GT-I9000_034_claudiu,512,16,16,RGB565,0x13,0,/home/z/my-project/download/TDKR_assets/textures_png/commons_tex/GT-I9000_034_claudiu.png,GT-I9000_034_claudiu.tga.bin
commons_tex,GT-I9000_035_nightvision,512,16,16,RGB565,0x13,0,/home/z/my-project/download/TDKR_assets/textures_png/commons_tex/GT-I9000_035_nightvision.png,GT-I9000_035_nightvision.tga.bin
commons_tex,GT-I9100_000_default,512,16,16,RGB565,0x13,0,/home/z/my-project/download/TDKR_assets/textures_png/commons_tex/GT-I9100_000_default.png,GT-I9100_000_default.tga.bin
commons_tex,GT-I9100_001_Stadium,512,16,16,RGB565,0x13,0,/home/z/my-project/download/TDKR_assets/textures_png/commons_tex/GT-I9100_001_Stadium.png,GT-I9100_001_Stadium.tga.bin
commons_tex,GT-I9100_002_Military,512,16,16,RGB565,0x13,0,/home/z/my-project/download/TDKR_assets/textures_png/commons_tex/GT-I9100_002_Military.png,GT-I9100_002_Military.tga.bin
commons_tex,GT-I9100_003_underground,512,16,16,RGB565,0x13,0,/home/z/my-project/download/TDKR_assets/textures_png/commons_tex/GT-I9100_003_underground.png,GT-I9100_003_underground.tga.bin
commons_tex,GT-I9100_005_menu,512,16,16,RGB565,0x13,0,/home/z/my-project/download/TDKR_assets/textures_png/commons_tex/GT-I9100_005_menu.png,GT-I9100_005_menu.tga.bin
commons_tex,GT-I9100_006_policestation,512,16,16,RGB565,0x13,0,/home/z/my-project/download/TDKR_assets/textures_png/commons_tex/GT-I9100_006_policestation.png,GT-I9100_006_policestation.tga.bin
commons_tex,GT-I9100_021_Test_AIchim,512,16,16,RGB565,0x13,0,/home/z/my-project/download/TDKR_assets/textures_png/commons_tex/GT-I9100_021_Test_AIchim.png,GT-I9100_021_Test_AIchim.tga.bin
commons_tex,GT-I9100_022_GothamCity,512,16,16,RGB565,0x13,0,/home/z/my-project/download/TDKR_assets/textures_png/commons_tex/GT-I9100_022_GothamCity.png,GT-I9100_022_GothamCity.tga.bin
commons_tex,GT-I9100_022_GothamCity_Industrial,512,16,16,RGB565,0x13,0,/home/z/my-project/download/TDKR_assets/textures_png/commons_tex/GT-I9100_022_GothamCity_Industrial.png,GT-I9100_022_GothamCity_Industrial.tga.bin
commons_tex,GT-I9100_023_lighting,512,16,16,RGB565,0x13,0,/home/z/my-project/download/TDKR_assets/textures_png/commons_tex/GT-I9100_023_lighting.png,GT-I9100_023_lighting.tga.bin
commons_tex,GT-I9100_024_default,512,16,16,RGB565,0x13,0,/home/z/my-project/download/TDKR_assets/textures_png/commons_tex/GT-I9100_024_default.png,GT-I9100_024_default.tga.bin
commons_tex,GT-I9100_025_IRRt,512,16,16,RGB565,0x13,0,/home/z/my-project/download/TDKR_assets/textures_png/commons_tex/GT-I9100_025_IRRt.png,GT-I9100_025_IRRt.tga.bin
commons_tex,GT-I9100_026_stock,512,16,16,RGB565,0x13,0,/home/z/my-project/download/TDKR_assets/textures_png/commons_tex/GT-I9100_026_stock.png,GT-I9100_026_stock.tga.bin
commons_tex,GT-I9100_027_WM,512,16,16,RGB565,0x13,0,/home/z/my-project/download/TDKR_assets/textures_png/commons_tex/GT-I9100_027_WM.png,GT-I9100_027_WM.tga.bin
commons_tex,GT-I9100_028_ThePit,512,16,16,RGB565,0x13,0,/home/z/my-project/download/TDKR_assets/textures_png/commons_tex/GT-I9100_028_ThePit.png,GT-I9100_028_ThePit.tga.bin
commons_tex,GT-I9100_029_policestation,512,16,16,RGB565,0x13,0,/home/z/my-project/download/TDKR_assets/textures_png/commons_tex/GT-I9100_029_policestation.png,GT-I9100_029_policestation.tga.bin
commons_tex,GT-I9100_030_CraneGas,512,16,16,RGB565,0x13,0,/home/z/my-project/download/TDKR_assets/textures_png/commons_tex/GT-I9100_030_CraneGas.png,GT-I9100_030_CraneGas.tga.bin
commons_tex,GT-I9100_031_GothamCity_Industrial,512,16,16,RGB565,0x13,0,/home/z/my-project/download/TDKR_assets/textures_png/commons_tex/GT-I9100_031_GothamCity_Industrial.png,GT-I9100_031_GothamCity_Industrial.tga.bin
commons_tex,GT-I9100_031_GothamCity_Island2_Industrial,512,16,16,RGB565,0x13,0,/home/z/my-project/download/TDKR_assets/textures_png/commons_tex/GT-I9100_031_GothamCity_Island2_Industrial.png,GT-I9100_031_GothamCity_Island2_Industrial.tga.bin
commons_tex,GT-I9100_032_GothamCity_VPOW,512,16,16,RGB565,0x13,0,/home/z/my-project/download/TDKR_assets/textures_png/commons_tex/GT-I9100_032_GothamCity_VPOW.png,GT-I9100_032_GothamCity_VPOW.tga.bin
commons_tex,GT-I9100_033_GothamCity_Island1_Industrial,512,16,16,RGB565,0x13,0,/home/z/my-project/download/TDKR_assets/textures_png/commons_tex/GT-I9100_033_GothamCity_Island1_Industrial.png,GT-I9100_033_GothamCity_Island1_Industrial.tga.bin
commons_tex,GT-I9100_034_claudiu,512,16,16,RGB565,0x13,0,/home/z/my-project/download/TDKR_assets/textures_png/commons_tex/GT-I9100_034_claudiu.png,GT-I9100_034_claudiu.tga.bin
commons_tex,GT-I9100_035_nightvision,512,16,16,RGB565,0x13,0,/home/z/my-project/download/TDKR_assets/textures_png/commons_tex/GT-I9100_035_nightvision.png,GT-I9100_035_nightvision.tga.bin
commons_tex,GT-I9220_000_default,512,16,16,RGB565,0x13,0,/home/z/my-project/download/TDKR_assets/textures_png/commons_tex/GT-I9220_000_default.png,GT-I9220_000_default.tga.bin
commons_tex,GT-I9220_001_Stadium,512,16,16,RGB565,0x13,0,/home/z/my-project/download/TDKR_assets/textures_png/commons_tex/GT-I9220_001_Stadium.png,GT-I9220_001_Stadium.tga.bin
commons_tex,GT-I9220_002_Military,512,16,16,RGB565,0x13,0,/home/z/my-project/download/TDKR_assets/textures_png/commons_tex/GT-I9220_002_Military.png,GT-I9220_002_Military.tga.bin
commons_tex,GT-I9220_003_underground,512,16,16,RGB565,0x13,0,/home/z/my-project/download/TDKR_assets/textures_png/commons_tex/GT-I9220_003_underground.png,GT-I9220_003_underground.tga.bin
commons_tex,GT-I9220_005_menu,512,16,16,RGB565,0x13,0,/home/z/my-project/download/TDKR_assets/textures_png/commons_tex/GT-I9220_005_menu.png,GT-I9220_005_menu.tga.bin
commons_tex,GT-I9220_006_policestation,512,16,16,RGB565,0x13,0,/home/z/my-project/download/TDKR_assets/textures_png/commons_tex/GT-I9220_006_policestation.png,GT-I9220_006_policestation.tga.bin
commons_tex,GT-I9220_021_Test_AIchim,512,16,16,RGB565,0x13,0,/home/z/my-project/download/TDKR_assets/textures_png/commons_tex/GT-I9220_021_Test_AIchim.png,GT-I9220_021_Test_AIchim.tga.bin
commons_tex,GT-I9220_022_GothamCity,512,16,16,RGB565,0x13,0,/home/z/my-project/download/TDKR_assets/textures_png/commons_tex/GT-I9220_022_GothamCity.png,GT-I9220_022_GothamCity.tga.bin
commons_tex,GT-I9220_023_lighting,512,16,16,RGB565,0x13,0,/home/z/my-project/download/TDKR_assets/textures_png/commons_tex/GT-I9220_023_lighting.png,GT-I9220_023_lighting.tga.bin
commons_tex,GT-I9220_024_default,512,16,16,RGB565,0x13,0,/home/z/my-project/download/TDKR_assets/textures_png/commons_tex/GT-I9220_024_default.png,GT-I9220_024_default.tga.bin
commons_tex,GT-I9220_025_IRRt,512,16,16,RGB565,0x13,0,/home/z/my-project/download/TDKR_assets/textures_png/commons_tex/GT-I9220_025_IRRt.png,GT-I9220_025_IRRt.tga.bin
commons_tex,GT-I9220_026_stock,512,16,16,RGB565,0x13,0,/home/z/my-project/download/TDKR_assets/textures_png/commons_tex/GT-I9220_026_stock.png,GT-I9220_026_stock.tga.bin
commons_tex,GT-I9220_027_WM,512,16,16,RGB565,0x13,0,/home/z/my-project/download/TDKR_assets/textures_png/commons_tex/GT-I9220_027_WM.png,GT-I9220_027_WM.tga.bin
commons_tex,GT-I9220_028_ThePit,512,16,16,RGB565,0x13,0,/home/z/my-project/download/TDKR_assets/textures_png/commons_tex/GT-I9220_028_ThePit.png,GT-I9220_028_ThePit.tga.bin
commons_tex,GT-I9220_029_policestation,512,16,16,RGB565,0x13,0,/home/z/my-project/download/TDKR_assets/textures_png/commons_tex/GT-I9220_029_policestation.png,GT-I9220_029_policestation.tga.bin
commons_tex,GT-I9220_030_CraneGas,512,16,16,RGB565,0x13,0,/home/z/my-project/download/TDKR_assets/textures_png/commons_tex/GT-I9220_030_CraneGas.png,GT-I9220_030_CraneGas.tga.bin
commons_tex,GT-I9220_031_GothamCity_Industrial,512,16,16,RGB565,0x13,0,/home/z/my-project/download/TDKR_assets/textures_png/commons_tex/GT-I9220_031_GothamCity_Industrial.png,GT-I9220_031_GothamCity_Industrial.tga.bin
commons_tex,GT-I9220_031_GothamCity_Island2_Industrial,512,16,16,RGB565,0x13,0,/home/z/my-project/download/TDKR_assets/textures_png/commons_tex/GT-I9220_031_GothamCity_Island2_Industrial.png,GT-I9220_031_GothamCity_Island2_Industrial.tga.bin
commons_tex,GT-I9220_032_GothamCity_VPOW,512,16,16,RGB565,0x13,0,/home/z/my-project/download/TDKR_assets/textures_png/commons_tex/GT-I9220_032_GothamCity_VPOW.png,GT-I9220_032_GothamCity_VPOW.tga.bin
commons_tex,GT-I9220_033_GothamCity_Island1_Industrial,512,16,16,RGB565,0x13,0,/home/z/my-project/download/TDKR_assets/textures_png/commons_tex/GT-I9220_033_GothamCity_Island1_Industrial.png,GT-I9220_033_GothamCity_Island1_Industrial.tga.bin
commons_tex,GT-I9220_034_claudiu,512,16,16,RGB565,0x13,0,/home/z/my-project/download/TDKR_assets/textures_png/commons_tex/GT-I9220_034_claudiu.png,GT-I9220_034_claudiu.tga.bin
commons_tex,GT-I9220_035_nightvision,512,16,16,RGB565,0x13,0,/home/z/my-project/download/TDKR_assets/textures_png/commons_tex/GT-I9220_035_nightvision.png,GT-I9220_035_nightvision.tga.bin
commons_tex,GT-I9300_000_default,512,16,16,RGB565,0x13,0,/home/z/my-project/download/TDKR_assets/textures_png/commons_tex/GT-I9300_000_default.png,GT-I9300_000_default.tga.bin
commons_tex,GT-I9300_001_Stadium,512,16,16,RGB565,0x13,0,/home/z/my-project/download/TDKR_assets/textures_png/commons_tex/GT-I9300_001_Stadium.png,GT-I9300_001_Stadium.tga.bin
commons_tex,GT-I9300_002_Military,512,16,16,RGB565,0x13,0,/home/z/my-project/download/TDKR_assets/textures_png/commons_tex/GT-I9300_002_Military.png,GT-I9300_002_Military.tga.bin
commons_tex,GT-I9300_003_underground,512,16,16,RGB565,0x13,0,/home/z/my-project/download/TDKR_assets/textures_png/commons_tex/GT-I9300_003_underground.png,GT-I9300_003_underground.tga.bin
commons_tex,GT-I9300_005_menu,512,16,16,RGB565,0x13,0,/home/z/my-project/download/TDKR_assets/textures_png/commons_tex/GT-I9300_005_menu.png,GT-I9300_005_menu.tga.bin
commons_tex,GT-I9300_006_policestation,512,16,16,RGB565,0x13,0,/home/z/my-project/download/TDKR_assets/textures_png/commons_tex/GT-I9300_006_policestation.png,GT-I9300_006_policestation.tga.bin
commons_tex,GT-I9300_021_Test_AIchim,512,16,16,RGB565,0x13,0,/home/z/my-project/download/TDKR_assets/textures_png/commons_tex/GT-I9300_021_Test_AIchim.png,GT-I9300_021_Test_AIchim.tga.bin
commons_tex,GT-I9300_022_GothamCity,512,16,16,RGB565,0x13,0,/home/z/my-project/download/TDKR_assets/textures_png/commons_tex/GT-I9300_022_GothamCity.png,GT-I9300_022_GothamCity.tga.bin
commons_tex,GT-I9300_022_GothamCity_Industrial,512,16,16,RGB565,0x13,0,/home/z/my-project/download/TDKR_assets/textures_png/commons_tex/GT-I9300_022_GothamCity_Industrial.png,GT-I9300_022_GothamCity_Industrial.tga.bin
commons_tex,GT-I9300_023_lighting,512,16,16,RGB565,0x13,0,/home/z/my-project/download/TDKR_assets/textures_png/commons_tex/GT-I9300_023_lighting.png,GT-I9300_023_lighting.tga.bin
commons_tex,GT-I9300_024_default,512,16,16,RGB565,0x13,0,/home/z/my-project/download/TDKR_assets/textures_png/commons_tex/GT-I9300_024_default.png,GT-I9300_024_default.tga.bin
commons_tex,GT-I9300_025_IRRt,512,16,16,RGB565,0x13,0,/home/z/my-project/download/TDKR_assets/textures_png/commons_tex/GT-I9300_025_IRRt.png,GT-I9300_025_IRRt.tga.bin
commons_tex,GT-I9300_026_stock,512,16,16,RGB565,0x13,0,/home/z/my-project/download/TDKR_assets/textures_png/commons_tex/GT-I9300_026_stock.png,GT-I9300_026_stock.tga.bin
commons_tex,GT-I9300_027_WM,512,16,16,RGB565,0x13,0,/home/z/my-project/download/TDKR_assets/textures_png/commons_tex/GT-I9300_027_WM.png,GT-I9300_027_WM.tga.bin
commons_tex,GT-I9300_028_ThePit,512,16,16,RGB565,0x13,0,/home/z/my-project/download/TDKR_assets/textures_png/commons_tex/GT-I9300_028_ThePit.png,GT-I9300_028_ThePit.tga.bin
commons_tex,GT-I9300_029_policestation,512,16,16,RGB565,0x13,0,/home/z/my-project/download/TDKR_assets/textures_png/commons_tex/GT-I9300_029_policestation.png,GT-I9300_029_policestation.tga.bin
commons_tex,GT-I9300_030_CraneGas,512,16,16,RGB565,0x13,0,/home/z/my-project/download/TDKR_assets/textures_png/commons_tex/GT-I9300_030_CraneGas.png,GT-I9300_030_CraneGas.tga.bin
commons_tex,GT-I9300_031_GothamCity_Industrial,512,16,16,RGB565,0x13,0,/home/z/my-project/download/TDKR_assets/textures_png/commons_tex/GT-I9300_031_GothamCity_Industrial.png,GT-I9300_031_GothamCity_Industrial.tga.bin
commons_tex,GT-I9300_031_GothamCity_Island2_Industrial,512,16,16,RGB565,0x13,0,/home/z/my-project/download/TDKR_assets/textures_png/commons_tex/GT-I9300_031_GothamCity_Island2_Industrial.png,GT-I9300_031_GothamCity_Island2_Industrial.tga.bin
commons_tex,GT-I9300_032_GothamCity_VPOW,512,16,16,RGB565,0x13,0,/home/z/my-project/download/TDKR_assets/textures_png/commons_tex/GT-I9300_032_GothamCity_VPOW.png,GT-I9300_032_GothamCity_VPOW.tga.bin
commons_tex,GT-I9300_033_GothamCity_Island1_Industrial,512,16,16,RGB565,0x13,0,/home/z/my-project/download/TDKR_assets/textures_png/commons_tex/GT-I9300_033_GothamCity_Island1_Industrial.png,GT-I9300_033_GothamCity_Island1_Industrial.tga.bin
commons_tex,GT-I9300_034_claudiu,512,16,16,RGB565,0x13,0,/home/z/my-project/download/TDKR_assets/textures_png/commons_tex/GT-I9300_034_claudiu.png,GT-I9300_034_claudiu.tga.bin
commons_tex,GT-I9300_035_nightvision,512,16,16,RGB565,0x13,0,/home/z/my-project/download/TDKR_assets/textures_png/commons_tex/GT-I9300_035_nightvision.png,GT-I9300_035_nightvision.tga.bin
commons_tex,GT-N7000_000_default,512,16,16,RGB565,0x13,0,/home/z/my-project/download/TDKR_assets/textures_png/commons_tex/GT-N7000_000_default.png,GT-N7000_000_default.tga.bin
commons_tex,GT-N7000_001_Stadium,512,16,16,RGB565,0x13,0,/home/z/my-project/download/TDKR_assets/textures_png/commons_tex/GT-N7000_001_Stadium.png,GT-N7000_001_Stadium.tga.bin
commons_tex,GT-N7000_002_Military,512,16,16,RGB565,0x13,0,/home/z/my-project/download/TDKR_assets/textures_png/commons_tex/GT-N7000_002_Military.png,GT-N7000_002_Military.tga.bin
commons_tex,GT-N7000_003_underground,512,16,16,RGB565,0x13,0,/home/z/my-project/download/TDKR_assets/textures_png/commons_tex/GT-N7000_003_underground.png,GT-N7000_003_underground.tga.bin
commons_tex,GT-N7000_005_menu,512,16,16,RGB565,0x13,0,/home/z/my-project/download/TDKR_assets/textures_png/commons_tex/GT-N7000_005_menu.png,GT-N7000_005_menu.tga.bin
commons_tex,GT-N7000_006_policestation,512,16,16,RGB565,0x13,0,/home/z/my-project/download/TDKR_assets/textures_png/commons_tex/GT-N7000_006_policestation.png,GT-N7000_006_policestation.tga.bin
commons_tex,GT-N7000_021_Test_AIchim,512,16,16,RGB565,0x13,0,/home/z/my-project/download/TDKR_assets/textures_png/commons_tex/GT-N7000_021_Test_AIchim.png,GT-N7000_021_Test_AIchim.tga.bin
commons_tex,GT-N7000_022_GothamCity,512,16,16,RGB565,0x13,0,/home/z/my-project/download/TDKR_assets/textures_png/commons_tex/GT-N7000_022_GothamCity.png,GT-N7000_022_GothamCity.tga.bin
commons_tex,GT-N7000_023_lighting,512,16,16,RGB565,0x13,0,/home/z/my-project/download/TDKR_assets/textures_png/commons_tex/GT-N7000_023_lighting.png,GT-N7000_023_lighting.tga.bin
commons_tex,GT-N7000_024_default,512,16,16,RGB565,0x13,0,/home/z/my-project/download/TDKR_assets/textures_png/commons_tex/GT-N7000_024_default.png,GT-N7000_024_default.tga.bin
commons_tex,GT-N7000_025_IRRt,512,16,16,RGB565,0x13,0,/home/z/my-project/download/TDKR_assets/textures_png/commons_tex/GT-N7000_025_IRRt.png,GT-N7000_025_IRRt.tga.bin
commons_tex,GT-N7000_026_stock,512,16,16,RGB565,0x13,0,/home/z/my-project/download/TDKR_assets/textures_png/commons_tex/GT-N7000_026_stock.png,GT-N7000_026_stock.tga.bin
commons_tex,GT-N7000_027_WM,512,16,16,RGB565,0x13,0,/home/z/my-project/download/TDKR_assets/textures_png/commons_tex/GT-N7000_027_WM.png,GT-N7000_027_WM.tga.bin
commons_tex,GT-N7000_028_ThePit,512,16,16,RGB565,0x13,0,/home/z/my-project/download/TDKR_assets/textures_png/commons_tex/GT-N7000_028_ThePit.png,GT-N7000_028_ThePit.tga.bin
commons_tex,GT-N7000_029_policestation,512,16,16,RGB565,0x13,0,/home/z/my-project/download/TDKR_assets/textures_png/commons_tex/GT-N7000_029_policestation.png,GT-N7000_029_policestation.tga.bin
commons_tex,GT-N7000_030_CraneGas,512,16,16,RGB565,0x13,0,/home/z/my-project/download/TDKR_assets/textures_png/commons_tex/GT-N7000_030_CraneGas.png,GT-N7000_030_CraneGas.tga.bin
commons_tex,GT-N7000_031_GothamCity_Industrial,512,16,16,RGB565,0x13,0,/home/z/my-project/download/TDKR_assets/textures_png/commons_tex/GT-N7000_031_GothamCity_Industrial.png,GT-N7000_031_GothamCity_Industrial.tga.bin
commons_tex,GT-N7000_031_GothamCity_Island2_Industrial,512,16,16,RGB565,0x13,0,/home/z/my-project/download/TDKR_assets/textures_png/commons_tex/GT-N7000_031_GothamCity_Island2_Industrial.png,GT-N7000_031_GothamCity_Island2_Industrial.tga.bin
commons_tex,GT-N7000_032_GothamCity_VPOW,512,16,16,RGB565,0x13,0,/home/z/my-project/download/TDKR_assets/textures_png/commons_tex/GT-N7000_032_GothamCity_VPOW.png,GT-N7000_032_GothamCity_VPOW.tga.bin
commons_tex,GT-N7000_033_GothamCity_Island1_Industrial,512,16,16,RGB565,0x13,0,/home/z/my-project/download/TDKR_assets/textures_png/commons_tex/GT-N7000_033_GothamCity_Island1_Industrial.png,GT-N7000_033_GothamCity_Island1_Industrial.tga.bin
commons_tex,GT-N7000_034_claudiu,512,16,16,RGB565,0x13,0,/home/z/my-project/download/TDKR_assets/textures_png/commons_tex/GT-N7000_034_claudiu.png,GT-N7000_034_claudiu.tga.bin
commons_tex,GT-N7000_035_nightvision,512,16,16,RGB565,0x13,0,/home/z/my-project/download/TDKR_assets/textures_png/commons_tex/GT-N7000_035_nightvision.png,GT-N7000_035_nightvision.tga.bin
commons_tex,GT-P1000_000_default,512,16,16,RGB565,0x13,0,/home/z/my-project/download/TDKR_assets/textures_png/commons_tex/GT-P1000_000_default.png,GT-P1000_000_default.tga.bin
commons_tex,GT-P1000_001_Stadium,512,16,16,RGB565,0x13,0,/home/z/my-project/download/TDKR_assets/textures_png/commons_tex/GT-P1000_001_Stadium.png,GT-P1000_001_Stadium.tga.bin
commons_tex,GT-P1000_002_Military,512,16,16,RGB565,0x13,0,/home/z/my-project/download/TDKR_assets/textures_png/commons_tex/GT-P1000_002_Military.png,GT-P1000_002_Military.tga.bin
commons_tex,GT-P1000_003_underground,512,16,16,RGB565,0x13,0,/home/z/my-project/download/TDKR_assets/textures_png/commons_tex/GT-P1000_003_underground.png,GT-P1000_003_underground.tga.bin
commons_tex,GT-P1000_005_menu,512,16,16,RGB565,0x13,0,/home/z/my-project/download/TDKR_assets/textures_png/commons_tex/GT-P1000_005_menu.png,GT-P1000_005_menu.tga.bin
commons_tex,GT-P1000_006_policestation,512,16,16,RGB565,0x13,0,/home/z/my-project/download/TDKR_assets/textures_png/commons_tex/GT-P1000_006_policestation.png,GT-P1000_006_policestation.tga.bin
commons_tex,GT-P1000_021_Test_AIchim,512,16,16,RGB565,0x13,0,/home/z/my-project/download/TDKR_assets/textures_png/commons_tex/GT-P1000_021_Test_AIchim.png,GT-P1000_021_Test_AIchim.tga.bin
commons_tex,GT-P1000_022_GothamCity,512,16,16,RGB565,0x13,0,/home/z/my-project/download/TDKR_assets/textures_png/commons_tex/GT-P1000_022_GothamCity.png,GT-P1000_022_GothamCity.tga.bin
commons_tex,GT-P1000_022_GothamCity_Industrial,512,16,16,RGB565,0x13,0,/home/z/my-project/download/TDKR_assets/textures_png/commons_tex/GT-P1000_022_GothamCity_Industrial.png,GT-P1000_022_GothamCity_Industrial.tga.bin
commons_tex,GT-P1000_023_lighting,512,16,16,RGB565,0x13,0,/home/z/my-project/download/TDKR_assets/textures_png/commons_tex/GT-P1000_023_lighting.png,GT-P1000_023_lighting.tga.bin
commons_tex,GT-P1000_024_default,512,16,16,RGB565,0x13,0,/home/z/my-project/download/TDKR_assets/textures_png/commons_tex/GT-P1000_024_default.png,GT-P1000_024_default.tga.bin
commons_tex,GT-P1000_025_IRRt,512,16,16,RGB565,0x13,0,/home/z/my-project/download/TDKR_assets/textures_png/commons_tex/GT-P1000_025_IRRt.png,GT-P1000_025_IRRt.tga.bin
commons_tex,GT-P1000_026_stock,512,16,16,RGB565,0x13,0,/home/z/my-project/download/TDKR_assets/textures_png/commons_tex/GT-P1000_026_stock.png,GT-P1000_026_stock.tga.bin
commons_tex,GT-P1000_027_WM,512,16,16,RGB565,0x13,0,/home/z/my-project/download/TDKR_assets/textures_png/commons_tex/GT-P1000_027_WM.png,GT-P1000_027_WM.tga.bin
commons_tex,GT-P1000_028_ThePit,512,16,16,RGB565,0x13,0,/home/z/my-project/download/TDKR_assets/textures_png/commons_tex/GT-P1000_028_ThePit.png,GT-P1000_028_ThePit.tga.bin
commons_tex,GT-P1000_029_policestation,512,16,16,RGB565,0x13,0,/home/z/my-project/download/TDKR_assets/textures_png/commons_tex/GT-P1000_029_policestation.png,GT-P1000_029_policestation.tga.bin
commons_tex,GT-P1000_030_CraneGas,512,16,16,RGB565,0x13,0,/home/z/my-project/download/TDKR_assets/textures_png/commons_tex/GT-P1000_030_CraneGas.png,GT-P1000_030_CraneGas.tga.bin
commons_tex,GT-P1000_031_GothamCity_Industrial,512,16,16,RGB565,0x13,0,/home/z/my-project/download/TDKR_assets/textures_png/commons_tex/GT-P1000_031_GothamCity_Industrial.png,GT-P1000_031_GothamCity_Industrial.tga.bin
commons_tex,GT-P1000_031_GothamCity_Island2_Industrial,512,16,16,RGB565,0x13,0,/home/z/my-project/download/TDKR_assets/textures_png/commons_tex/GT-P1000_031_GothamCity_Island2_Industrial.png,GT-P1000_031_GothamCity_Island2_Industrial.tga.bin
commons_tex,GT-P1000_032_GothamCity_VPOW,512,16,16,RGB565,0x13,0,/home/z/my-project/download/TDKR_assets/textures_png/commons_tex/GT-P1000_032_GothamCity_VPOW.png,GT-P1000_032_GothamCity_VPOW.tga.bin
commons_tex,GT-P1000_033_GothamCity_Island1_Industrial,512,16,16,RGB565,0x13,0,/home/z/my-project/download/TDKR_assets/textures_png/commons_tex/GT-P1000_033_GothamCity_Island1_Industrial.png,GT-P1000_033_GothamCity_Island1_Industrial.tga.bin
commons_tex,GT-P1000_034_claudiu,512,16,16,RGB565,0x13,0,/home/z/my-project/download/TDKR_assets/textures_png/commons_tex/GT-P1000_034_claudiu.png,GT-P1000_034_claudiu.tga.bin
commons_tex,GT-P1000_035_nightvision,512,16,16,RGB565,0x13,0,/home/z/my-project/download/TDKR_assets/textures_png/commons_tex/GT-P1000_035_nightvision.png,GT-P1000_035_nightvision.tga.bin
commons_tex,Galaxy_Nexus_000_default,512,16,16,RGB565,0x13,0,/home/z/my-project/download/TDKR_assets/textures_png/commons_tex/Galaxy_Nexus_000_default.png,Galaxy_Nexus_000_default.tga.bin
commons_tex,Galaxy_Nexus_001_Stadium,512,16,16,RGB565,0x13,0,/home/z/my-project/download/TDKR_assets/textures_png/commons_tex/Galaxy_Nexus_001_Stadium.png,Galaxy_Nexus_001_Stadium.tga.bin
commons_tex,Galaxy_Nexus_002_Military,512,16,16,RGB565,0x13,0,/home/z/my-project/download/TDKR_assets/textures_png/commons_tex/Galaxy_Nexus_002_Military.png,Galaxy_Nexus_002_Military.tga.bin
commons_tex,Galaxy_Nexus_003_underground,512,16,16,RGB565,0x13,0,/home/z/my-project/download/TDKR_assets/textures_png/commons_tex/Galaxy_Nexus_003_underground.png,Galaxy_Nexus_003_underground.tga.bin
commons_tex,Galaxy_Nexus_005_menu,512,16,16,RGB565,0x13,0,/home/z/my-project/download/TDKR_assets/textures_png/commons_tex/Galaxy_Nexus_005_menu.png,Galaxy_Nexus_005_menu.tga.bin
commons_tex,Galaxy_Nexus_006_policestation,512,16,16,RGB565,0x13,0,/home/z/my-project/download/TDKR_assets/textures_png/commons_tex/Galaxy_Nexus_006_policestation.png,Galaxy_Nexus_006_policestation.tga.bin
commons_tex,Galaxy_Nexus_021_Test_AIchim,512,16,16,RGB565,0x13,0,/home/z/my-project/download/TDKR_assets/textures_png/commons_tex/Galaxy_Nexus_021_Test_AIchim.png,Galaxy_Nexus_021_Test_AIchim.tga.bin
commons_tex,Galaxy_Nexus_022_GothamCity,512,16,16,RGB565,0x13,0,/home/z/my-project/download/TDKR_assets/textures_png/commons_tex/Galaxy_Nexus_022_GothamCity.png,Galaxy_Nexus_022_GothamCity.tga.bin
commons_tex,Galaxy_Nexus_022_GothamCity_Industrial,512,16,16,RGB565,0x13,0,/home/z/my-project/download/TDKR_assets/textures_png/commons_tex/Galaxy_Nexus_022_GothamCity_Industrial.png,Galaxy_Nexus_022_GothamCity_Industrial.tga.bin
commons_tex,Galaxy_Nexus_023_lighting,512,16,16,RGB565,0x13,0,/home/z/my-project/download/TDKR_assets/textures_png/commons_tex/Galaxy_Nexus_023_lighting.png,Galaxy_Nexus_023_lighting.tga.bin
commons_tex,Galaxy_Nexus_024_default,512,16,16,RGB565,0x13,0,/home/z/my-project/download/TDKR_assets/textures_png/commons_tex/Galaxy_Nexus_024_default.png,Galaxy_Nexus_024_default.tga.bin
commons_tex,Galaxy_Nexus_025_IRRt,512,16,16,RGB565,0x13,0,/home/z/my-project/download/TDKR_assets/textures_png/commons_tex/Galaxy_Nexus_025_IRRt.png,Galaxy_Nexus_025_IRRt.tga.bin
commons_tex,Galaxy_Nexus_026_stock,512,16,16,RGB565,0x13,0,/home/z/my-project/download/TDKR_assets/textures_png/commons_tex/Galaxy_Nexus_026_stock.png,Galaxy_Nexus_026_stock.tga.bin
commons_tex,Galaxy_Nexus_027_WM,512,16,16,RGB565,0x13,0,/home/z/my-project/download/TDKR_assets/textures_png/commons_tex/Galaxy_Nexus_027_WM.png,Galaxy_Nexus_027_WM.tga.bin
commons_tex,Galaxy_Nexus_028_ThePit,512,16,16,RGB565,0x13,0,/home/z/my-project/download/TDKR_assets/textures_png/commons_tex/Galaxy_Nexus_028_ThePit.png,Galaxy_Nexus_028_ThePit.tga.bin
commons_tex,Galaxy_Nexus_029_policestation,512,16,16,RGB565,0x13,0,/home/z/my-project/download/TDKR_assets/textures_png/commons_tex/Galaxy_Nexus_029_policestation.png,Galaxy_Nexus_029_policestation.tga.bin
commons_tex,Galaxy_Nexus_030_CraneGas,512,16,16,RGB565,0x13,0,/home/z/my-project/download/TDKR_assets/textures_png/commons_tex/Galaxy_Nexus_030_CraneGas.png,Galaxy_Nexus_030_CraneGas.tga.bin
commons_tex,Galaxy_Nexus_031_GothamCity_Industrial,512,16,16,RGB565,0x13,0,/home/z/my-project/download/TDKR_assets/textures_png/commons_tex/Galaxy_Nexus_031_GothamCity_Industrial.png,Galaxy_Nexus_031_GothamCity_Industrial.tga.bin
commons_tex,Galaxy_Nexus_031_GothamCity_Island2_Industrial,512,16,16,RGB565,0x13,0,/home/z/my-project/download/TDKR_assets/textures_png/commons_tex/Galaxy_Nexus_031_GothamCity_Island2_Industrial.png,Galaxy_Nexus_031_GothamCity_Island2_Industrial.tga.bin
commons_tex,Galaxy_Nexus_032_GothamCity_VPOW,512,16,16,RGB565,0x13,0,/home/z/my-project/download/TDKR_assets/textures_png/commons_tex/Galaxy_Nexus_032_GothamCity_VPOW.png,Galaxy_Nexus_032_GothamCity_VPOW.tga.bin
commons_tex,Galaxy_Nexus_033_GothamCity_Island1_Industrial,512,16,16,RGB565,0x13,0,/home/z/my-project/download/TDKR_assets/textures_png/commons_tex/Galaxy_Nexus_033_GothamCity_Island1_Industrial.png,Galaxy_Nexus_033_GothamCity_Island1_Industrial.tga.bin
commons_tex,Galaxy_Nexus_034_claudiu,512,16,16,RGB565,0x13,0,/home/z/my-project/download/TDKR_assets/textures_png/commons_tex/Galaxy_Nexus_034_claudiu.png,Galaxy_Nexus_034_claudiu.tga.bin
commons_tex,Galaxy_Nexus_035_nightvision,512,16,16,RGB565,0x13,0,/home/z/my-project/download/TDKR_assets/textures_png/commons_tex/Galaxy_Nexus_035_nightvision.png,Galaxy_Nexus_035_nightvision.tga.bin
commons_tex,HEXA_Coin,0,0,0,ZIP_SPLIT,0,0,,HEXA_Coin.tga.bin
commons_tex,LightMapSampler,32,32,4,ETC1,0x136,5,/home/z/my-project/download/TDKR_assets/textures_png/commons_tex/LightMapSampler.png,LightMapSampler.tga.bin
commons_tex,Mine_new_blue,512,512,4,ETC1,0x136,9,/home/z/my-project/download/TDKR_assets/textures_png/commons_tex/Mine_new_blue.png,Mine_new_blue.tga.bin
commons_tex,Mine_new_red,512,512,4,ETC1,0x136,9,/home/z/my-project/download/TDKR_assets/textures_png/commons_tex/Mine_new_red.png,Mine_new_red.tga.bin
commons_tex,NoVerticalFOG,8,8,4,ETC1,0x136,3,/home/z/my-project/download/TDKR_assets/textures_png/commons_tex/NoVerticalFOG.png,NoVerticalFOG.tga.bin
commons_tex,SGH-I987_000_default,512,16,16,RGB565,0x13,0,/home/z/my-project/download/TDKR_assets/textures_png/commons_tex/SGH-I987_000_default.png,SGH-I987_000_default.tga.bin
commons_tex,SGH-I987_001_Stadium,512,16,16,RGB565,0x13,0,/home/z/my-project/download/TDKR_assets/textures_png/commons_tex/SGH-I987_001_Stadium.png,SGH-I987_001_Stadium.tga.bin
commons_tex,SGH-I987_002_Military,512,16,16,RGB565,0x13,0,/home/z/my-project/download/TDKR_assets/textures_png/commons_tex/SGH-I987_002_Military.png,SGH-I987_002_Military.tga.bin
commons_tex,SGH-I987_003_underground,512,16,16,RGB565,0x13,0,/home/z/my-project/download/TDKR_assets/textures_png/commons_tex/SGH-I987_003_underground.png,SGH-I987_003_underground.tga.bin
commons_tex,SGH-I987_005_menu,512,16,16,RGB565,0x13,0,/home/z/my-project/download/TDKR_assets/textures_png/commons_tex/SGH-I987_005_menu.png,SGH-I987_005_menu.tga.bin
commons_tex,SGH-I987_006_policestation,512,16,16,RGB565,0x13,0,/home/z/my-project/download/TDKR_assets/textures_png/commons_tex/SGH-I987_006_policestation.png,SGH-I987_006_policestation.tga.bin
commons_tex,SGH-I987_021_Test_AIchim,512,16,16,RGB565,0x13,0,/home/z/my-project/download/TDKR_assets/textures_png/commons_tex/SGH-I987_021_Test_AIchim.png,SGH-I987_021_Test_AIchim.tga.bin
commons_tex,SGH-I987_022_GothamCity,512,16,16,RGB565,0x13,0,/home/z/my-project/download/TDKR_assets/textures_png/commons_tex/SGH-I987_022_GothamCity.png,SGH-I987_022_GothamCity.tga.bin
commons_tex,SGH-I987_022_GothamCity_Industrial,512,16,16,RGB565,0x13,0,/home/z/my-project/download/TDKR_assets/textures_png/commons_tex/SGH-I987_022_GothamCity_Industrial.png,SGH-I987_022_GothamCity_Industrial.tga.bin
commons_tex,SGH-I987_023_lighting,512,16,16,RGB565,0x13,0,/home/z/my-project/download/TDKR_assets/textures_png/commons_tex/SGH-I987_023_lighting.png,SGH-I987_023_lighting.tga.bin
commons_tex,SGH-I987_024_default,512,16,16,RGB565,0x13,0,/home/z/my-project/download/TDKR_assets/textures_png/commons_tex/SGH-I987_024_default.png,SGH-I987_024_default.tga.bin
commons_tex,SGH-I987_025_IRRt,512,16,16,RGB565,0x13,0,/home/z/my-project/download/TDKR_assets/textures_png/commons_tex/SGH-I987_025_IRRt.png,SGH-I987_025_IRRt.tga.bin
commons_tex,SGH-I987_026_stock,512,16,16,RGB565,0x13,0,/home/z/my-project/download/TDKR_assets/textures_png/commons_tex/SGH-I987_026_stock.png,SGH-I987_026_stock.tga.bin
commons_tex,SGH-I987_027_WM,512,16,16,RGB565,0x13,0,/home/z/my-project/download/TDKR_assets/textures_png/commons_tex/SGH-I987_027_WM.png,SGH-I987_027_WM.tga.bin
commons_tex,SGH-I987_028_ThePit,512,16,16,RGB565,0x13,0,/home/z/my-project/download/TDKR_assets/textures_png/commons_tex/SGH-I987_028_ThePit.png,SGH-I987_028_ThePit.tga.bin
commons_tex,SGH-I987_029_policestation,512,16,16,RGB565,0x13,0,/home/z/my-project/download/TDKR_assets/textures_png/commons_tex/SGH-I987_029_policestation.png,SGH-I987_029_policestation.tga.bin
commons_tex,SGH-I987_030_CraneGas,512,16,16,RGB565,0x13,0,/home/z/my-project/download/TDKR_assets/textures_png/commons_tex/SGH-I987_030_CraneGas.png,SGH-I987_030_CraneGas.tga.bin
commons_tex,SGH-I987_031_GothamCity_Industrial,512,16,16,RGB565,0x13,0,/home/z/my-project/download/TDKR_assets/textures_png/commons_tex/SGH-I987_031_GothamCity_Industrial.png,SGH-I987_031_GothamCity_Industrial.tga.bin
commons_tex,SGH-I987_031_GothamCity_Island2_Industrial,512,16,16,RGB565,0x13,0,/home/z/my-project/download/TDKR_assets/textures_png/commons_tex/SGH-I987_031_GothamCity_Island2_Industrial.png,SGH-I987_031_GothamCity_Island2_Industrial.tga.bin
commons_tex,SGH-I987_032_GothamCity_VPOW,512,16,16,RGB565,0x13,0,/home/z/my-project/download/TDKR_assets/textures_png/commons_tex/SGH-I987_032_GothamCity_VPOW.png,SGH-I987_032_GothamCity_VPOW.tga.bin
commons_tex,SGH-I987_033_GothamCity_Island1_Industrial,512,16,16,RGB565,0x13,0,/home/z/my-project/download/TDKR_assets/textures_png/commons_tex/SGH-I987_033_GothamCity_Island1_Industrial.png,SGH-I987_033_GothamCity_Island1_Industrial.tga.bin
commons_tex,SGH-I987_034_claudiu,512,16,16,RGB565,0x13,0,/home/z/my-project/download/TDKR_assets/textures_png/commons_tex/SGH-I987_034_claudiu.png,SGH-I987_034_claudiu.tga.bin
commons_tex,SGH-I987_035_nightvision,512,16,16,RGB565,0x13,0,/home/z/my-project/download/TDKR_assets/textures_png/commons_tex/SGH-I987_035_nightvision.png,SGH-I987_035_nightvision.tga.bin
commons_tex,SmokeGrenade_D_pickup,512,512,4,ETC1,0x136,9,/home/z/my-project/download/TDKR_assets/textures_png/commons_tex/SmokeGrenade_D_pickup.png,SmokeGrenade_D_pickup.tga.bin
commons_tex,SmokeGrenade_N_pickup,512,512,4,ETC1,0x136,9,/home/z/my-project/download/TDKR_assets/textures_png/commons_tex/SmokeGrenade_N_pickup.png,SmokeGrenade_N_pickup.tga.bin
commons_tex,Stash,512,512,4,ETC1,0x136,9,/home/z/my-project/download/TDKR_assets/textures_png/commons_tex/Stash.png,Stash.tga.bin
commons_tex,StorageBox_D,512,512,4,ETC1,0x136,9,/home/z/my-project/download/TDKR_assets/textures_png/commons_tex/StorageBox_D.png,StorageBox_D.tga.bin
commons_tex,StorageBox_M,512,512,4,ETC1,0x136,9,/home/z/my-project/download/TDKR_assets/textures_png/commons_tex/StorageBox_M.png,StorageBox_M.tga.bin
commons_tex,StunGrenade_D_pickup,512,512,4,ETC1,0x136,9,/home/z/my-project/download/TDKR_assets/textures_png/commons_tex/StunGrenade_D_pickup.png,StunGrenade_D_pickup.tga.bin
commons_tex,StunGrenade_N_pickup,512,512,4,ETC1,0x136,9,/home/z/my-project/download/TDKR_assets/textures_png/commons_tex/StunGrenade_N_pickup.png,StunGrenade_N_pickup.tga.bin
commons_tex,W_coin,0,0,0,ZIP_SPLIT,0,0,,W_coin.tga.bin
commons_tex,common_items,2048,2048,4,ETC1,0x136,11,/home/z/my-project/download/TDKR_assets/textures_png/commons_tex/common_items.png,common_items.tga.bin
commons_tex,fog_street_level,256,256,4,ETC1,0x136,8,/home/z/my-project/download/TDKR_assets/textures_png/commons_tex/fog_street_level.png,fog_street_level.tga.bin
commons_tex,forcefield_nopass,256,256,4,ETC1,0x136,8,/home/z/my-project/download/TDKR_assets/textures_png/commons_tex/forcefield_nopass.png,forcefield_nopass.tga.bin
commons_tex,gadget_noise,256,256,4,ETC1,0x136,8,/home/z/my-project/download/TDKR_assets/textures_png/commons_tex/gadget_noise.png,gadget_noise.tga.bin
commons_tex,garbage_deposit,2048,2048,4,ETC1,0x136,11,/home/z/my-project/download/TDKR_assets/textures_png/commons_tex/garbage_deposit.png,garbage_deposit.tga.bin
commons_tex,military_laser_D,1024,1024,4,ETC1,0x136,10,/home/z/my-project/download/TDKR_assets/textures_png/commons_tex/military_laser_D.png,military_laser_D.tga.bin
commons_tex,military_laser_M,256,256,4,ETC1,0x136,8,/home/z/my-project/download/TDKR_assets/textures_png/commons_tex/military_laser_M.png,military_laser_M.tga.bin
commons_tex,neutral_lightmap,64,64,4,ETC1,0x136,6,/home/z/my-project/download/TDKR_assets/textures_png/commons_tex/neutral_lightmap.png,neutral_lightmap.tga.bin
commons_tex,pickup_items_D,1024,1024,4,ETC1,0x136,10,/home/z/my-project/download/TDKR_assets/textures_png/commons_tex/pickup_items_D.png,pickup_items_D.tga.bin
commons_tex,rope_D,256,256,4,ETC1,0x136,8,/home/z/my-project/download/TDKR_assets/textures_png/commons_tex/rope_D.png,rope_D.tga.bin
commons_tex,surveillance_camera_add,256,256,4,ETC1,0x136,8,/home/z/my-project/download/TDKR_assets/textures_png/commons_tex/surveillance_camera_add.png,surveillance_camera_add.tga.bin
commons_tex,trunk,1024,1024,4,ETC1,0x136,10,/home/z/my-project/download/TDKR_assets/textures_png/commons_tex/trunk.png,trunk.tga.bin
commons_tex,vegetation,0,0,0,ZIP_SPLIT,0,0,,vegetation.tga.bin
commons_tex,vegetation_industrial,0,0,0,ZIP_SPLIT,0,0,,vegetation_industrial.tga.bin
commons_tex,wayneTechPoint_D,512,512,4,ETC1,0x136,9,/home/z/my-project/download/TDKR_assets/textures_png/commons_tex/wayneTechPoint_D.png,wayneTechPoint_D.tga.bin
commons_tex,wayneTechPoint_M,512,512,4,ETC1,0x136,9,/home/z/my-project/download/TDKR_assets/textures_png/commons_tex/wayneTechPoint_M.png,wayneTechPoint_M.tga.bin
l_batcave_tex,BC_Carut,512,512,4,ETC1,0x136,9,/home/z/my-project/download/TDKR_assets/textures_png/l_batcave_tex/BC_Carut.png,BC_Carut.tga.bin
l_batcave_tex,BC_Floor,512,512,4,ETC1,0x136,9,/home/z/my-project/download/TDKR_assets/textures_png/l_batcave_tex/BC_Floor.png,BC_Floor.tga.bin
l_batcave_tex,BC_Floor2,512,512,4,ETC1,0x136,9,/home/z/my-project/download/TDKR_assets/textures_png/l_batcave_tex/BC_Floor2.png,BC_Floor2.tga.bin
l_batcave_tex,BC_Fog,8,8,4,ETC1,0x136,3,/home/z/my-project/download/TDKR_assets/textures_png/l_batcave_tex/BC_Fog.png,BC_Fog.tga.bin
l_batcave_tex,BC_Glass,256,256,4,ETC1,0x136,8,/home/z/my-project/download/TDKR_assets/textures_png/l_batcave_tex/BC_Glass.png,BC_Glass.tga.bin
l_batcave_tex,BC_Glass_mask,256,256,4,ETC1,0x136,8,/home/z/my-project/download/TDKR_assets/textures_png/l_batcave_tex/BC_Glass_mask.png,BC_Glass_mask.tga.bin
l_batcave_tex,BC_LightMap_01,2048,2048,4,ETC1,0x136,11,/home/z/my-project/download/TDKR_assets/textures_png/l_batcave_tex/BC_LightMap_01.png,BC_LightMap_01.tga.bin
l_batcave_tex,BC_LightMap_01a,2048,2048,4,ETC1,0x136,11,/home/z/my-project/download/TDKR_assets/textures_png/l_batcave_tex/BC_LightMap_01a.png,BC_LightMap_01a.tga.bin
l_batcave_tex,BC_LightMap_02a,2048,2048,4,ETC1,0x136,11,/home/z/my-project/download/TDKR_assets/textures_png/l_batcave_tex/BC_LightMap_02a.png,BC_LightMap_02a.tga.bin
l_batcave_tex,BC_LightMap_02b,2048,2048,4,ETC1,0x136,11,/home/z/my-project/download/TDKR_assets/textures_png/l_batcave_tex/BC_LightMap_02b.png,BC_LightMap_02b.tga.bin
l_batcave_tex,BC_LightMap_02c,2048,2048,4,ETC1,0x136,11,/home/z/my-project/download/TDKR_assets/textures_png/l_batcave_tex/BC_LightMap_02c.png,BC_LightMap_02c.tga.bin
l_batcave_tex,BC_LightMap_02d,1024,1024,4,ETC1,0x136,10,/home/z/my-project/download/TDKR_assets/textures_png/l_batcave_tex/BC_LightMap_02d.png,BC_LightMap_02d.tga.bin
l_batcave_tex,BC_Metal,1024,1024,4,ETC1,0x136,10,/home/z/my-project/download/TDKR_assets/textures_png/l_batcave_tex/BC_Metal.png,BC_Metal.tga.bin
l_batcave_tex,BC_Metal_mask,1024,1024,4,ETC1,0x136,10,/home/z/my-project/download/TDKR_assets/textures_png/l_batcave_tex/BC_Metal_mask.png,BC_Metal_mask.tga.bin
l_batcave_tex,BC_Metalfloor,512,512,4,ETC1,0x136,9,/home/z/my-project/download/TDKR_assets/textures_png/l_batcave_tex/BC_Metalfloor.png,BC_Metalfloor.tga.bin
l_batcave_tex,BC_Metalfloor_mask,512,512,4,ETC1,0x136,9,/home/z/my-project/download/TDKR_assets/textures_png/l_batcave_tex/BC_Metalfloor_mask.png,BC_Metalfloor_mask.tga.bin
l_batcave_tex,BC_Monitors_01,512,512,4,ETC1,0x136,9,/home/z/my-project/download/TDKR_assets/textures_png/l_batcave_tex/BC_Monitors_01.png,BC_Monitors_01.tga.bin
l_batcave_tex,BC_Monitors_02,512,512,4,ETC1,0x136,9,/home/z/my-project/download/TDKR_assets/textures_png/l_batcave_tex/BC_Monitors_02.png,BC_Monitors_02.tga.bin
l_batcave_tex,BC_Monitors_03,512,512,4,ETC1,0x136,9,/home/z/my-project/download/TDKR_assets/textures_png/l_batcave_tex/BC_Monitors_03.png,BC_Monitors_03.tga.bin
l_batcave_tex,BC_NoTexture,64,64,4,ETC1,0x136,6,/home/z/my-project/download/TDKR_assets/textures_png/l_batcave_tex/BC_NoTexture.png,BC_NoTexture.tga.bin
l_batcave_tex,BC_Railorad,512,512,4,ETC1,0x136,9,/home/z/my-project/download/TDKR_assets/textures_png/l_batcave_tex/BC_Railorad.png,BC_Railorad.tga.bin
l_batcave_tex,BC_Steel,256,256,4,ETC1,0x136,8,/home/z/my-project/download/TDKR_assets/textures_png/l_batcave_tex/BC_Steel.png,BC_Steel.tga.bin
l_batcave_tex,BC_Steel_mask,256,256,4,ETC1,0x136,8,/home/z/my-project/download/TDKR_assets/textures_png/l_batcave_tex/BC_Steel_mask.png,BC_Steel_mask.tga.bin
l_batcave_tex,BC_Train,1024,1024,4,ETC1,0x136,10,/home/z/my-project/download/TDKR_assets/textures_png/l_batcave_tex/BC_Train.png,BC_Train.tga.bin
l_batcave_tex,BC_bricks_01,512,512,4,ETC1,0x136,9,/home/z/my-project/download/TDKR_assets/textures_png/l_batcave_tex/BC_bricks_01.png,BC_bricks_01.tga.bin
l_batcave_tex,BC_caveground,512,512,4,ETC1,0x136,9,/home/z/my-project/download/TDKR_assets/textures_png/l_batcave_tex/BC_caveground.png,BC_caveground.tga.bin
l_batcave_tex,BC_caveground2,512,512,4,ETC1,0x136,9,/home/z/my-project/download/TDKR_assets/textures_png/l_batcave_tex/BC_caveground2.png,BC_caveground2.tga.bin
l_batcave_tex,BC_concrete_01,512,512,4,ETC1,0x136,9,/home/z/my-project/download/TDKR_assets/textures_png/l_batcave_tex/BC_concrete_01.png,BC_concrete_01.tga.bin
l_batcave_tex,BC_concrete_01_mask,512,512,4,ETC1,0x136,9,/home/z/my-project/download/TDKR_assets/textures_png/l_batcave_tex/BC_concrete_01_mask.png,BC_concrete_01_mask.tga.bin
l_batcave_tex,BC_concrete_01_mask02,512,512,4,ETC1,0x136,9,/home/z/my-project/download/TDKR_assets/textures_png/l_batcave_tex/BC_concrete_01_mask02.png,BC_concrete_01_mask02.tga.bin
l_batcave_tex,BC_concrete_02,512,512,4,ETC1,0x136,9,/home/z/my-project/download/TDKR_assets/textures_png/l_batcave_tex/BC_concrete_02.png,BC_concrete_02.tga.bin
l_batcave_tex,BC_fence,0,0,0,ZIP_SPLIT,0,0,,BC_fence.tga.bin
l_batcave_tex,BC_fence_mask,512,512,4,ETC1,0x136,9,/home/z/my-project/download/TDKR_assets/textures_png/l_batcave_tex/BC_fence_mask.png,BC_fence_mask.tga.bin
l_batcave_tex,BC_refl_interior,512,512,4,ETC1,0x136,9,/home/z/my-project/download/TDKR_assets/textures_png/l_batcave_tex/BC_refl_interior.png,BC_refl_interior.tga.bin
l_batcave_tex,BC_refl_interior_02,512,512,4,ETC1,0x136,9,/home/z/my-project/download/TDKR_assets/textures_png/l_batcave_tex/BC_refl_interior_02.png,BC_refl_interior_02.tga.bin
l_batcave_tex,BC_rock_01,1024,1024,4,ETC1,0x136,10,/home/z/my-project/download/TDKR_assets/textures_png/l_batcave_tex/BC_rock_01.png,BC_rock_01.tga.bin
l_batcave_tex,BC_rock_01_mask,1024,1024,4,ETC1,0x136,10,/home/z/my-project/download/TDKR_assets/textures_png/l_batcave_tex/BC_rock_01_mask.png,BC_rock_01_mask.tga.bin
l_batcave_tex,BC_rock_NM_01,2048,2048,4,ETC1,0x136,11,/home/z/my-project/download/TDKR_assets/textures_png/l_batcave_tex/BC_rock_NM_01.png,BC_rock_NM_01.tga.bin
l_batcave_tex,BC_rock_NM_02,1024,1024,4,ETC1,0x136,10,/home/z/my-project/download/TDKR_assets/textures_png/l_batcave_tex/BC_rock_NM_02.png,BC_rock_NM_02.tga.bin
l_batcave_tex,BC_rock_NM_03,2048,2048,4,ETC1,0x136,11,/home/z/my-project/download/TDKR_assets/textures_png/l_batcave_tex/BC_rock_NM_03.png,BC_rock_NM_03.tga.bin
l_batcave_tex,BC_water,512,512,4,ETC1,0x136,9,/home/z/my-project/download/TDKR_assets/textures_png/l_batcave_tex/BC_water.png,BC_water.tga.bin
l_batcave_tex,BC_water_mask,512,512,4,ETC1,0x136,9,/home/z/my-project/download/TDKR_assets/textures_png/l_batcave_tex/BC_water_mask.png,BC_water_mask.tga.bin
l_batcave_tex,BC_waterfall,512,512,4,ETC1,0x136,9,/home/z/my-project/download/TDKR_assets/textures_png/l_batcave_tex/BC_waterfall.png,BC_waterfall.tga.bin
l_batcave_tex,BC_waterfall_02,0,0,0,ZIP_SPLIT,0,0,,BC_waterfall_02.tga.bin
l_batcave_tex,BC_wood,512,512,4,ETC1,0x136,9,/home/z/my-project/download/TDKR_assets/textures_png/l_batcave_tex/BC_wood.png,BC_wood.tga.bin
l_batcave_tex,BC_woodcase,256,256,4,ETC1,0x136,8,/home/z/my-project/download/TDKR_assets/textures_png/l_batcave_tex/BC_woodcase.png,BC_woodcase.tga.bin
l_batcave_tex,Fence,0,0,0,ZIP_SPLIT,0,0,,Fence.tga.bin
l_batcave_tex,Fence_Mask,0,0,0,ZIP_SPLIT,0,0,,Fence_Mask.tga.bin
l_batcave_tex,GC_Skybox,1024,1024,4,ETC1,0x136,10,/home/z/my-project/download/TDKR_assets/textures_png/l_batcave_tex/GC_Skybox.png,GC_Skybox.tga.bin
l_batcave_tex,GC_Skybox_02,1024,1024,4,ETC1,0x136,10,/home/z/my-project/download/TDKR_assets/textures_png/l_batcave_tex/GC_Skybox_02.png,GC_Skybox_02.tga.bin
l_batcave_tex,GC_Skybox_02_Industrial,1024,1024,4,ETC1,0x136,10,/home/z/my-project/download/TDKR_assets/textures_png/l_batcave_tex/GC_Skybox_02_Industrial.png,GC_Skybox_02_Industrial.tga.bin
l_batcave_tex,GC_Skybox_City,2048,2048,4,ETC1,0x136,11,/home/z/my-project/download/TDKR_assets/textures_png/l_batcave_tex/GC_Skybox_City.png,GC_Skybox_City.tga.bin
l_batcave_tex,GothamCity_Skybox_Night,1024,1024,4,ETC1,0x136,10,/home/z/my-project/download/TDKR_assets/textures_png/l_batcave_tex/GothamCity_Skybox_Night.png,GothamCity_Skybox_Night.tga.bin
l_batcave_tex,SM_Room1,256,256,4,ETC1,0x136,8,/home/z/my-project/download/TDKR_assets/textures_png/l_batcave_tex/SM_Room1.png,SM_Room1.tga.bin
l_batcave_tex,Storyboard_batcave_01,1024,1024,4,ETC1,0x136,10,/home/z/my-project/download/TDKR_assets/textures_png/l_batcave_tex/Storyboard_batcave_01.png,Storyboard_batcave_01.tga.bin
l_batcave_tex,Storyboard_batcave_02,1024,1024,4,ETC1,0x136,10,/home/z/my-project/download/TDKR_assets/textures_png/l_batcave_tex/Storyboard_batcave_02.png,Storyboard_batcave_02.tga.bin
l_batcave_tex,Storyboard_batcave_03,1024,1024,4,ETC1,0x136,10,/home/z/my-project/download/TDKR_assets/textures_png/l_batcave_tex/Storyboard_batcave_03.png,Storyboard_batcave_03.tga.bin
l_batcave_tex,Storyboard_batcave_04,1024,1024,4,ETC1,0x136,10,/home/z/my-project/download/TDKR_assets/textures_png/l_batcave_tex/Storyboard_batcave_04.png,Storyboard_batcave_04.tga.bin
l_batcave_tex,Storyboard_batcave_05,1024,1024,4,ETC1,0x136,10,/home/z/my-project/download/TDKR_assets/textures_png/l_batcave_tex/Storyboard_batcave_05.png,Storyboard_batcave_05.tga.bin
l_batcave_tex,Storyboard_batcave_06,1024,1024,4,ETC1,0x136,10,/home/z/my-project/download/TDKR_assets/textures_png/l_batcave_tex/Storyboard_batcave_06.png,Storyboard_batcave_06.tga.bin
l_batcave_tex,Storyboard_batcave_07,1024,1024,4,ETC1,0x136,10,/home/z/my-project/download/TDKR_assets/textures_png/l_batcave_tex/Storyboard_batcave_07.png,Storyboard_batcave_07.tga.bin
l_gothamcity_tex,BakeGroup_Island1_A0,2048,2048,4,ETC1,0x136,11,/home/z/my-project/download/TDKR_assets/textures_png/l_gothamcity_tex/BakeGroup_Island1_A0.png,BakeGroup_Island1_A0.tga.bin
l_gothamcity_tex,BakeGroup_Island1_ATLAS_low0,2048,2048,4,ETC1,0x136,11,/home/z/my-project/download/TDKR_assets/textures_png/l_gothamcity_tex/BakeGroup_Island1_ATLAS_low0.png,BakeGroup_Island1_ATLAS_low0.tga.bin
l_gothamcity_tex,BakeGroup_Island1_B0,2048,2048,4,ETC1,0x136,11,/home/z/my-project/download/TDKR_assets/textures_png/l_gothamcity_tex/BakeGroup_Island1_B0.png,BakeGroup_Island1_B0.tga.bin
l_gothamcity_tex,BakeGroup_Island1_Landmarks0,2048,2048,4,ETC1,0x136,11,/home/z/my-project/download/TDKR_assets/textures_png/l_gothamcity_tex/BakeGroup_Island1_Landmarks0.png,BakeGroup_Island1_Landmarks0.tga.bin
l_gothamcity_tex,BakeGroup_Island1_Roads0,2048,2048,4,ETC1,0x136,11,/home/z/my-project/download/TDKR_assets/textures_png/l_gothamcity_tex/BakeGroup_Island1_Roads0.png,BakeGroup_Island1_Roads0.tga.bin
l_gothamcity_tex,BakeGroup_Island2_A0,2048,2048,4,ETC1,0x136,11,/home/z/my-project/download/TDKR_assets/textures_png/l_gothamcity_tex/BakeGroup_Island2_A0.png,BakeGroup_Island2_A0.tga.bin
l_gothamcity_tex,BakeGroup_Island2_ATLAS_low0,2048,2048,4,ETC1,0x136,11,/home/z/my-project/download/TDKR_assets/textures_png/l_gothamcity_tex/BakeGroup_Island2_ATLAS_low0.png,BakeGroup_Island2_ATLAS_low0.tga.bin
l_gothamcity_tex,BakeGroup_Island2_B0,2048,2048,4,ETC1,0x136,11,/home/z/my-project/download/TDKR_assets/textures_png/l_gothamcity_tex/BakeGroup_Island2_B0.png,BakeGroup_Island2_B0.tga.bin
l_gothamcity_tex,BakeGroup_Island2_Landmarks0,2048,2048,4,ETC1,0x136,11,/home/z/my-project/download/TDKR_assets/textures_png/l_gothamcity_tex/BakeGroup_Island2_Landmarks0.png,BakeGroup_Island2_Landmarks0.tga.bin
l_gothamcity_tex,BakeGroup_Island2_Roads0,2048,2048,4,ETC1,0x136,11,/home/z/my-project/download/TDKR_assets/textures_png/l_gothamcity_tex/BakeGroup_Island2_Roads0.png,BakeGroup_Island2_Roads0.tga.bin
l_gothamcity_tex,BullMonument_occlusion,512,512,4,ETC1,0x136,9,/home/z/my-project/download/TDKR_assets/textures_png/l_gothamcity_tex/BullMonument_occlusion.png,BullMonument_occlusion.tga.bin
l_gothamcity_tex,City_BKG,1024,1024,24,RGB888,0x15,0,/home/z/my-project/download/TDKR_assets/textures_png/l_gothamcity_tex/City_BKG.png,City_BKG.tga.bin
l_gothamcity_tex,GC_CBCE_Atlas,2048,2048,4,ETC1,0x136,11,/home/z/my-project/download/TDKR_assets/textures_png/l_gothamcity_tex/GC_CBCE_Atlas.png,GC_CBCE_Atlas.tga.bin
l_gothamcity_tex,GC_CBCE_Atlas_ref,512,512,4,ETC1,0x136,9,/home/z/my-project/download/TDKR_assets/textures_png/l_gothamcity_tex/GC_CBCE_Atlas_ref.png,GC_CBCE_Atlas_ref.tga.bin
l_gothamcity_tex,GC_Cath_of_learning_Brick,512,512,4,ETC1,0x136,9,/home/z/my-project/download/TDKR_assets/textures_png/l_gothamcity_tex/GC_Cath_of_learning_Brick.png,GC_Cath_of_learning_Brick.tga.bin
l_gothamcity_tex,GC_Cath_of_learning_RandomObj,512,512,4,ETC1,0x136,9,/home/z/my-project/download/TDKR_assets/textures_png/l_gothamcity_tex/GC_Cath_of_learning_RandomObj.png,GC_Cath_of_learning_RandomObj.tga.bin
l_gothamcity_tex,GC_Cath_of_learning_RandomObj_Refl,256,256,4,ETC1,0x136,8,/home/z/my-project/download/TDKR_assets/textures_png/l_gothamcity_tex/GC_Cath_of_learning_RandomObj_Refl.png,GC_Cath_of_learning_RandomObj_Refl.tga.bin
l_gothamcity_tex,GC_Cath_of_learning_Rooftop_ground,512,512,4,ETC1,0x136,9,/home/z/my-project/download/TDKR_assets/textures_png/l_gothamcity_tex/GC_Cath_of_learning_Rooftop_ground.png,GC_Cath_of_learning_Rooftop_ground.tga.bin
l_gothamcity_tex,GC_Cath_of_learning_Rooftop_ground_NRM,256,256,4,ETC1,0x136,8,/home/z/my-project/download/TDKR_assets/textures_png/l_gothamcity_tex/GC_Cath_of_learning_Rooftop_ground_NRM.png,GC_Cath_of_learning_Rooftop_ground_NRM.tga.bin
l_gothamcity_tex,GC_Cath_of_learning_Wall,512,512,4,ETC1,0x136,9,/home/z/my-project/download/TDKR_assets/textures_png/l_gothamcity_tex/GC_Cath_of_learning_Wall.png,GC_Cath_of_learning_Wall.tga.bin
l_gothamcity_tex,GC_Cath_of_learning_Windows2_Refl,256,256,4,ETC1,0x136,8,/home/z/my-project/download/TDKR_assets/textures_png/l_gothamcity_tex/GC_Cath_of_learning_Windows2_Refl.png,GC_Cath_of_learning_Windows2_Refl.tga.bin
l_gothamcity_tex,GC_Cath_of_learning_Windows2_v,512,512,4,ETC1,0x136,9,/home/z/my-project/download/TDKR_assets/textures_png/l_gothamcity_tex/GC_Cath_of_learning_Windows2_v.png,GC_Cath_of_learning_Windows2_v.tga.bin
l_gothamcity_tex,GC_Cath_of_learning_Windows3_Refl,256,256,4,ETC1,0x136,8,/home/z/my-project/download/TDKR_assets/textures_png/l_gothamcity_tex/GC_Cath_of_learning_Windows3_Refl.png,GC_Cath_of_learning_Windows3_Refl.tga.bin
l_gothamcity_tex,GC_Cath_of_learning_Windows3_v,512,512,4,ETC1,0x136,9,/home/z/my-project/download/TDKR_assets/textures_png/l_gothamcity_tex/GC_Cath_of_learning_Windows3_v.png,GC_Cath_of_learning_Windows3_v.tga.bin
l_gothamcity_tex,GC_Cath_of_learning_Windows_Refl,256,256,4,ETC1,0x136,8,/home/z/my-project/download/TDKR_assets/textures_png/l_gothamcity_tex/GC_Cath_of_learning_Windows_Refl.png,GC_Cath_of_learning_Windows_Refl.tga.bin
l_gothamcity_tex,GC_Cath_of_learning_Windows_v,512,512,4,ETC1,0x136,9,/home/z/my-project/download/TDKR_assets/textures_png/l_gothamcity_tex/GC_Cath_of_learning_Windows_v.png,GC_Cath_of_learning_Windows_v.tga.bin
l_gothamcity_tex,GC_DMUS_Atlas,512,512,4,ETC1,0x136,9,/home/z/my-project/download/TDKR_assets/textures_png/l_gothamcity_tex/GC_DMUS_Atlas.png,GC_DMUS_Atlas.tga.bin
l_gothamcity_tex,GC_DMUS_Atlas2,1024,1024,4,ETC1,0x136,10,/home/z/my-project/download/TDKR_assets/textures_png/l_gothamcity_tex/GC_DMUS_Atlas2.png,GC_DMUS_Atlas2.tga.bin
l_gothamcity_tex,GC_DMUS_Atlas2_NM,512,512,4,ETC1,0x136,9,/home/z/my-project/download/TDKR_assets/textures_png/l_gothamcity_tex/GC_DMUS_Atlas2_NM.png,GC_DMUS_Atlas2_NM.tga.bin
l_gothamcity_tex,GC_DMUS_Atlas_refl,256,256,4,ETC1,0x136,8,/home/z/my-project/download/TDKR_assets/textures_png/l_gothamcity_tex/GC_DMUS_Atlas_refl.png,GC_DMUS_Atlas_refl.tga.bin
l_gothamcity_tex,GC_DMUS_fence,0,0,0,ZIP_SPLIT,0,0,,GC_DMUS_fence.tga.bin
l_gothamcity_tex,GC_DMUS_inger_DIFF,0,0,0,ZIP_SPLIT,0,0,,GC_DMUS_inger_DIFF.tga.bin
l_gothamcity_tex,GC_DMUS_inger_NM,0,0,0,ZIP_SPLIT,0,0,,GC_DMUS_inger_NM.tga.bin
l_gothamcity_tex,GC_DMUS_leu_NM,0,0,0,ZIP_SPLIT,0,0,,GC_DMUS_leu_NM.tga.bin
l_gothamcity_tex,GC_DMUS_table,512,512,4,ETC1,0x136,9,/home/z/my-project/download/TDKR_assets/textures_png/l_gothamcity_tex/GC_DMUS_table.png,GC_DMUS_table.tga.bin
l_gothamcity_tex,GC_DMUS_wall,512,512,4,ETC1,0x136,9,/home/z/my-project/download/TDKR_assets/textures_png/l_gothamcity_tex/GC_DMUS_wall.png,GC_DMUS_wall.tga.bin
l_gothamcity_tex,GC_Diner_Floor,256,256,4,ETC1,0x136,8,/home/z/my-project/download/TDKR_assets/textures_png/l_gothamcity_tex/GC_Diner_Floor.png,GC_Diner_Floor.tga.bin
l_gothamcity_tex,GC_Footprint_AWT,2048,2048,4,ETC1,0x136,11,/home/z/my-project/download/TDKR_assets/textures_png/l_gothamcity_tex/GC_Footprint_AWT.png,GC_Footprint_AWT.tga.bin
l_gothamcity_tex,GC_Footprint_AWT_rfl,512,512,4,ETC1,0x136,9,/home/z/my-project/download/TDKR_assets/textures_png/l_gothamcity_tex/GC_Footprint_AWT_rfl.png,GC_Footprint_AWT_rfl.tga.bin
l_gothamcity_tex,GC_Footprint_CC_windows02,512,512,4,ETC1,0x136,9,/home/z/my-project/download/TDKR_assets/textures_png/l_gothamcity_tex/GC_Footprint_CC_windows02.png,GC_Footprint_CC_windows02.tga.bin
l_gothamcity_tex,GC_Footprint_CC_windows02_ref,256,256,4,ETC1,0x136,8,/home/z/my-project/download/TDKR_assets/textures_png/l_gothamcity_tex/GC_Footprint_CC_windows02_ref.png,GC_Footprint_CC_windows02_ref.tga.bin
l_gothamcity_tex,GC_Footprint_GA_TH,2048,2048,4,ETC1,0x136,11,/home/z/my-project/download/TDKR_assets/textures_png/l_gothamcity_tex/GC_Footprint_GA_TH.png,GC_Footprint_GA_TH.tga.bin
l_gothamcity_tex,GC_Footprint_GA_T_00,512,512,4,ETC1,0x136,9,/home/z/my-project/download/TDKR_assets/textures_png/l_gothamcity_tex/GC_Footprint_GA_T_00.png,GC_Footprint_GA_T_00.tga.bin
l_gothamcity_tex,GC_Footprint_GA_T_01,512,512,4,ETC1,0x136,9,/home/z/my-project/download/TDKR_assets/textures_png/l_gothamcity_tex/GC_Footprint_GA_T_01.png,GC_Footprint_GA_T_01.tga.bin
l_gothamcity_tex,GC_Footprint_GA_T_02,512,512,4,ETC1,0x136,9,/home/z/my-project/download/TDKR_assets/textures_png/l_gothamcity_tex/GC_Footprint_GA_T_02.png,GC_Footprint_GA_T_02.tga.bin
l_gothamcity_tex,GC_Footprint_GA_floor_T_00,512,512,4,ETC1,0x136,9,/home/z/my-project/download/TDKR_assets/textures_png/l_gothamcity_tex/GC_Footprint_GA_floor_T_00.png,GC_Footprint_GA_floor_T_00.tga.bin
l_gothamcity_tex,GC_Footprint_GA_floor_T_00_NRM,256,256,4,ETC1,0x136,8,/home/z/my-project/download/TDKR_assets/textures_png/l_gothamcity_tex/GC_Footprint_GA_floor_T_00_NRM.png,GC_Footprint_GA_floor_T_00_NRM.tga.bin
l_gothamcity_tex,GC_Footprint_GB_Bricks_01_T,512,512,4,ETC1,0x136,9,/home/z/my-project/download/TDKR_assets/textures_png/l_gothamcity_tex/GC_Footprint_GB_Bricks_01_T.png,GC_Footprint_GB_Bricks_01_T.tga.bin
l_gothamcity_tex,GC_Footprint_GB_Bricks_01_T_refl,256,256,4,ETC1,0x136,8,/home/z/my-project/download/TDKR_assets/textures_png/l_gothamcity_tex/GC_Footprint_GB_Bricks_01_T_refl.png,GC_Footprint_GB_Bricks_01_T_refl.tga.bin
l_gothamcity_tex,GC_Footprint_GB_Bricks_02_T,512,512,4,ETC1,0x136,9,/home/z/my-project/download/TDKR_assets/textures_png/l_gothamcity_tex/GC_Footprint_GB_Bricks_02_T.png,GC_Footprint_GB_Bricks_02_T.tga.bin
l_gothamcity_tex,GC_Footprint_GB_Tex01_TH,1024,1024,4,ETC1,0x136,10,/home/z/my-project/download/TDKR_assets/textures_png/l_gothamcity_tex/GC_Footprint_GB_Tex01_TH.png,GC_Footprint_GB_Tex01_TH.tga.bin
l_gothamcity_tex,GC_Footprint_GB_Tex01_TH_refl,256,256,4,ETC1,0x136,8,/home/z/my-project/download/TDKR_assets/textures_png/l_gothamcity_tex/GC_Footprint_GB_Tex01_TH_refl.png,GC_Footprint_GB_Tex01_TH_refl.tga.bin
l_gothamcity_tex,GC_Footprint_GB_emissive,1024,1024,4,ETC1,0x136,10,/home/z/my-project/download/TDKR_assets/textures_png/l_gothamcity_tex/GC_Footprint_GB_emissive.png,GC_Footprint_GB_emissive.tga.bin
l_gothamcity_tex,GC_Footprint_GB_windows_01_TH,512,512,4,ETC1,0x136,9,/home/z/my-project/download/TDKR_assets/textures_png/l_gothamcity_tex/GC_Footprint_GB_windows_01_TH.png,GC_Footprint_GB_windows_01_TH.tga.bin
l_gothamcity_tex,GC_Footprint_GB_windows_01_TH_refl,256,256,4,ETC1,0x136,8,/home/z/my-project/download/TDKR_assets/textures_png/l_gothamcity_tex/GC_Footprint_GB_windows_01_TH_refl.png,GC_Footprint_GB_windows_01_TH_refl.tga.bin
l_gothamcity_tex,GC_Footprint_GC_floor_NRM,256,256,4,ETC1,0x136,8,/home/z/my-project/download/TDKR_assets/textures_png/l_gothamcity_tex/GC_Footprint_GC_floor_NRM.png,GC_Footprint_GC_floor_NRM.tga.bin
l_gothamcity_tex,GC_Footprint_GC_floor_T,512,512,4,ETC1,0x136,9,/home/z/my-project/download/TDKR_assets/textures_png/l_gothamcity_tex/GC_Footprint_GC_floor_T.png,GC_Footprint_GC_floor_T.tga.bin
l_gothamcity_tex,GC_Footprint_GC_floor_TH_refl,512,512,4,ETC1,0x136,9,/home/z/my-project/download/TDKR_assets/textures_png/l_gothamcity_tex/GC_Footprint_GC_floor_TH_refl.png,GC_Footprint_GC_floor_TH_refl.tga.bin
l_gothamcity_tex,GC_Footprint_GC_stuff_T,1024,1024,4,ETC1,0x136,10,/home/z/my-project/download/TDKR_assets/textures_png/l_gothamcity_tex/GC_Footprint_GC_stuff_T.png,GC_Footprint_GC_stuff_T.tga.bin
l_gothamcity_tex,GC_Footprint_GC_windows_T,512,512,4,ETC1,0x136,9,/home/z/my-project/download/TDKR_assets/textures_png/l_gothamcity_tex/GC_Footprint_GC_windows_T.png,GC_Footprint_GC_windows_T.tga.bin
l_gothamcity_tex,GC_Footprint_GC_windows_T_refl,256,256,4,ETC1,0x136,8,/home/z/my-project/download/TDKR_assets/textures_png/l_gothamcity_tex/GC_Footprint_GC_windows_T_refl.png,GC_Footprint_GC_windows_T_refl.tga.bin
l_gothamcity_tex,GC_Footprint_IC,1024,1024,4,ETC1,0x136,10,/home/z/my-project/download/TDKR_assets/textures_png/l_gothamcity_tex/GC_Footprint_IC.png,GC_Footprint_IC.tga.bin
l_gothamcity_tex,GC_Footprint_LB_Cinema,1024,1024,4,ETC1,0x136,10,/home/z/my-project/download/TDKR_assets/textures_png/l_gothamcity_tex/GC_Footprint_LB_Cinema.png,GC_Footprint_LB_Cinema.tga.bin
l_gothamcity_tex,GC_Footprint_LB_Cinema_Refl,512,512,4,ETC1,0x136,9,/home/z/my-project/download/TDKR_assets/textures_png/l_gothamcity_tex/GC_Footprint_LB_Cinema_Refl.png,GC_Footprint_LB_Cinema_Refl.tga.bin
l_gothamcity_tex,GC_Footprint_LPOL_ConcreteTile,512,512,4,ETC1,0x136,9,/home/z/my-project/download/TDKR_assets/textures_png/l_gothamcity_tex/GC_Footprint_LPOL_ConcreteTile.png,GC_Footprint_LPOL_ConcreteTile.tga.bin
l_gothamcity_tex,GC_Footprint_LPOL_FenceTile,0,0,0,ZIP_SPLIT,0,0,,GC_Footprint_LPOL_FenceTile.tga.bin
l_gothamcity_tex,GC_Footprint_LPOL_GroundTile,256,256,4,ETC1,0x136,8,/home/z/my-project/download/TDKR_assets/textures_png/l_gothamcity_tex/GC_Footprint_LPOL_GroundTile.png,GC_Footprint_LPOL_GroundTile.tga.bin
l_gothamcity_tex,GC_Footprint_LPOL_PropsAtlas,1024,1024,4,ETC1,0x136,10,/home/z/my-project/download/TDKR_assets/textures_png/l_gothamcity_tex/GC_Footprint_LPOL_PropsAtlas.png,GC_Footprint_LPOL_PropsAtlas.tga.bin
l_gothamcity_tex,GC_Footprint_LPOL_Refl,512,512,4,ETC1,0x136,9,/home/z/my-project/download/TDKR_assets/textures_png/l_gothamcity_tex/GC_Footprint_LPOL_Refl.png,GC_Footprint_LPOL_Refl.tga.bin
l_gothamcity_tex,GC_Footprint_STD_Asphalt_T,512,512,4,ETC1,0x136,9,/home/z/my-project/download/TDKR_assets/textures_png/l_gothamcity_tex/GC_Footprint_STD_Asphalt_T.png,GC_Footprint_STD_Asphalt_T.tga.bin
l_gothamcity_tex,GC_Footprint_STD_Asphalt_T_NRM,256,256,4,ETC1,0x136,8,/home/z/my-project/download/TDKR_assets/textures_png/l_gothamcity_tex/GC_Footprint_STD_Asphalt_T_NRM.png,GC_Footprint_STD_Asphalt_T_NRM.tga.bin
l_gothamcity_tex,GC_Footprint_STD_Net_T,0,0,0,ZIP_SPLIT,0,0,,GC_Footprint_STD_Net_T.tga.bin
l_gothamcity_tex,GC_Footprint_STD_WhiteAsphalt_T,256,256,4,ETC1,0x136,8,/home/z/my-project/download/TDKR_assets/textures_png/l_gothamcity_tex/GC_Footprint_STD_WhiteAsphalt_T.png,GC_Footprint_STD_WhiteAsphalt_T.tga.bin
l_gothamcity_tex,GC_Footprint_STD_alpha_T,0,0,0,ZIP_SPLIT,0,0,,GC_Footprint_STD_alpha_T.tga.bin
l_gothamcity_tex,GC_Footprint_STD_chairs_00_T,512,512,4,ETC1,0x136,9,/home/z/my-project/download/TDKR_assets/textures_png/l_gothamcity_tex/GC_Footprint_STD_chairs_00_T.png,GC_Footprint_STD_chairs_00_T.tga.bin
l_gothamcity_tex,GC_Footprint_STD_chairs_01_T,512,512,4,ETC1,0x136,9,/home/z/my-project/download/TDKR_assets/textures_png/l_gothamcity_tex/GC_Footprint_STD_chairs_01_T.png,GC_Footprint_STD_chairs_01_T.tga.bin
l_gothamcity_tex,GC_Footprint_STD_stuff_TH,2048,2048,4,ETC1,0x136,11,/home/z/my-project/download/TDKR_assets/textures_png/l_gothamcity_tex/GC_Footprint_STD_stuff_TH.png,GC_Footprint_STD_stuff_TH.tga.bin
l_gothamcity_tex,GC_Footprint_VA_Emissive,1024,1024,4,ETC1,0x136,10,/home/z/my-project/download/TDKR_assets/textures_png/l_gothamcity_tex/GC_Footprint_VA_Emissive.png,GC_Footprint_VA_Emissive.tga.bin
l_gothamcity_tex,GC_Footprint_VC_Emissive,1024,1024,4,ETC1,0x136,10,/home/z/my-project/download/TDKR_assets/textures_png/l_gothamcity_tex/GC_Footprint_VC_Emissive.png,GC_Footprint_VC_Emissive.tga.bin
l_gothamcity_tex,GC_Footprint_VD_Buildings,1024,1024,4,ETC1,0x136,10,/home/z/my-project/download/TDKR_assets/textures_png/l_gothamcity_tex/GC_Footprint_VD_Buildings.png,GC_Footprint_VD_Buildings.tga.bin
l_gothamcity_tex,GC_Footprint_VD_Buildings_2,1024,1024,4,ETC1,0x136,10,/home/z/my-project/download/TDKR_assets/textures_png/l_gothamcity_tex/GC_Footprint_VD_Buildings_2.png,GC_Footprint_VD_Buildings_2.tga.bin
l_gothamcity_tex,GC_Footprint_VD_Buildings_2_Refl,256,256,4,ETC1,0x136,8,/home/z/my-project/download/TDKR_assets/textures_png/l_gothamcity_tex/GC_Footprint_VD_Buildings_2_Refl.png,GC_Footprint_VD_Buildings_2_Refl.tga.bin
l_gothamcity_tex,GC_Footprint_VD_Buildings_3,1024,1024,4,ETC1,0x136,10,/home/z/my-project/download/TDKR_assets/textures_png/l_gothamcity_tex/GC_Footprint_VD_Buildings_3.png,GC_Footprint_VD_Buildings_3.tga.bin
l_gothamcity_tex,GC_Footprint_VD_Buildings_3_Refl,256,256,4,ETC1,0x136,8,/home/z/my-project/download/TDKR_assets/textures_png/l_gothamcity_tex/GC_Footprint_VD_Buildings_3_Refl.png,GC_Footprint_VD_Buildings_3_Refl.tga.bin
l_gothamcity_tex,GC_Footprint_VD_Buildings_Refl,256,256,4,ETC1,0x136,8,/home/z/my-project/download/TDKR_assets/textures_png/l_gothamcity_tex/GC_Footprint_VD_Buildings_Refl.png,GC_Footprint_VD_Buildings_Refl.tga.bin
l_gothamcity_tex,GC_Footprint_VD_Fence,0,0,0,ZIP_SPLIT,0,0,,GC_Footprint_VD_Fence.tga.bin
l_gothamcity_tex,GC_Footprint_VD_Floor,512,512,4,ETC1,0x136,9,/home/z/my-project/download/TDKR_assets/textures_png/l_gothamcity_tex/GC_Footprint_VD_Floor.png,GC_Footprint_VD_Floor.tga.bin
l_gothamcity_tex,GC_Footprint_VD_Floor_2,512,512,4,ETC1,0x136,9,/home/z/my-project/download/TDKR_assets/textures_png/l_gothamcity_tex/GC_Footprint_VD_Floor_2.png,GC_Footprint_VD_Floor_2.tga.bin
l_gothamcity_tex,GC_Footprint_VD_Floor_2_NRM,256,256,4,ETC1,0x136,8,/home/z/my-project/download/TDKR_assets/textures_png/l_gothamcity_tex/GC_Footprint_VD_Floor_2_NRM.png,GC_Footprint_VD_Floor_2_NRM.tga.bin
l_gothamcity_tex,GC_Footprint_VD_Floor_NRM,256,256,4,ETC1,0x136,8,/home/z/my-project/download/TDKR_assets/textures_png/l_gothamcity_tex/GC_Footprint_VD_Floor_NRM.png,GC_Footprint_VD_Floor_NRM.tga.bin
l_gothamcity_tex,GC_Footprint_VD_Items,2048,2048,4,ETC1,0x136,11,/home/z/my-project/download/TDKR_assets/textures_png/l_gothamcity_tex/GC_Footprint_VD_Items.png,GC_Footprint_VD_Items.tga.bin
l_gothamcity_tex,GC_Glass_Building,512,512,4,ETC1,0x136,9,/home/z/my-project/download/TDKR_assets/textures_png/l_gothamcity_tex/GC_Glass_Building.png,GC_Glass_Building.tga.bin
l_gothamcity_tex,GC_Glass_Building_Refl,256,256,4,ETC1,0x136,8,/home/z/my-project/download/TDKR_assets/textures_png/l_gothamcity_tex/GC_Glass_Building_Refl.png,GC_Glass_Building_Refl.tga.bin
l_gothamcity_tex,GC_IndustrialProps,512,512,4,ETC1,0x136,9,/home/z/my-project/download/TDKR_assets/textures_png/l_gothamcity_tex/GC_IndustrialProps.png,GC_IndustrialProps.tga.bin
l_gothamcity_tex,GC_Island1_LongDist_Low,2048,2048,4,ETC1,0x136,11,/home/z/my-project/download/TDKR_assets/textures_png/l_gothamcity_tex/GC_Island1_LongDist_Low.png,GC_Island1_LongDist_Low.tga.bin
l_gothamcity_tex,GC_Island2_LongDist_low,2048,2048,4,ETC1,0x136,11,/home/z/my-project/download/TDKR_assets/textures_png/l_gothamcity_tex/GC_Island2_LongDist_low.png,GC_Island2_LongDist_low.tga.bin
l_gothamcity_tex,GC_LongDist_Island1_FP1,0,0,0,ZIP_SPLIT,0,0,,GC_LongDist_Island1_FP1.tga.bin
l_gothamcity_tex,GC_LongDist_Island1_FP2,0,0,0,ZIP_SPLIT,0,0,,GC_LongDist_Island1_FP2.tga.bin
l_gothamcity_tex,GC_LongDist_Island1_FP3,0,0,0,ZIP_SPLIT,0,0,,GC_LongDist_Island1_FP3.tga.bin
l_gothamcity_tex,GC_LongDist_Island1_Roads,0,0,0,ZIP_SPLIT,0,0,,GC_LongDist_Island1_Roads.tga.bin
l_gothamcity_tex,GC_LongDist_Island2_FP1,0,0,0,ZIP_SPLIT,0,0,,GC_LongDist_Island2_FP1.tga.bin
l_gothamcity_tex,GC_LongDist_Island2_FP2,0,0,0,ZIP_SPLIT,0,0,,GC_LongDist_Island2_FP2.tga.bin
l_gothamcity_tex,GC_LongDist_Island2_FP3,0,0,0,ZIP_SPLIT,0,0,,GC_LongDist_Island2_FP3.tga.bin
l_gothamcity_tex,GC_LongDist_Island2_Roads,2048,2048,4,ETC1,0x136,11,/home/z/my-project/download/TDKR_assets/textures_png/l_gothamcity_tex/GC_LongDist_Island2_Roads.png,GC_LongDist_Island2_Roads.tga.bin
l_gothamcity_tex,GC_Park_Rock,512,512,4,ETC1,0x136,9,/home/z/my-project/download/TDKR_assets/textures_png/l_gothamcity_tex/GC_Park_Rock.png,GC_Park_Rock.tga.bin
l_gothamcity_tex,GC_Park_atlas_props,2048,2048,4,ETC1,0x136,11,/home/z/my-project/download/TDKR_assets/textures_png/l_gothamcity_tex/GC_Park_atlas_props.png,GC_Park_atlas_props.tga.bin
l_gothamcity_tex,GC_Park_atlas_tiles,1024,1024,4,ETC1,0x136,10,/home/z/my-project/download/TDKR_assets/textures_png/l_gothamcity_tex/GC_Park_atlas_tiles.png,GC_Park_atlas_tiles.tga.bin
l_gothamcity_tex,GC_Park_atlas_tiles_Refl,512,512,4,ETC1,0x136,9,/home/z/my-project/download/TDKR_assets/textures_png/l_gothamcity_tex/GC_Park_atlas_tiles_Refl.png,GC_Park_atlas_tiles_Refl.tga.bin
l_gothamcity_tex,GC_Park_bigprops,1024,1024,4,ETC1,0x136,10,/home/z/my-project/download/TDKR_assets/textures_png/l_gothamcity_tex/GC_Park_bigprops.png,GC_Park_bigprops.tga.bin
l_gothamcity_tex,GC_Park_dirt,512,512,4,ETC1,0x136,9,/home/z/my-project/download/TDKR_assets/textures_png/l_gothamcity_tex/GC_Park_dirt.png,GC_Park_dirt.tga.bin
l_gothamcity_tex,GC_Park_grass,512,512,4,ETC1,0x136,9,/home/z/my-project/download/TDKR_assets/textures_png/l_gothamcity_tex/GC_Park_grass.png,GC_Park_grass.tga.bin
l_gothamcity_tex,GC_Park_props,1024,1024,4,ETC1,0x136,10,/home/z/my-project/download/TDKR_assets/textures_png/l_gothamcity_tex/GC_Park_props.png,GC_Park_props.tga.bin
l_gothamcity_tex,GC_Park_statue,512,512,4,ETC1,0x136,9,/home/z/my-project/download/TDKR_assets/textures_png/l_gothamcity_tex/GC_Park_statue.png,GC_Park_statue.tga.bin
l_gothamcity_tex,GC_Park_statue_NRM,256,256,4,ETC1,0x136,8,/home/z/my-project/download/TDKR_assets/textures_png/l_gothamcity_tex/GC_Park_statue_NRM.png,GC_Park_statue_NRM.tga.bin
l_gothamcity_tex,GC_Park_water,512,512,4,ETC1,0x136,9,/home/z/my-project/download/TDKR_assets/textures_png/l_gothamcity_tex/GC_Park_water.png,GC_Park_water.tga.bin
l_gothamcity_tex,GC_Props_Gotham_Spotlight,512,512,4,ETC1,0x136,9,/home/z/my-project/download/TDKR_assets/textures_png/l_gothamcity_tex/GC_Props_Gotham_Spotlight.png,GC_Props_Gotham_Spotlight.tga.bin
l_gothamcity_tex,GC_Railway_Station,1024,1024,4,ETC1,0x136,10,/home/z/my-project/download/TDKR_assets/textures_png/l_gothamcity_tex/GC_Railway_Station.png,GC_Railway_Station.tga.bin
l_gothamcity_tex,GC_Railway_Station_Refl,256,256,4,ETC1,0x136,8,/home/z/my-project/download/TDKR_assets/textures_png/l_gothamcity_tex/GC_Railway_Station_Refl.png,GC_Railway_Station_Refl.tga.bin
l_gothamcity_tex,GC_Refl_Test,512,512,4,ETC1,0x136,9,/home/z/my-project/download/TDKR_assets/textures_png/l_gothamcity_tex/GC_Refl_Test.png,GC_Refl_Test.tga.bin
l_gothamcity_tex,GC_Refl_Test_Refl,512,512,4,ETC1,0x136,9,/home/z/my-project/download/TDKR_assets/textures_png/l_gothamcity_tex/GC_Refl_Test_Refl.png,GC_Refl_Test_Refl.tga.bin
l_gothamcity_tex,GC_Residential_BD_01_Door_01,512,512,4,ETC1,0x136,9,/home/z/my-project/download/TDKR_assets/textures_png/l_gothamcity_tex/GC_Residential_BD_01_Door_01.png,GC_Residential_BD_01_Door_01.tga.bin
l_gothamcity_tex,GC_Residential_BD_01_Door_01_Refl,512,512,4,ETC1,0x136,9,/home/z/my-project/download/TDKR_assets/textures_png/l_gothamcity_tex/GC_Residential_BD_01_Door_01_Refl.png,GC_Residential_BD_01_Door_01_Refl.tga.bin
l_gothamcity_tex,GC_Residential_BD_01_Roof_01,512,512,4,ETC1,0x136,9,/home/z/my-project/download/TDKR_assets/textures_png/l_gothamcity_tex/GC_Residential_BD_01_Roof_01.png,GC_Residential_BD_01_Roof_01.tga.bin
l_gothamcity_tex,GC_Residential_BD_01_Windows_01,512,512,4,ETC1,0x136,9,/home/z/my-project/download/TDKR_assets/textures_png/l_gothamcity_tex/GC_Residential_BD_01_Windows_01.png,GC_Residential_BD_01_Windows_01.tga.bin
l_gothamcity_tex,GC_Residential_BD_01_Windows_01_Refl,256,256,4,ETC1,0x136,8,/home/z/my-project/download/TDKR_assets/textures_png/l_gothamcity_tex/GC_Residential_BD_01_Windows_01_Refl.png,GC_Residential_BD_01_Windows_01_Refl.tga.bin
l_gothamcity_tex,GC_Residential_BD_01_Windows_02_Refl,256,256,4,ETC1,0x136,8,/home/z/my-project/download/TDKR_assets/textures_png/l_gothamcity_tex/GC_Residential_BD_01_Windows_02_Refl.png,GC_Residential_BD_01_Windows_02_Refl.tga.bin
l_gothamcity_tex,GC_Residential_BD_01_Windows_02_v,512,512,4,ETC1,0x136,9,/home/z/my-project/download/TDKR_assets/textures_png/l_gothamcity_tex/GC_Residential_BD_01_Windows_02_v.png,GC_Residential_BD_01_Windows_02_v.tga.bin
l_gothamcity_tex,GC_Residential_BD_01_Windows_03,512,512,4,ETC1,0x136,9,/home/z/my-project/download/TDKR_assets/textures_png/l_gothamcity_tex/GC_Residential_BD_01_Windows_03.png,GC_Residential_BD_01_Windows_03.tga.bin
l_gothamcity_tex,GC_Residential_BD_01_Windows_03_Refl,256,256,4,ETC1,0x136,8,/home/z/my-project/download/TDKR_assets/textures_png/l_gothamcity_tex/GC_Residential_BD_01_Windows_03_Refl.png,GC_Residential_BD_01_Windows_03_Refl.tga.bin
l_gothamcity_tex,GC_Residential_BD_01_Windows_04,256,256,4,ETC1,0x136,8,/home/z/my-project/download/TDKR_assets/textures_png/l_gothamcity_tex/GC_Residential_BD_01_Windows_04.png,GC_Residential_BD_01_Windows_04.tga.bin
l_gothamcity_tex,GC_Residential_BD_01_Windows_04_Refl,256,256,4,ETC1,0x136,8,/home/z/my-project/download/TDKR_assets/textures_png/l_gothamcity_tex/GC_Residential_BD_01_Windows_04_Refl.png,GC_Residential_BD_01_Windows_04_Refl.tga.bin
l_gothamcity_tex,GC_Residential_BD_02_Shop,512,512,4,ETC1,0x136,9,/home/z/my-project/download/TDKR_assets/textures_png/l_gothamcity_tex/GC_Residential_BD_02_Shop.png,GC_Residential_BD_02_Shop.tga.bin
l_gothamcity_tex,GC_Residential_BD_02_Shop_Refl,256,256,4,ETC1,0x136,8,/home/z/my-project/download/TDKR_assets/textures_png/l_gothamcity_tex/GC_Residential_BD_02_Shop_Refl.png,GC_Residential_BD_02_Shop_Refl.tga.bin
l_gothamcity_tex,GC_Residential_BD_03_details_01,2048,2048,4,ETC1,0x136,11,/home/z/my-project/download/TDKR_assets/textures_png/l_gothamcity_tex/GC_Residential_BD_03_details_01.png,GC_Residential_BD_03_details_01.tga.bin
l_gothamcity_tex,GC_Residential_BD_03_details_01_rfl,512,512,4,ETC1,0x136,9,/home/z/my-project/download/TDKR_assets/textures_png/l_gothamcity_tex/GC_Residential_BD_03_details_01_rfl.png,GC_Residential_BD_03_details_01_rfl.tga.bin
l_gothamcity_tex,GC_Residential_BD_03_roof_01,512,512,4,ETC1,0x136,9,/home/z/my-project/download/TDKR_assets/textures_png/l_gothamcity_tex/GC_Residential_BD_03_roof_01.png,GC_Residential_BD_03_roof_01.tga.bin
l_gothamcity_tex,GC_Residential_BD_03_roof_02,512,512,4,ETC1,0x136,9,/home/z/my-project/download/TDKR_assets/textures_png/l_gothamcity_tex/GC_Residential_BD_03_roof_02.png,GC_Residential_BD_03_roof_02.tga.bin
l_gothamcity_tex,GC_Residential_BD_03_wall_01,512,512,4,ETC1,0x136,9,/home/z/my-project/download/TDKR_assets/textures_png/l_gothamcity_tex/GC_Residential_BD_03_wall_01.png,GC_Residential_BD_03_wall_01.tga.bin
l_gothamcity_tex,GC_Residential_BD_03_wall_01_rfl,256,256,4,ETC1,0x136,8,/home/z/my-project/download/TDKR_assets/textures_png/l_gothamcity_tex/GC_Residential_BD_03_wall_01_rfl.png,GC_Residential_BD_03_wall_01_rfl.tga.bin
l_gothamcity_tex,GC_Residential_BD_03_wall_02_rfl,256,256,4,ETC1,0x136,8,/home/z/my-project/download/TDKR_assets/textures_png/l_gothamcity_tex/GC_Residential_BD_03_wall_02_rfl.png,GC_Residential_BD_03_wall_02_rfl.tga.bin
l_gothamcity_tex,GC_Residential_BD_03_wall_03,512,512,4,ETC1,0x136,9,/home/z/my-project/download/TDKR_assets/textures_png/l_gothamcity_tex/GC_Residential_BD_03_wall_03.png,GC_Residential_BD_03_wall_03.tga.bin
l_gothamcity_tex,GC_Residential_BD_03_wall_03_refl,256,256,4,ETC1,0x136,8,/home/z/my-project/download/TDKR_assets/textures_png/l_gothamcity_tex/GC_Residential_BD_03_wall_03_refl.png,GC_Residential_BD_03_wall_03_refl.tga.bin
l_gothamcity_tex,GC_Residential_BD_03_wall_04,512,512,4,ETC1,0x136,9,/home/z/my-project/download/TDKR_assets/textures_png/l_gothamcity_tex/GC_Residential_BD_03_wall_04.png,GC_Residential_BD_03_wall_04.tga.bin
l_gothamcity_tex,GC_Residential_BD_03_wall_04_rfl,256,256,4,ETC1,0x136,8,/home/z/my-project/download/TDKR_assets/textures_png/l_gothamcity_tex/GC_Residential_BD_03_wall_04_rfl.png,GC_Residential_BD_03_wall_04_rfl.tga.bin
l_gothamcity_tex,GC_Residential_BD_03_wall_05,512,512,4,ETC1,0x136,9,/home/z/my-project/download/TDKR_assets/textures_png/l_gothamcity_tex/GC_Residential_BD_03_wall_05.png,GC_Residential_BD_03_wall_05.tga.bin
l_gothamcity_tex,GC_Residential_BD_03_wall_05_rfl,256,256,4,ETC1,0x136,8,/home/z/my-project/download/TDKR_assets/textures_png/l_gothamcity_tex/GC_Residential_BD_03_wall_05_rfl.png,GC_Residential_BD_03_wall_05_rfl.tga.bin
l_gothamcity_tex,GC_Residential_BD_03_wall_06,512,512,4,ETC1,0x136,9,/home/z/my-project/download/TDKR_assets/textures_png/l_gothamcity_tex/GC_Residential_BD_03_wall_06.png,GC_Residential_BD_03_wall_06.tga.bin
l_gothamcity_tex,GC_Residential_BD_03_wall_06_rfl,256,256,4,ETC1,0x136,8,/home/z/my-project/download/TDKR_assets/textures_png/l_gothamcity_tex/GC_Residential_BD_03_wall_06_rfl.png,GC_Residential_BD_03_wall_06_rfl.tga.bin
l_gothamcity_tex,GC_Residential_BD_03_wall_07,512,512,4,ETC1,0x136,9,/home/z/my-project/download/TDKR_assets/textures_png/l_gothamcity_tex/GC_Residential_BD_03_wall_07.png,GC_Residential_BD_03_wall_07.tga.bin
l_gothamcity_tex,GC_Residential_BD_03_wall_07_rfl,256,256,4,ETC1,0x136,8,/home/z/my-project/download/TDKR_assets/textures_png/l_gothamcity_tex/GC_Residential_BD_03_wall_07_rfl.png,GC_Residential_BD_03_wall_07_rfl.tga.bin
l_gothamcity_tex,GC_Residential_BD_04_Door_02,512,512,4,ETC1,0x136,9,/home/z/my-project/download/TDKR_assets/textures_png/l_gothamcity_tex/GC_Residential_BD_04_Door_02.png,GC_Residential_BD_04_Door_02.tga.bin
l_gothamcity_tex,GC_Residential_BD_04_Door_02_Refl,256,256,4,ETC1,0x136,8,/home/z/my-project/download/TDKR_assets/textures_png/l_gothamcity_tex/GC_Residential_BD_04_Door_02_Refl.png,GC_Residential_BD_04_Door_02_Refl.tga.bin
l_gothamcity_tex,GC_Residential_BD_04_Door_03,512,512,4,ETC1,0x136,9,/home/z/my-project/download/TDKR_assets/textures_png/l_gothamcity_tex/GC_Residential_BD_04_Door_03.png,GC_Residential_BD_04_Door_03.tga.bin
l_gothamcity_tex,GC_Residential_BD_04_Door_03_Refl,512,512,4,ETC1,0x136,9,/home/z/my-project/download/TDKR_assets/textures_png/l_gothamcity_tex/GC_Residential_BD_04_Door_03_Refl.png,GC_Residential_BD_04_Door_03_Refl.tga.bin
l_gothamcity_tex,GC_Residential_BD_04_Roof_02,256,256,4,ETC1,0x136,8,/home/z/my-project/download/TDKR_assets/textures_png/l_gothamcity_tex/GC_Residential_BD_04_Roof_02.png,GC_Residential_BD_04_Roof_02.tga.bin
l_gothamcity_tex,GC_Residential_BD_04_Wall_02,512,512,4,ETC1,0x136,9,/home/z/my-project/download/TDKR_assets/textures_png/l_gothamcity_tex/GC_Residential_BD_04_Wall_02.png,GC_Residential_BD_04_Wall_02.tga.bin
l_gothamcity_tex,GC_Residential_BD_04_Windows_05_Refl,256,256,4,ETC1,0x136,8,/home/z/my-project/download/TDKR_assets/textures_png/l_gothamcity_tex/GC_Residential_BD_04_Windows_05_Refl.png,GC_Residential_BD_04_Windows_05_Refl.tga.bin
l_gothamcity_tex,GC_Residential_BD_04_Windows_05_v,512,512,4,ETC1,0x136,9,/home/z/my-project/download/TDKR_assets/textures_png/l_gothamcity_tex/GC_Residential_BD_04_Windows_05_v.png,GC_Residential_BD_04_Windows_05_v.tga.bin
l_gothamcity_tex,GC_Residential_BD_04_Windows_06,512,512,4,ETC1,0x136,9,/home/z/my-project/download/TDKR_assets/textures_png/l_gothamcity_tex/GC_Residential_BD_04_Windows_06.png,GC_Residential_BD_04_Windows_06.tga.bin
l_gothamcity_tex,GC_Residential_BD_04_Windows_06_Refl,256,256,4,ETC1,0x136,8,/home/z/my-project/download/TDKR_assets/textures_png/l_gothamcity_tex/GC_Residential_BD_04_Windows_06_Refl.png,GC_Residential_BD_04_Windows_06_Refl.tga.bin
l_gothamcity_tex,GC_Residential_Dinner_objects,2048,2048,4,ETC1,0x136,11,/home/z/my-project/download/TDKR_assets/textures_png/l_gothamcity_tex/GC_Residential_Dinner_objects.png,GC_Residential_Dinner_objects.tga.bin
l_gothamcity_tex,GC_Residential_Dinner_objects_Refl,512,512,4,ETC1,0x136,9,/home/z/my-project/download/TDKR_assets/textures_png/l_gothamcity_tex/GC_Residential_Dinner_objects_Refl.png,GC_Residential_Dinner_objects_Refl.tga.bin
l_gothamcity_tex,GC_Residential_Props_Excavator,512,512,4,ETC1,0x136,9,/home/z/my-project/download/TDKR_assets/textures_png/l_gothamcity_tex/GC_Residential_Props_Excavator.png,GC_Residential_Props_Excavator.tga.bin
l_gothamcity_tex,GC_Residential_Props_Gotham_Spotlight_Emissive,256,256,4,ETC1,0x136,8,/home/z/my-project/download/TDKR_assets/textures_png/l_gothamcity_tex/GC_Residential_Props_Gotham_Spotlight_Emissive.png,GC_Residential_Props_Gotham_Spotlight_Emissive.tga.bin
l_gothamcity_tex,GC_Residential_Props_Locomotive,512,512,4,ETC1,0x136,9,/home/z/my-project/download/TDKR_assets/textures_png/l_gothamcity_tex/GC_Residential_Props_Locomotive.png,GC_Residential_Props_Locomotive.tga.bin
l_gothamcity_tex,GC_Residential_Props_Locomotive_Refl,256,256,4,ETC1,0x136,8,/home/z/my-project/download/TDKR_assets/textures_png/l_gothamcity_tex/GC_Residential_Props_Locomotive_Refl.png,GC_Residential_Props_Locomotive_Refl.tga.bin
l_gothamcity_tex,GC_Residential_Props_Monorail,1024,1024,4,ETC1,0x136,10,/home/z/my-project/download/TDKR_assets/textures_png/l_gothamcity_tex/GC_Residential_Props_Monorail.png,GC_Residential_Props_Monorail.tga.bin
l_gothamcity_tex,GC_Residential_Props_Monorail_Refl,512,512,4,ETC1,0x136,9,/home/z/my-project/download/TDKR_assets/textures_png/l_gothamcity_tex/GC_Residential_Props_Monorail_Refl.png,GC_Residential_Props_Monorail_Refl.tga.bin
l_gothamcity_tex,GC_Residential_Props_Railroad,1024,1024,4,ETC1,0x136,10,/home/z/my-project/download/TDKR_assets/textures_png/l_gothamcity_tex/GC_Residential_Props_Railroad.png,GC_Residential_Props_Railroad.tga.bin
l_gothamcity_tex,GC_SXC_Atlas,1024,1024,4,ETC1,0x136,10,/home/z/my-project/download/TDKR_assets/textures_png/l_gothamcity_tex/GC_SXC_Atlas.png,GC_SXC_Atlas.tga.bin
l_gothamcity_tex,GC_SXC_Atlas2,1024,1024,4,ETC1,0x136,10,/home/z/my-project/download/TDKR_assets/textures_png/l_gothamcity_tex/GC_SXC_Atlas2.png,GC_SXC_Atlas2.tga.bin
l_gothamcity_tex,GC_SXC_Atlas2_Refl,256,256,4,ETC1,0x136,8,/home/z/my-project/download/TDKR_assets/textures_png/l_gothamcity_tex/GC_SXC_Atlas2_Refl.png,GC_SXC_Atlas2_Refl.tga.bin
l_gothamcity_tex,GC_SXC_Atlas_Refl,256,256,4,ETC1,0x136,8,/home/z/my-project/download/TDKR_assets/textures_png/l_gothamcity_tex/GC_SXC_Atlas_Refl.png,GC_SXC_Atlas_Refl.tga.bin
l_gothamcity_tex,GC_SXC_Brick,512,512,4,ETC1,0x136,9,/home/z/my-project/download/TDKR_assets/textures_png/l_gothamcity_tex/GC_SXC_Brick.png,GC_SXC_Brick.tga.bin
l_gothamcity_tex,GC_SXC_Brick_01,512,512,4,ETC1,0x136,9,/home/z/my-project/download/TDKR_assets/textures_png/l_gothamcity_tex/GC_SXC_Brick_01.png,GC_SXC_Brick_01.tga.bin
l_gothamcity_tex,GC_SXC_Brick_01_Refl,256,256,4,ETC1,0x136,8,/home/z/my-project/download/TDKR_assets/textures_png/l_gothamcity_tex/GC_SXC_Brick_01_Refl.png,GC_SXC_Brick_01_Refl.tga.bin
l_gothamcity_tex,GC_SXC_Brick_02,512,512,4,ETC1,0x136,9,/home/z/my-project/download/TDKR_assets/textures_png/l_gothamcity_tex/GC_SXC_Brick_02.png,GC_SXC_Brick_02.tga.bin
l_gothamcity_tex,GC_SXC_Rooftop_ground,512,512,4,ETC1,0x136,9,/home/z/my-project/download/TDKR_assets/textures_png/l_gothamcity_tex/GC_SXC_Rooftop_ground.png,GC_SXC_Rooftop_ground.tga.bin
l_gothamcity_tex,GC_SXC_Rooftop_ground_NRM,256,256,4,ETC1,0x136,8,/home/z/my-project/download/TDKR_assets/textures_png/l_gothamcity_tex/GC_SXC_Rooftop_ground_NRM.png,GC_SXC_Rooftop_ground_NRM.tga.bin
l_gothamcity_tex,GC_SXC_grass,512,512,4,ETC1,0x136,9,/home/z/my-project/download/TDKR_assets/textures_png/l_gothamcity_tex/GC_SXC_grass.png,GC_SXC_grass.tga.bin
l_gothamcity_tex,GC_SXC_ground_tile,512,512,4,ETC1,0x136,9,/home/z/my-project/download/TDKR_assets/textures_png/l_gothamcity_tex/GC_SXC_ground_tile.png,GC_SXC_ground_tile.tga.bin
l_gothamcity_tex,GC_SXC_ground_tile_refl,512,512,4,ETC1,0x136,9,/home/z/my-project/download/TDKR_assets/textures_png/l_gothamcity_tex/GC_SXC_ground_tile_refl.png,GC_SXC_ground_tile_refl.tga.bin
l_gothamcity_tex,GC_SXC_hedge,512,512,4,ETC1,0x136,9,/home/z/my-project/download/TDKR_assets/textures_png/l_gothamcity_tex/GC_SXC_hedge.png,GC_SXC_hedge.tga.bin
l_gothamcity_tex,GC_SXC_tile,512,512,4,ETC1,0x136,9,/home/z/my-project/download/TDKR_assets/textures_png/l_gothamcity_tex/GC_SXC_tile.png,GC_SXC_tile.tga.bin
l_gothamcity_tex,GC_SXC_white,512,512,4,ETC1,0x136,9,/home/z/my-project/download/TDKR_assets/textures_png/l_gothamcity_tex/GC_SXC_white.png,GC_SXC_white.tga.bin
l_gothamcity_tex,GC_Shop_Reflections,512,512,4,ETC1,0x136,9,/home/z/my-project/download/TDKR_assets/textures_png/l_gothamcity_tex/GC_Shop_Reflections.png,GC_Shop_Reflections.tga.bin
l_gothamcity_tex,GC_Statues_Atlas,1024,1024,4,ETC1,0x136,10,/home/z/my-project/download/TDKR_assets/textures_png/l_gothamcity_tex/GC_Statues_Atlas.png,GC_Statues_Atlas.tga.bin
l_gothamcity_tex,GC_Statues_Debris,512,512,4,ETC1,0x136,9,/home/z/my-project/download/TDKR_assets/textures_png/l_gothamcity_tex/GC_Statues_Debris.png,GC_Statues_Debris.tga.bin
l_gothamcity_tex,GC_Statues_Lion,512,512,4,ETC1,0x136,9,/home/z/my-project/download/TDKR_assets/textures_png/l_gothamcity_tex/GC_Statues_Lion.png,GC_Statues_Lion.tga.bin
l_gothamcity_tex,GC_StockExchange_Windows_Module_Refl,256,256,4,ETC1,0x136,8,/home/z/my-project/download/TDKR_assets/textures_png/l_gothamcity_tex/GC_StockExchange_Windows_Module_Refl.png,GC_StockExchange_Windows_Module_Refl.tga.bin
l_gothamcity_tex,GC_T_Bricks_01,512,512,4,ETC1,0x136,9,/home/z/my-project/download/TDKR_assets/textures_png/l_gothamcity_tex/GC_T_Bricks_01.png,GC_T_Bricks_01.tga.bin
l_gothamcity_tex,GC_T_Concrete_01,512,512,4,ETC1,0x136,9,/home/z/my-project/download/TDKR_assets/textures_png/l_gothamcity_tex/GC_T_Concrete_01.png,GC_T_Concrete_01.tga.bin
l_gothamcity_tex,GC_T_Concrete_01_NRM,256,256,4,ETC1,0x136,8,/home/z/my-project/download/TDKR_assets/textures_png/l_gothamcity_tex/GC_T_Concrete_01_NRM.png,GC_T_Concrete_01_NRM.tga.bin
l_gothamcity_tex,GC_T_Concrete_01_RoofRefl,256,256,4,ETC1,0x136,8,/home/z/my-project/download/TDKR_assets/textures_png/l_gothamcity_tex/GC_T_Concrete_01_RoofRefl.png,GC_T_Concrete_01_RoofRefl.tga.bin
l_gothamcity_tex,GC_T_Concrete_02,512,512,4,ETC1,0x136,9,/home/z/my-project/download/TDKR_assets/textures_png/l_gothamcity_tex/GC_T_Concrete_02.png,GC_T_Concrete_02.tga.bin
l_gothamcity_tex,GC_T_Concrete_02_NRM,256,256,4,ETC1,0x136,8,/home/z/my-project/download/TDKR_assets/textures_png/l_gothamcity_tex/GC_T_Concrete_02_NRM.png,GC_T_Concrete_02_NRM.tga.bin
l_gothamcity_tex,GC_T_Windows_03,512,512,4,ETC1,0x136,9,/home/z/my-project/download/TDKR_assets/textures_png/l_gothamcity_tex/GC_T_Windows_03.png,GC_T_Windows_03.tga.bin
l_gothamcity_tex,GC_T_Windows_03_Refl,512,512,4,ETC1,0x136,9,/home/z/my-project/download/TDKR_assets/textures_png/l_gothamcity_tex/GC_T_Windows_03_Refl.png,GC_T_Windows_03_Refl.tga.bin
l_gothamcity_tex,GC_TallBuilding,1024,1024,4,ETC1,0x136,10,/home/z/my-project/download/TDKR_assets/textures_png/l_gothamcity_tex/GC_TallBuilding.png,GC_TallBuilding.tga.bin
l_gothamcity_tex,GC_TallBuilding_Refl,256,256,4,ETC1,0x136,8,/home/z/my-project/download/TDKR_assets/textures_png/l_gothamcity_tex/GC_TallBuilding_Refl.png,GC_TallBuilding_Refl.tga.bin
l_gothamcity_tex,GC_Truck_01,512,512,4,ETC1,0x136,9,/home/z/my-project/download/TDKR_assets/textures_png/l_gothamcity_tex/GC_Truck_01.png,GC_Truck_01.tga.bin
l_gothamcity_tex,GC_Truck_wheels_01,128,128,4,ETC1,0x136,7,/home/z/my-project/download/TDKR_assets/textures_png/l_gothamcity_tex/GC_Truck_wheels_01.png,GC_Truck_wheels_01.tga.bin
l_gothamcity_tex,GC_VPOW_Ground_Tile,512,512,4,ETC1,0x136,9,/home/z/my-project/download/TDKR_assets/textures_png/l_gothamcity_tex/GC_VPOW_Ground_Tile.png,GC_VPOW_Ground_Tile.tga.bin
l_gothamcity_tex,GC_VPOW_Ground_Tile_NRM,256,256,4,ETC1,0x136,8,/home/z/my-project/download/TDKR_assets/textures_png/l_gothamcity_tex/GC_VPOW_Ground_Tile_NRM.png,GC_VPOW_Ground_Tile_NRM.tga.bin
l_gothamcity_tex,GC_VPOW_Tiles,2048,2048,4,ETC1,0x136,11,/home/z/my-project/download/TDKR_assets/textures_png/l_gothamcity_tex/GC_VPOW_Tiles.png,GC_VPOW_Tiles.tga.bin
l_gothamcity_tex,GC_VPOW_Tiles2,1024,1024,4,ETC1,0x136,10,/home/z/my-project/download/TDKR_assets/textures_png/l_gothamcity_tex/GC_VPOW_Tiles2.png,GC_VPOW_Tiles2.tga.bin
l_gothamcity_tex,GC_VPOW_Tiles_NRM,512,512,4,ETC1,0x136,9,/home/z/my-project/download/TDKR_assets/textures_png/l_gothamcity_tex/GC_VPOW_Tiles_NRM.png,GC_VPOW_Tiles_NRM.tga.bin
l_gothamcity_tex,GC_VRS_Reservoir,2048,2048,4,ETC1,0x136,11,/home/z/my-project/download/TDKR_assets/textures_png/l_gothamcity_tex/GC_VRS_Reservoir.png,GC_VRS_Reservoir.tga.bin
l_gothamcity_tex,GC_VerticalFOG,1024,1024,4,ETC1,0x136,10,/home/z/my-project/download/TDKR_assets/textures_png/l_gothamcity_tex/GC_VerticalFOG.png,GC_VerticalFOG.tga.bin
l_gothamcity_tex,GC_VerticalFOG_IND,512,512,4,ETC1,0x136,9,/home/z/my-project/download/TDKR_assets/textures_png/l_gothamcity_tex/GC_VerticalFOG_IND.png,GC_VerticalFOG_IND.tga.bin
l_gothamcity_tex,GC_VerticalFOG_Island2,512,512,4,ETC1,0x136,9,/home/z/my-project/download/TDKR_assets/textures_png/l_gothamcity_tex/GC_VerticalFOG_Island2.png,GC_VerticalFOG_Island2.tga.bin
l_gothamcity_tex,GC_Walls,2048,2048,4,ETC1,0x136,11,/home/z/my-project/download/TDKR_assets/textures_png/l_gothamcity_tex/GC_Walls.png,GC_Walls.tga.bin
l_gothamcity_tex,GC_WhiteDummy,32,32,4,ETC1,0x136,5,/home/z/my-project/download/TDKR_assets/textures_png/l_gothamcity_tex/GC_WhiteDummy.png,GC_WhiteDummy.tga.bin
l_gothamcity_tex,GC_Z1_Monument_Heroes,512,512,4,ETC1,0x136,9,/home/z/my-project/download/TDKR_assets/textures_png/l_gothamcity_tex/GC_Z1_Monument_Heroes.png,GC_Z1_Monument_Heroes.tga.bin
l_gothamcity_tex,GC_Z1_Monument_Heroes_NRM,256,256,4,ETC1,0x136,8,/home/z/my-project/download/TDKR_assets/textures_png/l_gothamcity_tex/GC_Z1_Monument_Heroes_NRM.png,GC_Z1_Monument_Heroes_NRM.tga.bin
l_gothamcity_tex,GC_Z1_Props_Rooftop,2048,2048,4,ETC1,0x136,11,/home/z/my-project/download/TDKR_assets/textures_png/l_gothamcity_tex/GC_Z1_Props_Rooftop.png,GC_Z1_Props_Rooftop.tga.bin
l_gothamcity_tex,GC_Z1_Props_Rooftop_Alpha,0,0,0,ZIP_SPLIT,0,0,,GC_Z1_Props_Rooftop_Alpha.tga.bin
l_gothamcity_tex,GC_Z1_Props_Street,2048,2048,4,ETC1,0x136,11,/home/z/my-project/download/TDKR_assets/textures_png/l_gothamcity_tex/GC_Z1_Props_Street.png,GC_Z1_Props_Street.tga.bin
l_gothamcity_tex,GC_Z1_Props_Street_Alpha,0,0,0,ZIP_SPLIT,0,0,,GC_Z1_Props_Street_Alpha.tga.bin
l_gothamcity_tex,GC_Z1_Shops_01,2048,2048,4,ETC1,0x136,11,/home/z/my-project/download/TDKR_assets/textures_png/l_gothamcity_tex/GC_Z1_Shops_01.png,GC_Z1_Shops_01.tga.bin
l_gothamcity_tex,GC_Z1_Shops_01_Refl,512,512,4,ETC1,0x136,9,/home/z/my-project/download/TDKR_assets/textures_png/l_gothamcity_tex/GC_Z1_Shops_01_Refl.png,GC_Z1_Shops_01_Refl.tga.bin
l_gothamcity_tex,GC_Z1_Shops_02,2048,2048,4,ETC1,0x136,11,/home/z/my-project/download/TDKR_assets/textures_png/l_gothamcity_tex/GC_Z1_Shops_02.png,GC_Z1_Shops_02.tga.bin
l_gothamcity_tex,GC_Z1_Shops_02_Refl,512,512,4,ETC1,0x136,9,/home/z/my-project/download/TDKR_assets/textures_png/l_gothamcity_tex/GC_Z1_Shops_02_Refl.png,GC_Z1_Shops_02_Refl.tga.bin
l_gothamcity_tex,GC_footprint_AA_ground,512,512,4,ETC1,0x136,9,/home/z/my-project/download/TDKR_assets/textures_png/l_gothamcity_tex/GC_footprint_AA_ground.png,GC_footprint_AA_ground.tga.bin
l_gothamcity_tex,GC_footprint_AA_ground_02,512,512,4,ETC1,0x136,9,/home/z/my-project/download/TDKR_assets/textures_png/l_gothamcity_tex/GC_footprint_AA_ground_02.png,GC_footprint_AA_ground_02.tga.bin
l_gothamcity_tex,GC_footprint_AA_ground_02_NRM,256,256,4,ETC1,0x136,8,/home/z/my-project/download/TDKR_assets/textures_png/l_gothamcity_tex/GC_footprint_AA_ground_02_NRM.png,GC_footprint_AA_ground_02_NRM.tga.bin
l_gothamcity_tex,GC_footprint_AB_atlas,2048,2048,4,ETC1,0x136,11,/home/z/my-project/download/TDKR_assets/textures_png/l_gothamcity_tex/GC_footprint_AB_atlas.png,GC_footprint_AB_atlas.tga.bin
l_gothamcity_tex,GC_footprint_AB_atlas_rfl,512,512,4,ETC1,0x136,9,/home/z/my-project/download/TDKR_assets/textures_png/l_gothamcity_tex/GC_footprint_AB_atlas_rfl.png,GC_footprint_AB_atlas_rfl.tga.bin
l_gothamcity_tex,GC_footprint_GC_ceiling_T,256,256,4,ETC1,0x136,8,/home/z/my-project/download/TDKR_assets/textures_png/l_gothamcity_tex/GC_footprint_GC_ceiling_T.png,GC_footprint_GC_ceiling_T.tga.bin
l_gothamcity_tex,GC_footprint_GC_zebra_T,512,512,4,ETC1,0x136,9,/home/z/my-project/download/TDKR_assets/textures_png/l_gothamcity_tex/GC_footprint_GC_zebra_T.png,GC_footprint_GC_zebra_T.tga.bin
l_gothamcity_tex,GC_footprint_VA_BAR,1024,1024,4,ETC1,0x136,10,/home/z/my-project/download/TDKR_assets/textures_png/l_gothamcity_tex/GC_footprint_VA_BAR.png,GC_footprint_VA_BAR.tga.bin
l_gothamcity_tex,GC_footprint_VA_BAR_Refl,512,512,4,ETC1,0x136,9,/home/z/my-project/download/TDKR_assets/textures_png/l_gothamcity_tex/GC_footprint_VA_BAR_Refl.png,GC_footprint_VA_BAR_Refl.tga.bin
l_gothamcity_tex,GC_footprint_Vpow_Pipe,256,256,4,ETC1,0x136,8,/home/z/my-project/download/TDKR_assets/textures_png/l_gothamcity_tex/GC_footprint_Vpow_Pipe.png,GC_footprint_Vpow_Pipe.tga.bin
l_gothamcity_tex,GC_footprint_Vpow_furnal,1024,1024,4,ETC1,0x136,10,/home/z/my-project/download/TDKR_assets/textures_png/l_gothamcity_tex/GC_footprint_Vpow_furnal.png,GC_footprint_Vpow_furnal.tga.bin
l_gothamcity_tex,GC_footprint_aa_concrete,512,512,4,ETC1,0x136,9,/home/z/my-project/download/TDKR_assets/textures_png/l_gothamcity_tex/GC_footprint_aa_concrete.png,GC_footprint_aa_concrete.tga.bin
l_gothamcity_tex,GC_footprint_awt_marble,512,512,4,ETC1,0x136,9,/home/z/my-project/download/TDKR_assets/textures_png/l_gothamcity_tex/GC_footprint_awt_marble.png,GC_footprint_awt_marble.tga.bin
l_gothamcity_tex,GothamCity_Road_Crossings_Island_1,2048,2048,4,ETC1,0x136,11,/home/z/my-project/download/TDKR_assets/textures_png/l_gothamcity_tex/GothamCity_Road_Crossings_Island_1.png,GothamCity_Road_Crossings_Island_1.tga.bin
l_gothamcity_tex,GothamCity_Road_Crossings_Island_2,2048,2048,4,ETC1,0x136,11,/home/z/my-project/download/TDKR_assets/textures_png/l_gothamcity_tex/GothamCity_Road_Crossings_Island_2.png,GothamCity_Road_Crossings_Island_2.tga.bin
l_gothamcity_tex,GothamCity_Road_Crossings_NRM,1024,1024,4,ETC1,0x136,10,/home/z/my-project/download/TDKR_assets/textures_png/l_gothamcity_tex/GothamCity_Road_Crossings_NRM.png,GothamCity_Road_Crossings_NRM.tga.bin
l_gothamcity_tex,GothamCity_Road_Island_2,2048,2048,4,ETC1,0x136,11,/home/z/my-project/download/TDKR_assets/textures_png/l_gothamcity_tex/GothamCity_Road_Island_2.png,GothamCity_Road_Island_2.tga.bin
l_gothamcity_tex,GothamCity_Road_Island_2_nrm,1024,1024,4,ETC1,0x136,10,/home/z/my-project/download/TDKR_assets/textures_png/l_gothamcity_tex/GothamCity_Road_Island_2_nrm.png,GothamCity_Road_Island_2_nrm.tga.bin
l_gothamcity_tex,GothamCity_Road_v1_Island_1,2048,2048,4,ETC1,0x136,11,/home/z/my-project/download/TDKR_assets/textures_png/l_gothamcity_tex/GothamCity_Road_v1_Island_1.png,GothamCity_Road_v1_Island_1.tga.bin
l_gothamcity_tex,GothamCity_Road_v2_Island_1,2048,2048,4,ETC1,0x136,11,/home/z/my-project/download/TDKR_assets/textures_png/l_gothamcity_tex/GothamCity_Road_v2_Island_1.png,GothamCity_Road_v2_Island_1.tga.bin
l_gothamcity_tex,GothamCity_Road_v2_Island_2,2048,2048,4,ETC1,0x136,11,/home/z/my-project/download/TDKR_assets/textures_png/l_gothamcity_tex/GothamCity_Road_v2_Island_2.png,GothamCity_Road_v2_Island_2.tga.bin
l_gothamcity_tex,GothamCity_Road_v2_NRM,1024,1024,4,ETC1,0x136,10,/home/z/my-project/download/TDKR_assets/textures_png/l_gothamcity_tex/GothamCity_Road_v2_NRM.png,GothamCity_Road_v2_NRM.tga.bin
l_gothamcity_tex,GothamCity_Road_v3_NRM,1024,1024,4,ETC1,0x136,10,/home/z/my-project/download/TDKR_assets/textures_png/l_gothamcity_tex/GothamCity_Road_v3_NRM.png,GothamCity_Road_v3_NRM.tga.bin
l_gothamcity_tex,GothamCity_asphalt_tile,256,256,4,ETC1,0x136,8,/home/z/my-project/download/TDKR_assets/textures_png/l_gothamcity_tex/GothamCity_asphalt_tile.png,GothamCity_asphalt_tile.tga.bin
l_gothamcity_tex,GothamCity_asphalt_tile_NRM,256,256,4,ETC1,0x136,8,/home/z/my-project/download/TDKR_assets/textures_png/l_gothamcity_tex/GothamCity_asphalt_tile_NRM.png,GothamCity_asphalt_tile_NRM.tga.bin
l_gothamcity_tex,GothamCity_bridge2,512,512,4,ETC1,0x136,9,/home/z/my-project/download/TDKR_assets/textures_png/l_gothamcity_tex/GothamCity_bridge2.png,GothamCity_bridge2.tga.bin
l_gothamcity_tex,GothamCity_sand_tile,256,256,4,ETC1,0x136,8,/home/z/my-project/download/TDKR_assets/textures_png/l_gothamcity_tex/GothamCity_sand_tile.png,GothamCity_sand_tile.tga.bin
l_gothamcity_tex,Gotham_City_map,512,512,4,ETC1,0x136,9,/home/z/my-project/download/TDKR_assets/textures_png/l_gothamcity_tex/Gotham_City_map.png,Gotham_City_map.tga.bin
l_gothamcity_tex,HC_Prop_BillboardRoof_01,2048,2048,4,ETC1,0x136,11,/home/z/my-project/download/TDKR_assets/textures_png/l_gothamcity_tex/HC_Prop_BillboardRoof_01.png,HC_Prop_BillboardRoof_01.tga.bin
l_gothamcity_tex,HC_Prop_BillboardRoof_01_Emissive,512,512,4,ETC1,0x136,9,/home/z/my-project/download/TDKR_assets/textures_png/l_gothamcity_tex/HC_Prop_BillboardRoof_01_Emissive.png,HC_Prop_BillboardRoof_01_Emissive.tga.bin
l_gothamcity_tex,HC_Prop_BillboardRoof_01_Refl,256,256,4,ETC1,0x136,8,/home/z/my-project/download/TDKR_assets/textures_png/l_gothamcity_tex/HC_Prop_BillboardRoof_01_Refl.png,HC_Prop_BillboardRoof_01_Refl.tga.bin
l_gothamcity_tex,HC_Prop_BillboardRoof_02_Emissive,512,512,4,ETC1,0x136,9,/home/z/my-project/download/TDKR_assets/textures_png/l_gothamcity_tex/HC_Prop_BillboardRoof_02_Emissive.png,HC_Prop_BillboardRoof_02_Emissive.tga.bin
l_gothamcity_tex,HC_Prop_BillboardRoof_Industrial_01,2048,2048,4,ETC1,0x136,11,/home/z/my-project/download/TDKR_assets/textures_png/l_gothamcity_tex/HC_Prop_BillboardRoof_Industrial_01.png,HC_Prop_BillboardRoof_Industrial_01.tga.bin
l_gothamcity_tex,HC_Prop_BillboardWallSmall_01_Emissive,512,512,4,ETC1,0x136,9,/home/z/my-project/download/TDKR_assets/textures_png/l_gothamcity_tex/HC_Prop_BillboardWallSmall_01_Emissive.png,HC_Prop_BillboardWallSmall_01_Emissive.tga.bin
l_gothamcity_tex,HC_Prop_BillboardWallTall_01_Emissive,512,512,4,ETC1,0x136,9,/home/z/my-project/download/TDKR_assets/textures_png/l_gothamcity_tex/HC_Prop_BillboardWallTall_01_Emissive.png,HC_Prop_BillboardWallTall_01_Emissive.tga.bin
l_gothamcity_tex,HC_Prop_BillboardWall_01_Emissive,512,512,4,ETC1,0x136,9,/home/z/my-project/download/TDKR_assets/textures_png/l_gothamcity_tex/HC_Prop_BillboardWall_01_Emissive.png,HC_Prop_BillboardWall_01_Emissive.tga.bin
l_gothamcity_tex,HC_Prop_Busstop_Ad_Emissive,64,64,4,ETC1,0x136,6,/home/z/my-project/download/TDKR_assets/textures_png/l_gothamcity_tex/HC_Prop_Busstop_Ad_Emissive.png,HC_Prop_Busstop_Ad_Emissive.tga.bin
l_gothamcity_tex,Rooftop_ground,512,512,4,ETC1,0x136,9,/home/z/my-project/download/TDKR_assets/textures_png/l_gothamcity_tex/Rooftop_ground.png,Rooftop_ground.tga.bin
l_gothamcity_tex,Statuie_c,512,512,4,ETC1,0x136,9,/home/z/my-project/download/TDKR_assets/textures_png/l_gothamcity_tex/Statuie_c.png,Statuie_c.tga.bin
l_gothamcity_tex,Statuie_n,256,256,4,ETC1,0x136,8,/home/z/my-project/download/TDKR_assets/textures_png/l_gothamcity_tex/Statuie_n.png,Statuie_n.tga.bin
l_gothamcity_tex,bridge_1,1024,1024,4,ETC1,0x136,10,/home/z/my-project/download/TDKR_assets/textures_png/l_gothamcity_tex/bridge_1.png,bridge_1.tga.bin
l_gothamcity_tex,bridge_tile,1024,1024,4,ETC1,0x136,10,/home/z/my-project/download/TDKR_assets/textures_png/l_gothamcity_tex/bridge_tile.png,bridge_tile.tga.bin
l_gothamcity_tex,bridge_tile_nrm,256,256,4,ETC1,0x136,8,/home/z/my-project/download/TDKR_assets/textures_png/l_gothamcity_tex/bridge_tile_nrm.png,bridge_tile_nrm.tga.bin
l_gothamcity_tex,confroom_Reflection,256,256,4,ETC1,0x136,8,/home/z/my-project/download/TDKR_assets/textures_png/l_gothamcity_tex/confroom_Reflection.png,confroom_Reflection.tga.bin
l_gothamcity_tex,confroom_lightmap,1024,1024,4,ETC1,0x136,10,/home/z/my-project/download/TDKR_assets/textures_png/l_gothamcity_tex/confroom_lightmap.png,confroom_lightmap.tga.bin
l_gothamcity_tex,confroom_lightmap_low,512,512,4,ETC1,0x136,9,/home/z/my-project/download/TDKR_assets/textures_png/l_gothamcity_tex/confroom_lightmap_low.png,confroom_lightmap_low.tga.bin
l_gothamcity_tex,gothamcity_roads_details,512,512,4,ETC1,0x136,9,/home/z/my-project/download/TDKR_assets/textures_png/l_gothamcity_tex/gothamcity_roads_details.png,gothamcity_roads_details.tga.bin
l_gothamcity_tex,grey_lightmap,8,8,4,ETC1,0x136,3,/home/z/my-project/download/TDKR_assets/textures_png/l_gothamcity_tex/grey_lightmap.png,grey_lightmap.tga.bin
l_gothamcity_tex,storyboard_DealingWithSelina_01,1024,1024,4,ETC1,0x136,10,/home/z/my-project/download/TDKR_assets/textures_png/l_gothamcity_tex/storyboard_DealingWithSelina_01.png,storyboard_DealingWithSelina_01.tga.bin
l_gothamcity_tex,storyboard_DealingWithSelina_02,1024,1024,4,ETC1,0x136,10,/home/z/my-project/download/TDKR_assets/textures_png/l_gothamcity_tex/storyboard_DealingWithSelina_02.png,storyboard_DealingWithSelina_02.tga.bin
l_gothamcity_tex,storyboard_DealingWithSelina_03,1024,1024,4,ETC1,0x136,10,/home/z/my-project/download/TDKR_assets/textures_png/l_gothamcity_tex/storyboard_DealingWithSelina_03.png,storyboard_DealingWithSelina_03.tga.bin
l_gothamcity_tex,storyboard_DealingWithSelina_04,1024,1024,4,ETC1,0x136,10,/home/z/my-project/download/TDKR_assets/textures_png/l_gothamcity_tex/storyboard_DealingWithSelina_04.png,storyboard_DealingWithSelina_04.tga.bin
l_gothamcity_tex,storyboard_DealingWithSelina_05,1024,1024,4,ETC1,0x136,10,/home/z/my-project/download/TDKR_assets/textures_png/l_gothamcity_tex/storyboard_DealingWithSelina_05.png,storyboard_DealingWithSelina_05.tga.bin
l_gothamcity_tex,storyboard_GooseChase1,1024,1024,4,ETC1,0x136,10,/home/z/my-project/download/TDKR_assets/textures_png/l_gothamcity_tex/storyboard_GooseChase1.png,storyboard_GooseChase1.tga.bin
l_gothamcity_tex,storyboard_GooseChase2,1024,1024,4,ETC1,0x136,10,/home/z/my-project/download/TDKR_assets/textures_png/l_gothamcity_tex/storyboard_GooseChase2.png,storyboard_GooseChase2.tga.bin
l_gothamcity_tex,storyboard_GooseChase3,1024,1024,4,ETC1,0x136,10,/home/z/my-project/download/TDKR_assets/textures_png/l_gothamcity_tex/storyboard_GooseChase3.png,storyboard_GooseChase3.tga.bin
l_gothamcity_tex,storyboard_GooseChase4,1024,1024,4,ETC1,0x136,10,/home/z/my-project/download/TDKR_assets/textures_png/l_gothamcity_tex/storyboard_GooseChase4.png,storyboard_GooseChase4.tga.bin
l_gothamcity_tex,storyboard_becoming_batman_1,1024,1024,4,ETC1,0x136,10,/home/z/my-project/download/TDKR_assets/textures_png/l_gothamcity_tex/storyboard_becoming_batman_1.png,storyboard_becoming_batman_1.tga.bin
l_gothamcity_tex,storyboard_becoming_batman_2,1024,1024,4,ETC1,0x136,10,/home/z/my-project/download/TDKR_assets/textures_png/l_gothamcity_tex/storyboard_becoming_batman_2.png,storyboard_becoming_batman_2.tga.bin
l_gothamcity_tex,storyboard_becoming_batman_3,1024,1024,4,ETC1,0x136,10,/home/z/my-project/download/TDKR_assets/textures_png/l_gothamcity_tex/storyboard_becoming_batman_3.png,storyboard_becoming_batman_3.tga.bin
l_gothamcity_tex,storyboard_becoming_batman_4,1024,1024,4,ETC1,0x136,10,/home/z/my-project/download/TDKR_assets/textures_png/l_gothamcity_tex/storyboard_becoming_batman_4.png,storyboard_becoming_batman_4.tga.bin
l_gothamcity_tex,storyboard_becoming_batman_5,1024,1024,4,ETC1,0x136,10,/home/z/my-project/download/TDKR_assets/textures_png/l_gothamcity_tex/storyboard_becoming_batman_5.png,storyboard_becoming_batman_5.tga.bin
l_gothamcity_tex,storyboard_becoming_batman_6,1024,1024,4,ETC1,0x136,10,/home/z/my-project/download/TDKR_assets/textures_png/l_gothamcity_tex/storyboard_becoming_batman_6.png,storyboard_becoming_batman_6.tga.bin
l_gothamcity_tex,storyboard_saving_lucius_1,1024,1024,4,ETC1,0x136,10,/home/z/my-project/download/TDKR_assets/textures_png/l_gothamcity_tex/storyboard_saving_lucius_1.png,storyboard_saving_lucius_1.tga.bin
l_gothamcity_tex,storyboard_saving_lucius_2,1024,1024,4,ETC1,0x136,10,/home/z/my-project/download/TDKR_assets/textures_png/l_gothamcity_tex/storyboard_saving_lucius_2.png,storyboard_saving_lucius_2.tga.bin
l_gothamcity_tex,storyboard_saving_lucius_3,1024,1024,4,ETC1,0x136,10,/home/z/my-project/download/TDKR_assets/textures_png/l_gothamcity_tex/storyboard_saving_lucius_3.png,storyboard_saving_lucius_3.tga.bin
l_gothamcity_tex,storyboard_saving_lucius_4,1024,1024,4,ETC1,0x136,10,/home/z/my-project/download/TDKR_assets/textures_png/l_gothamcity_tex/storyboard_saving_lucius_4.png,storyboard_saving_lucius_4.tga.bin
l_gothamcity_tex,storyboard_saving_lucius_5,1024,1024,4,ETC1,0x136,10,/home/z/my-project/download/TDKR_assets/textures_png/l_gothamcity_tex/storyboard_saving_lucius_5.png,storyboard_saving_lucius_5.tga.bin
l_gothamcity_tex,testEnvMap,256,256,4,ETC1,0x136,8,/home/z/my-project/download/TDKR_assets/textures_png/l_gothamcity_tex/testEnvMap.png,testEnvMap.tga.bin
l_gothamcity_tex,testEnvMap_IND,512,512,4,ETC1,0x136,9,/home/z/my-project/download/TDKR_assets/textures_png/l_gothamcity_tex/testEnvMap_IND.png,testEnvMap_IND.tga.bin
l_gothamcity_tex,water,512,512,4,ETC1,0x136,9,/home/z/my-project/download/TDKR_assets/textures_png/l_gothamcity_tex/water.png,water.tga.bin
l_menu_tex,MM_BatSign,1024,1024,4,ETC1,0x136,10,/home/z/my-project/download/TDKR_assets/textures_png/l_menu_tex/MM_BatSign.png,MM_BatSign.tga.bin
l_menu_tex,MM_BatSign2,1024,1024,4,ETC1,0x136,10,/home/z/my-project/download/TDKR_assets/textures_png/l_menu_tex/MM_BatSign2.png,MM_BatSign2.tga.bin
l_menu_tex,MM_City,0,0,0,ZIP_SPLIT,0,0,,MM_City.tga.bin
l_menu_tex,MM_City_Refl,1024,1024,4,ETC1,0x136,10,/home/z/my-project/download/TDKR_assets/textures_png/l_menu_tex/MM_City_Refl.png,MM_City_Refl.tga.bin
l_menu_tex,MM_LM,8,8,4,ETC1,0x136,3,/home/z/my-project/download/TDKR_assets/textures_png/l_menu_tex/MM_LM.png,MM_LM.tga.bin
l_menu_tex,MM_LightMapSampler,32,32,4,ETC1,0x136,5,/home/z/my-project/download/TDKR_assets/textures_png/l_menu_tex/MM_LightMapSampler.png,MM_LightMapSampler.tga.bin
l_menu_tex,MM_Lightmap0,1024,1024,4,ETC1,0x136,10,/home/z/my-project/download/TDKR_assets/textures_png/l_menu_tex/MM_Lightmap0.png,MM_Lightmap0.tga.bin
l_menu_tex,MM_Pit_sky,512,512,4,ETC1,0x136,9,/home/z/my-project/download/TDKR_assets/textures_png/l_menu_tex/MM_Pit_sky.png,MM_Pit_sky.tga.bin
l_menu_tex,MM_Rocks_03,2048,2048,4,ETC1,0x136,11,/home/z/my-project/download/TDKR_assets/textures_png/l_menu_tex/MM_Rocks_03.png,MM_Rocks_03.tga.bin
l_menu_tex,MM_Rocks_03_mask,2048,2048,4,ETC1,0x136,11,/home/z/my-project/download/TDKR_assets/textures_png/l_menu_tex/MM_Rocks_03_mask.png,MM_Rocks_03_mask.tga.bin
l_menu_tex,MM_Rocks_04,1024,1024,4,ETC1,0x136,10,/home/z/my-project/download/TDKR_assets/textures_png/l_menu_tex/MM_Rocks_04.png,MM_Rocks_04.tga.bin
l_menu_tex,MM_Rocks_04_bump,1024,1024,4,ETC1,0x136,10,/home/z/my-project/download/TDKR_assets/textures_png/l_menu_tex/MM_Rocks_04_bump.png,MM_Rocks_04_bump.tga.bin
l_menu_tex,MM_Rocks_04_mask,1024,1024,4,ETC1,0x136,10,/home/z/my-project/download/TDKR_assets/textures_png/l_menu_tex/MM_Rocks_04_mask.png,MM_Rocks_04_mask.tga.bin
l_menu_tex,MM_Rocks_Pit_LM,2048,2048,4,ETC1,0x136,11,/home/z/my-project/download/TDKR_assets/textures_png/l_menu_tex/MM_Rocks_Pit_LM.png,MM_Rocks_Pit_LM.tga.bin
l_menu_tex,MM_refl,256,256,4,ETC1,0x136,8,/home/z/my-project/download/TDKR_assets/textures_png/l_menu_tex/MM_refl.png,MM_refl.tga.bin
l_military_tex,LightMapSampler,32,32,4,ETC1,0x136,5,/home/z/my-project/download/TDKR_assets/textures_png/l_military_tex/LightMapSampler.png,LightMapSampler.tga.bin
l_military_tex,MC_Alpha,0,0,0,ZIP_SPLIT,0,0,,MC_Alpha.tga.bin
l_military_tex,MC_Alpha2,0,0,0,ZIP_SPLIT,0,0,,MC_Alpha2.tga.bin
l_military_tex,MC_Alpha2_mask,512,512,4,ETC1,0x136,9,/home/z/my-project/download/TDKR_assets/textures_png/l_military_tex/MC_Alpha2_mask.png,MC_Alpha2_mask.tga.bin
l_military_tex,MC_Alpha3,0,0,0,ZIP_SPLIT,0,0,,MC_Alpha3.tga.bin
l_military_tex,MC_Alpha3_mask,512,512,4,ETC1,0x136,9,/home/z/my-project/download/TDKR_assets/textures_png/l_military_tex/MC_Alpha3_mask.png,MC_Alpha3_mask.tga.bin
l_military_tex,MC_Alpha_Metfloor,512,512,4,ETC1,0x136,9,/home/z/my-project/download/TDKR_assets/textures_png/l_military_tex/MC_Alpha_Metfloor.png,MC_Alpha_Metfloor.tga.bin
l_military_tex,MC_Asphalt01,1024,1024,4,ETC1,0x136,10,/home/z/my-project/download/TDKR_assets/textures_png/l_military_tex/MC_Asphalt01.png,MC_Asphalt01.tga.bin
l_military_tex,MC_Asphalt01_mask,512,512,4,ETC1,0x136,9,/home/z/my-project/download/TDKR_assets/textures_png/l_military_tex/MC_Asphalt01_mask.png,MC_Asphalt01_mask.tga.bin
l_military_tex,MC_Asphalt02,1024,1024,4,ETC1,0x136,10,/home/z/my-project/download/TDKR_assets/textures_png/l_military_tex/MC_Asphalt02.png,MC_Asphalt02.tga.bin
l_military_tex,MC_Asphalt02_mask,512,512,4,ETC1,0x136,9,/home/z/my-project/download/TDKR_assets/textures_png/l_military_tex/MC_Asphalt02_mask.png,MC_Asphalt02_mask.tga.bin
l_military_tex,MC_Atlas1,1024,1024,4,ETC1,0x136,10,/home/z/my-project/download/TDKR_assets/textures_png/l_military_tex/MC_Atlas1.png,MC_Atlas1.tga.bin
l_military_tex,MC_Atlas2,1024,1024,4,ETC1,0x136,10,/home/z/my-project/download/TDKR_assets/textures_png/l_military_tex/MC_Atlas2.png,MC_Atlas2.tga.bin
l_military_tex,MC_Atlas3,512,512,4,ETC1,0x136,9,/home/z/my-project/download/TDKR_assets/textures_png/l_military_tex/MC_Atlas3.png,MC_Atlas3.tga.bin
l_military_tex,MC_Beacon,0,0,0,ZIP_SPLIT,0,0,,MC_Beacon.tga.bin
l_military_tex,MC_Burn,0,0,0,ZIP_SPLIT,0,0,,MC_Burn.tga.bin
l_military_tex,MC_Center_Wall,512,512,4,ETC1,0x136,9,/home/z/my-project/download/TDKR_assets/textures_png/l_military_tex/MC_Center_Wall.png,MC_Center_Wall.tga.bin
l_military_tex,MC_Center_Wall_b,512,512,4,ETC1,0x136,9,/home/z/my-project/download/TDKR_assets/textures_png/l_military_tex/MC_Center_Wall_b.png,MC_Center_Wall_b.tga.bin
l_military_tex,MC_Concrete_01,1024,1024,4,ETC1,0x136,10,/home/z/my-project/download/TDKR_assets/textures_png/l_military_tex/MC_Concrete_01.png,MC_Concrete_01.tga.bin
l_military_tex,MC_Concrete_01_mask,512,512,4,ETC1,0x136,9,/home/z/my-project/download/TDKR_assets/textures_png/l_military_tex/MC_Concrete_01_mask.png,MC_Concrete_01_mask.tga.bin
l_military_tex,MC_Concrete_01b,1024,1024,4,ETC1,0x136,10,/home/z/my-project/download/TDKR_assets/textures_png/l_military_tex/MC_Concrete_01b.png,MC_Concrete_01b.tga.bin
l_military_tex,MC_Concrete_01b_mask,512,512,4,ETC1,0x136,9,/home/z/my-project/download/TDKR_assets/textures_png/l_military_tex/MC_Concrete_01b_mask.png,MC_Concrete_01b_mask.tga.bin
l_military_tex,MC_Concrete_02,1024,1024,4,ETC1,0x136,10,/home/z/my-project/download/TDKR_assets/textures_png/l_military_tex/MC_Concrete_02.png,MC_Concrete_02.tga.bin
l_military_tex,MC_Concrete_02_mask,512,512,4,ETC1,0x136,9,/home/z/my-project/download/TDKR_assets/textures_png/l_military_tex/MC_Concrete_02_mask.png,MC_Concrete_02_mask.tga.bin
l_military_tex,MC_Concrete_02b,1024,1024,4,ETC1,0x136,10,/home/z/my-project/download/TDKR_assets/textures_png/l_military_tex/MC_Concrete_02b.png,MC_Concrete_02b.tga.bin
l_military_tex,MC_Concrete_02c,512,512,4,ETC1,0x136,9,/home/z/my-project/download/TDKR_assets/textures_png/l_military_tex/MC_Concrete_02c.png,MC_Concrete_02c.tga.bin
l_military_tex,MC_Concrete_02d,1024,1024,4,ETC1,0x136,10,/home/z/my-project/download/TDKR_assets/textures_png/l_military_tex/MC_Concrete_02d.png,MC_Concrete_02d.tga.bin
l_military_tex,MC_Concrete_02d_mask,512,512,4,ETC1,0x136,9,/home/z/my-project/download/TDKR_assets/textures_png/l_military_tex/MC_Concrete_02d_mask.png,MC_Concrete_02d_mask.tga.bin
l_military_tex,MC_Concrete_02e,1024,1024,4,ETC1,0x136,10,/home/z/my-project/download/TDKR_assets/textures_png/l_military_tex/MC_Concrete_02e.png,MC_Concrete_02e.tga.bin
l_military_tex,MC_Concrete_02e_mask,512,512,4,ETC1,0x136,9,/home/z/my-project/download/TDKR_assets/textures_png/l_military_tex/MC_Concrete_02e_mask.png,MC_Concrete_02e_mask.tga.bin
l_military_tex,MC_Concrete_03,512,512,4,ETC1,0x136,9,/home/z/my-project/download/TDKR_assets/textures_png/l_military_tex/MC_Concrete_03.png,MC_Concrete_03.tga.bin
l_military_tex,MC_Concrete_03_b,512,512,4,ETC1,0x136,9,/home/z/my-project/download/TDKR_assets/textures_png/l_military_tex/MC_Concrete_03_b.png,MC_Concrete_03_b.tga.bin
l_military_tex,MC_Concrete_03_b_mask,512,512,4,ETC1,0x136,9,/home/z/my-project/download/TDKR_assets/textures_png/l_military_tex/MC_Concrete_03_b_mask.png,MC_Concrete_03_b_mask.tga.bin
l_military_tex,MC_Concrete_03_mask,512,512,4,ETC1,0x136,9,/home/z/my-project/download/TDKR_assets/textures_png/l_military_tex/MC_Concrete_03_mask.png,MC_Concrete_03_mask.tga.bin
l_military_tex,MC_Concrete_04stripe,512,512,4,ETC1,0x136,9,/home/z/my-project/download/TDKR_assets/textures_png/l_military_tex/MC_Concrete_04stripe.png,MC_Concrete_04stripe.tga.bin
l_military_tex,MC_Concrete_Wall,512,512,4,ETC1,0x136,9,/home/z/my-project/download/TDKR_assets/textures_png/l_military_tex/MC_Concrete_Wall.png,MC_Concrete_Wall.tga.bin
l_military_tex,MC_Fog,8,8,4,ETC1,0x136,3,/home/z/my-project/download/TDKR_assets/textures_png/l_military_tex/MC_Fog.png,MC_Fog.tga.bin
l_military_tex,MC_Grass,512,512,4,ETC1,0x136,9,/home/z/my-project/download/TDKR_assets/textures_png/l_military_tex/MC_Grass.png,MC_Grass.tga.bin
l_military_tex,MC_Heli,512,512,4,ETC1,0x136,9,/home/z/my-project/download/TDKR_assets/textures_png/l_military_tex/MC_Heli.png,MC_Heli.tga.bin
l_military_tex,MC_Hummer,1024,1024,4,ETC1,0x136,10,/home/z/my-project/download/TDKR_assets/textures_png/l_military_tex/MC_Hummer.png,MC_Hummer.tga.bin
l_military_tex,MC_Hummer_mask,512,512,4,ETC1,0x136,9,/home/z/my-project/download/TDKR_assets/textures_png/l_military_tex/MC_Hummer_mask.png,MC_Hummer_mask.tga.bin
l_military_tex,MC_Met_Roof,512,512,4,ETC1,0x136,9,/home/z/my-project/download/TDKR_assets/textures_png/l_military_tex/MC_Met_Roof.png,MC_Met_Roof.tga.bin
l_military_tex,MC_Met_Roof_mask,512,512,4,ETC1,0x136,9,/home/z/my-project/download/TDKR_assets/textures_png/l_military_tex/MC_Met_Roof_mask.png,MC_Met_Roof_mask.tga.bin
l_military_tex,MC_Metal,1024,1024,4,ETC1,0x136,10,/home/z/my-project/download/TDKR_assets/textures_png/l_military_tex/MC_Metal.png,MC_Metal.tga.bin
l_military_tex,MC_Metal_mask,1024,1024,4,ETC1,0x136,10,/home/z/my-project/download/TDKR_assets/textures_png/l_military_tex/MC_Metal_mask.png,MC_Metal_mask.tga.bin
l_military_tex,MC_Metal_wall_01,512,512,4,ETC1,0x136,9,/home/z/my-project/download/TDKR_assets/textures_png/l_military_tex/MC_Metal_wall_01.png,MC_Metal_wall_01.tga.bin
l_military_tex,MC_Metal_wall_01b,512,512,4,ETC1,0x136,9,/home/z/my-project/download/TDKR_assets/textures_png/l_military_tex/MC_Metal_wall_01b.png,MC_Metal_wall_01b.tga.bin
l_military_tex,MC_Metal_wall_03,512,512,4,ETC1,0x136,9,/home/z/my-project/download/TDKR_assets/textures_png/l_military_tex/MC_Metal_wall_03.png,MC_Metal_wall_03.tga.bin
l_military_tex,MC_Metal_wall_04,512,512,4,ETC1,0x136,9,/home/z/my-project/download/TDKR_assets/textures_png/l_military_tex/MC_Metal_wall_04.png,MC_Metal_wall_04.tga.bin
l_military_tex,MC_Metal_wall_04b,512,512,4,ETC1,0x136,9,/home/z/my-project/download/TDKR_assets/textures_png/l_military_tex/MC_Metal_wall_04b.png,MC_Metal_wall_04b.tga.bin
l_military_tex,MC_Metalfloor,512,512,4,ETC1,0x136,9,/home/z/my-project/download/TDKR_assets/textures_png/l_military_tex/MC_Metalfloor.png,MC_Metalfloor.tga.bin
l_military_tex,MC_Metalfloor_mask,512,512,4,ETC1,0x136,9,/home/z/my-project/download/TDKR_assets/textures_png/l_military_tex/MC_Metalfloor_mask.png,MC_Metalfloor_mask.tga.bin
l_military_tex,MC_NoTexture,64,64,4,ETC1,0x136,6,/home/z/my-project/download/TDKR_assets/textures_png/l_military_tex/MC_NoTexture.png,MC_NoTexture.tga.bin
l_military_tex,MC_Raba,512,512,4,ETC1,0x136,9,/home/z/my-project/download/TDKR_assets/textures_png/l_military_tex/MC_Raba.png,MC_Raba.tga.bin
l_military_tex,MC_Raba_mask,512,512,4,ETC1,0x136,9,/home/z/my-project/download/TDKR_assets/textures_png/l_military_tex/MC_Raba_mask.png,MC_Raba_mask.tga.bin
l_military_tex,MC_Roof_01,512,512,4,ETC1,0x136,9,/home/z/my-project/download/TDKR_assets/textures_png/l_military_tex/MC_Roof_01.png,MC_Roof_01.tga.bin
l_military_tex,MC_Roof_02,512,512,4,ETC1,0x136,9,/home/z/my-project/download/TDKR_assets/textures_png/l_military_tex/MC_Roof_02.png,MC_Roof_02.tga.bin
l_military_tex,MC_Roof_02_mask,512,512,4,ETC1,0x136,9,/home/z/my-project/download/TDKR_assets/textures_png/l_military_tex/MC_Roof_02_mask.png,MC_Roof_02_mask.tga.bin
l_military_tex,MC_Saur,512,512,4,ETC1,0x136,9,/home/z/my-project/download/TDKR_assets/textures_png/l_military_tex/MC_Saur.png,MC_Saur.tga.bin
l_military_tex,MC_Scrap01,0,0,0,ZIP_SPLIT,0,0,,MC_Scrap01.tga.bin
l_military_tex,MC_Scrap01_mask,512,512,4,ETC1,0x136,9,/home/z/my-project/download/TDKR_assets/textures_png/l_military_tex/MC_Scrap01_mask.png,MC_Scrap01_mask.tga.bin
l_military_tex,MC_Scrap02,0,0,0,ZIP_SPLIT,0,0,,MC_Scrap02.tga.bin
l_military_tex,MC_Scrap02_mask,512,512,4,ETC1,0x136,9,/home/z/my-project/download/TDKR_assets/textures_png/l_military_tex/MC_Scrap02_mask.png,MC_Scrap02_mask.tga.bin
l_military_tex,MC_Shelter,0,0,0,ZIP_SPLIT,0,0,,MC_Shelter.tga.bin
l_military_tex,MC_Skybox,2048,2048,4,ETC1,0x136,11,/home/z/my-project/download/TDKR_assets/textures_png/l_military_tex/MC_Skybox.png,MC_Skybox.tga.bin
l_military_tex,MC_forklift,512,512,4,ETC1,0x136,9,/home/z/my-project/download/TDKR_assets/textures_png/l_military_tex/MC_forklift.png,MC_forklift.tga.bin
l_military_tex,MC_refl_interior,512,512,4,ETC1,0x136,9,/home/z/my-project/download/TDKR_assets/textures_png/l_military_tex/MC_refl_interior.png,MC_refl_interior.tga.bin
l_military_tex,MC_water,512,512,4,ETC1,0x136,9,/home/z/my-project/download/TDKR_assets/textures_png/l_military_tex/MC_water.png,MC_water.tga.bin
l_military_tex,MC_water_mask,512,512,4,ETC1,0x136,9,/home/z/my-project/download/TDKR_assets/textures_png/l_military_tex/MC_water_mask.png,MC_water_mask.tga.bin
l_military_tex,Military_Complex_LM_01,2048,2048,4,ETC1,0x136,11,/home/z/my-project/download/TDKR_assets/textures_png/l_military_tex/Military_Complex_LM_01.png,Military_Complex_LM_01.tga.bin
l_military_tex,Military_Complex_LM_02,2048,2048,4,ETC1,0x136,11,/home/z/my-project/download/TDKR_assets/textures_png/l_military_tex/Military_Complex_LM_02.png,Military_Complex_LM_02.tga.bin
l_military_tex,Military_Complex_LM_03,2048,2048,4,ETC1,0x136,11,/home/z/my-project/download/TDKR_assets/textures_png/l_military_tex/Military_Complex_LM_03.png,Military_Complex_LM_03.tga.bin
l_military_tex,Military_Complex_LM_04,2048,2048,4,ETC1,0x136,11,/home/z/my-project/download/TDKR_assets/textures_png/l_military_tex/Military_Complex_LM_04.png,Military_Complex_LM_04.tga.bin
l_military_tex,Military_Complex_LM_05,2048,2048,4,ETC1,0x136,11,/home/z/my-project/download/TDKR_assets/textures_png/l_military_tex/Military_Complex_LM_05.png,Military_Complex_LM_05.tga.bin
l_policestation_tex,GC_Policestation_Skybox,2048,2048,4,ETC1,0x136,11,/home/z/my-project/download/TDKR_assets/textures_png/l_policestation_tex/GC_Policestation_Skybox.png,GC_Policestation_Skybox.tga.bin
l_policestation_tex,police_add,0,0,0,ZIP_SPLIT,0,0,,police_add.tga.bin
l_policestation_tex,police_add_mask,1024,1024,4,ETC1,0x136,10,/home/z/my-project/download/TDKR_assets/textures_png/l_policestation_tex/police_add_mask.png,police_add_mask.tga.bin
l_policestation_tex,police_allee,512,512,4,ETC1,0x136,9,/home/z/my-project/download/TDKR_assets/textures_png/l_policestation_tex/police_allee.png,police_allee.tga.bin
l_policestation_tex,police_allprops,2048,2048,4,ETC1,0x136,11,/home/z/my-project/download/TDKR_assets/textures_png/l_policestation_tex/police_allprops.png,police_allprops.tga.bin
l_policestation_tex,police_allprops_mask,2048,2048,4,ETC1,0x136,11,/home/z/my-project/download/TDKR_assets/textures_png/l_policestation_tex/police_allprops_mask.png,police_allprops_mask.tga.bin
l_policestation_tex,police_alphas,0,0,0,ZIP_SPLIT,0,0,,police_alphas.tga.bin
l_policestation_tex,police_alphas2,0,0,0,ZIP_SPLIT,0,0,,police_alphas2.tga.bin
l_policestation_tex,police_alphas_mask,1024,1024,4,ETC1,0x136,10,/home/z/my-project/download/TDKR_assets/textures_png/l_policestation_tex/police_alphas_mask.png,police_alphas_mask.tga.bin
l_policestation_tex,police_buildings,2048,2048,4,ETC1,0x136,11,/home/z/my-project/download/TDKR_assets/textures_png/l_policestation_tex/police_buildings.png,police_buildings.tga.bin
l_policestation_tex,police_buildings_mask,2048,2048,4,ETC1,0x136,11,/home/z/my-project/download/TDKR_assets/textures_png/l_policestation_tex/police_buildings_mask.png,police_buildings_mask.tga.bin
l_policestation_tex,police_carpet_tiles,512,512,4,ETC1,0x136,9,/home/z/my-project/download/TDKR_assets/textures_png/l_policestation_tex/police_carpet_tiles.png,police_carpet_tiles.tga.bin
l_policestation_tex,police_carpet_tiles_mask,512,512,4,ETC1,0x136,9,/home/z/my-project/download/TDKR_assets/textures_png/l_policestation_tex/police_carpet_tiles_mask.png,police_carpet_tiles_mask.tga.bin
l_policestation_tex,police_concrete,2048,2048,4,ETC1,0x136,11,/home/z/my-project/download/TDKR_assets/textures_png/l_policestation_tex/police_concrete.png,police_concrete.tga.bin
l_policestation_tex,police_dirt,512,512,4,ETC1,0x136,9,/home/z/my-project/download/TDKR_assets/textures_png/l_policestation_tex/police_dirt.png,police_dirt.tga.bin
l_policestation_tex,police_exterior_tiles,512,512,4,ETC1,0x136,9,/home/z/my-project/download/TDKR_assets/textures_png/l_policestation_tex/police_exterior_tiles.png,police_exterior_tiles.tga.bin
l_policestation_tex,police_grass,512,512,4,ETC1,0x136,9,/home/z/my-project/download/TDKR_assets/textures_png/l_policestation_tex/police_grass.png,police_grass.tga.bin
l_policestation_tex,police_interior_walls,1024,1024,4,ETC1,0x136,10,/home/z/my-project/download/TDKR_assets/textures_png/l_policestation_tex/police_interior_walls.png,police_interior_walls.tga.bin
l_policestation_tex,police_interior_walls_mask,1024,1024,4,ETC1,0x136,10,/home/z/my-project/download/TDKR_assets/textures_png/l_policestation_tex/police_interior_walls_mask.png,police_interior_walls_mask.tga.bin
l_policestation_tex,police_lightmap,2048,2048,4,ETC1,0x136,11,/home/z/my-project/download/TDKR_assets/textures_png/l_policestation_tex/police_lightmap.png,police_lightmap.tga.bin
l_policestation_tex,police_lightmap_exterior,1024,1024,4,ETC1,0x136,10,/home/z/my-project/download/TDKR_assets/textures_png/l_policestation_tex/police_lightmap_exterior.png,police_lightmap_exterior.tga.bin
l_policestation_tex,police_lightmap_low,1024,1024,4,ETC1,0x136,10,/home/z/my-project/download/TDKR_assets/textures_png/l_policestation_tex/police_lightmap_low.png,police_lightmap_low.tga.bin
l_policestation_tex,police_marble_tiles,512,512,4,ETC1,0x136,9,/home/z/my-project/download/TDKR_assets/textures_png/l_policestation_tex/police_marble_tiles.png,police_marble_tiles.tga.bin
l_policestation_tex,police_marble_tiles_mask,512,512,4,ETC1,0x136,9,/home/z/my-project/download/TDKR_assets/textures_png/l_policestation_tex/police_marble_tiles_mask.png,police_marble_tiles_mask.tga.bin
l_policestation_tex,police_parquet,512,512,4,ETC1,0x136,9,/home/z/my-project/download/TDKR_assets/textures_png/l_policestation_tex/police_parquet.png,police_parquet.tga.bin
l_policestation_tex,police_parquet_mask,512,512,4,ETC1,0x136,9,/home/z/my-project/download/TDKR_assets/textures_png/l_policestation_tex/police_parquet_mask.png,police_parquet_mask.tga.bin
l_policestation_tex,police_refl_interior,512,512,4,ETC1,0x136,9,/home/z/my-project/download/TDKR_assets/textures_png/l_policestation_tex/police_refl_interior.png,police_refl_interior.tga.bin
l_policestation_tex,police_vertical_fog,8,8,4,ETC1,0x136,3,/home/z/my-project/download/TDKR_assets/textures_png/l_policestation_tex/police_vertical_fog.png,police_vertical_fog.tga.bin
l_policestation_tex,police_wall_textures,2048,2048,4,ETC1,0x136,11,/home/z/my-project/download/TDKR_assets/textures_png/l_policestation_tex/police_wall_textures.png,police_wall_textures.tga.bin
l_policestation_tex,police_water,512,512,4,ETC1,0x136,9,/home/z/my-project/download/TDKR_assets/textures_png/l_policestation_tex/police_water.png,police_water.tga.bin
l_policestation_tex,police_water_screen,512,512,4,ETC1,0x136,9,/home/z/my-project/download/TDKR_assets/textures_png/l_policestation_tex/police_water_screen.png,police_water_screen.tga.bin
l_stadion_tex,ST_Net_T,0,0,0,ZIP_SPLIT,0,0,,ST_Net_T.tga.bin
l_stadion_tex,ST_NeutralGrey,32,32,4,ETC1,0x136,5,/home/z/my-project/download/TDKR_assets/textures_png/l_stadion_tex/ST_NeutralGrey.png,ST_NeutralGrey.tga.bin
l_stadion_tex,ST_alpha_TH,0,0,0,ZIP_SPLIT,0,0,,ST_alpha_TH.tga.bin
l_stadion_tex,ST_chairsForLow,0,0,0,ZIP_SPLIT,0,0,,ST_chairsForLow.tga.bin
l_stadion_tex,ST_chairs_DIF_T_00,512,512,4,ETC1,0x136,9,/home/z/my-project/download/TDKR_assets/textures_png/l_stadion_tex/ST_chairs_DIF_T_00.png,ST_chairs_DIF_T_00.tga.bin
l_stadion_tex,ST_chairs_DIF_T_01,512,512,4,ETC1,0x136,9,/home/z/my-project/download/TDKR_assets/textures_png/l_stadion_tex/ST_chairs_DIF_T_01.png,ST_chairs_DIF_T_01.tga.bin
l_stadion_tex,ST_concreteWall_TH,1024,1024,4,ETC1,0x136,10,/home/z/my-project/download/TDKR_assets/textures_png/l_stadion_tex/ST_concreteWall_TH.png,ST_concreteWall_TH.tga.bin
l_stadion_tex,ST_concrete_T,512,512,4,ETC1,0x136,9,/home/z/my-project/download/TDKR_assets/textures_png/l_stadion_tex/ST_concrete_T.png,ST_concrete_T.tga.bin
l_stadion_tex,ST_concrete_TH,2048,2048,4,ETC1,0x136,11,/home/z/my-project/download/TDKR_assets/textures_png/l_stadion_tex/ST_concrete_TH.png,ST_concrete_TH.tga.bin
l_stadion_tex,ST_debris_T,256,256,4,ETC1,0x136,8,/home/z/my-project/download/TDKR_assets/textures_png/l_stadion_tex/ST_debris_T.png,ST_debris_T.tga.bin
l_stadion_tex,ST_floor_TH,1024,1024,4,ETC1,0x136,10,/home/z/my-project/download/TDKR_assets/textures_png/l_stadion_tex/ST_floor_TH.png,ST_floor_TH.tga.bin
l_stadion_tex,ST_fog,0,0,0,ZIP_SPLIT,0,0,,ST_fog.tga.bin
l_stadion_tex,ST_fragments_TH,256,256,4,ETC1,0x136,8,/home/z/my-project/download/TDKR_assets/textures_png/l_stadion_tex/ST_fragments_TH.png,ST_fragments_TH.tga.bin
l_stadion_tex,ST_grass_TH,2048,2048,4,ETC1,0x136,11,/home/z/my-project/download/TDKR_assets/textures_png/l_stadion_tex/ST_grass_TH.png,ST_grass_TH.tga.bin
l_stadion_tex,ST_lightmap_bottom,2048,2048,4,ETC1,0x136,11,/home/z/my-project/download/TDKR_assets/textures_png/l_stadion_tex/ST_lightmap_bottom.png,ST_lightmap_bottom.tga.bin
l_stadion_tex,ST_lightmap_ruins,2048,2048,4,ETC1,0x136,11,/home/z/my-project/download/TDKR_assets/textures_png/l_stadion_tex/ST_lightmap_ruins.png,ST_lightmap_ruins.tga.bin
l_stadion_tex,ST_lightmap_top,2048,2048,4,ETC1,0x136,11,/home/z/my-project/download/TDKR_assets/textures_png/l_stadion_tex/ST_lightmap_top.png,ST_lightmap_top.tga.bin
l_stadion_tex,ST_orangeGround_T,512,512,4,ETC1,0x136,9,/home/z/my-project/download/TDKR_assets/textures_png/l_stadion_tex/ST_orangeGround_T.png,ST_orangeGround_T.tga.bin
l_stadion_tex,ST_skybox,2048,2048,4,ETC1,0x136,11,/home/z/my-project/download/TDKR_assets/textures_png/l_stadion_tex/ST_skybox.png,ST_skybox.tga.bin
l_stadion_tex,ST_stadium_BottomTop_LongDist,2048,2048,4,ETC1,0x136,11,/home/z/my-project/download/TDKR_assets/textures_png/l_stadion_tex/ST_stadium_BottomTop_LongDist.png,ST_stadium_BottomTop_LongDist.tga.bin
l_stadion_tex,ST_stadium_Ruins_LongDist,2048,2048,4,ETC1,0x136,11,/home/z/my-project/download/TDKR_assets/textures_png/l_stadion_tex/ST_stadium_Ruins_LongDist.png,ST_stadium_Ruins_LongDist.tga.bin
l_stadion_tex,ST_wall_TH,2048,2048,4,ETC1,0x136,11,/home/z/my-project/download/TDKR_assets/textures_png/l_stadion_tex/ST_wall_TH.png,ST_wall_TH.tga.bin
l_stockexchange_tex,Ceiling,512,512,4,ETC1,0x136,9,/home/z/my-project/download/TDKR_assets/textures_png/l_stockexchange_tex/Ceiling.png,Ceiling.tga.bin
l_stockexchange_tex,Ceiling_Mask,512,512,4,ETC1,0x136,9,/home/z/my-project/download/TDKR_assets/textures_png/l_stockexchange_tex/Ceiling_Mask.png,Ceiling_Mask.tga.bin
l_stockexchange_tex,Ceiling_Normal,2048,2048,4,ETC1,0x136,11,/home/z/my-project/download/TDKR_assets/textures_png/l_stockexchange_tex/Ceiling_Normal.png,Ceiling_Normal.tga.bin
l_stockexchange_tex,GC_StockExchange_Floor3,512,512,4,ETC1,0x136,9,/home/z/my-project/download/TDKR_assets/textures_png/l_stockexchange_tex/GC_StockExchange_Floor3.png,GC_StockExchange_Floor3.tga.bin
l_stockexchange_tex,GC_StockExchange_Floor3_Border,256,256,4,ETC1,0x136,8,/home/z/my-project/download/TDKR_assets/textures_png/l_stockexchange_tex/GC_StockExchange_Floor3_Border.png,GC_StockExchange_Floor3_Border.tga.bin
l_stockexchange_tex,GC_StockExchange_Floor3_Border_mask,256,256,4,ETC1,0x136,8,/home/z/my-project/download/TDKR_assets/textures_png/l_stockexchange_tex/GC_StockExchange_Floor3_Border_mask.png,GC_StockExchange_Floor3_Border_mask.tga.bin
l_stockexchange_tex,GC_StockExchange_Floor3_mask,512,512,4,ETC1,0x136,9,/home/z/my-project/download/TDKR_assets/textures_png/l_stockexchange_tex/GC_StockExchange_Floor3_mask.png,GC_StockExchange_Floor3_mask.tga.bin
l_stockexchange_tex,GC_StockExchange_Wall_Numbers,512,512,4,ETC1,0x136,9,/home/z/my-project/download/TDKR_assets/textures_png/l_stockexchange_tex/GC_StockExchange_Wall_Numbers.png,GC_StockExchange_Wall_Numbers.tga.bin
l_stockexchange_tex,GC_StockExchange_Wall_Numbers_Additive,256,256,4,ETC1,0x136,8,/home/z/my-project/download/TDKR_assets/textures_png/l_stockexchange_tex/GC_StockExchange_Wall_Numbers_Additive.png,GC_StockExchange_Wall_Numbers_Additive.tga.bin
l_stockexchange_tex,GC_StockExchange_rooms_LM,2048,2048,4,ETC1,0x136,11,/home/z/my-project/download/TDKR_assets/textures_png/l_stockexchange_tex/GC_StockExchange_rooms_LM.png,GC_StockExchange_rooms_LM.tga.bin
l_stockexchange_tex,SE_Alpha02,0,0,0,ZIP_SPLIT,0,0,,SE_Alpha02.tga.bin
l_stockexchange_tex,SE_Alpha02_M,1024,1024,4,ETC1,0x136,10,/home/z/my-project/download/TDKR_assets/textures_png/l_stockexchange_tex/SE_Alpha02_M.png,SE_Alpha02_M.tga.bin
l_stockexchange_tex,SE_Atlas1,1024,1024,4,ETC1,0x136,10,/home/z/my-project/download/TDKR_assets/textures_png/l_stockexchange_tex/SE_Atlas1.png,SE_Atlas1.tga.bin
l_stockexchange_tex,SE_Atlas2,1024,1024,4,ETC1,0x136,10,/home/z/my-project/download/TDKR_assets/textures_png/l_stockexchange_tex/SE_Atlas2.png,SE_Atlas2.tga.bin
l_stockexchange_tex,SE_Atlas3,1024,1024,4,ETC1,0x136,10,/home/z/my-project/download/TDKR_assets/textures_png/l_stockexchange_tex/SE_Atlas3.png,SE_Atlas3.tga.bin
l_stockexchange_tex,SE_Atlas3_M,1024,1024,4,ETC1,0x136,10,/home/z/my-project/download/TDKR_assets/textures_png/l_stockexchange_tex/SE_Atlas3_M.png,SE_Atlas3_M.tga.bin
l_stockexchange_tex,SE_Atlas4,1024,1024,4,ETC1,0x136,10,/home/z/my-project/download/TDKR_assets/textures_png/l_stockexchange_tex/SE_Atlas4.png,SE_Atlas4.tga.bin
l_stockexchange_tex,SE_Atlas5,1024,1024,4,ETC1,0x136,10,/home/z/my-project/download/TDKR_assets/textures_png/l_stockexchange_tex/SE_Atlas5.png,SE_Atlas5.tga.bin
l_stockexchange_tex,SE_Atlas6,1024,1024,4,ETC1,0x136,10,/home/z/my-project/download/TDKR_assets/textures_png/l_stockexchange_tex/SE_Atlas6.png,SE_Atlas6.tga.bin
l_stockexchange_tex,SE_Atlas8,1024,1024,4,ETC1,0x136,10,/home/z/my-project/download/TDKR_assets/textures_png/l_stockexchange_tex/SE_Atlas8.png,SE_Atlas8.tga.bin
l_stockexchange_tex,SE_Atlas_1_M,1024,1024,4,ETC1,0x136,10,/home/z/my-project/download/TDKR_assets/textures_png/l_stockexchange_tex/SE_Atlas_1_M.png,SE_Atlas_1_M.tga.bin
l_stockexchange_tex,SE_Exterior,2048,2048,4,ETC1,0x136,11,/home/z/my-project/download/TDKR_assets/textures_png/l_stockexchange_tex/SE_Exterior.png,SE_Exterior.tga.bin
l_stockexchange_tex,SE_FakeGotham,512,512,4,ETC1,0x136,9,/home/z/my-project/download/TDKR_assets/textures_png/l_stockexchange_tex/SE_FakeGotham.png,SE_FakeGotham.tga.bin
l_stockexchange_tex,SE_FakeInterior,512,512,4,ETC1,0x136,9,/home/z/my-project/download/TDKR_assets/textures_png/l_stockexchange_tex/SE_FakeInterior.png,SE_FakeInterior.tga.bin
l_stockexchange_tex,SE_Skybox,1024,1024,4,ETC1,0x136,10,/home/z/my-project/download/TDKR_assets/textures_png/l_stockexchange_tex/SE_Skybox.png,SE_Skybox.tga.bin
l_stockexchange_tex,SE_alpha_01,0,0,0,ZIP_SPLIT,0,0,,SE_alpha_01.tga.bin
l_stockexchange_tex,SE_water,512,512,4,ETC1,0x136,9,/home/z/my-project/download/TDKR_assets/textures_png/l_stockexchange_tex/SE_water.png,SE_water.tga.bin
l_stockexchange_tex,SE_water_M,512,512,4,ETC1,0x136,9,/home/z/my-project/download/TDKR_assets/textures_png/l_stockexchange_tex/SE_water_M.png,SE_water_M.tga.bin
l_stockexchange_tex,SE_water_N,512,512,4,ETC1,0x136,9,/home/z/my-project/download/TDKR_assets/textures_png/l_stockexchange_tex/SE_water_N.png,SE_water_N.tga.bin
l_stockexchange_tex,SE_woods,1024,1024,4,ETC1,0x136,10,/home/z/my-project/download/TDKR_assets/textures_png/l_stockexchange_tex/SE_woods.png,SE_woods.tga.bin
l_stockexchange_tex,SE_woods_M,1024,1024,4,ETC1,0x136,10,/home/z/my-project/download/TDKR_assets/textures_png/l_stockexchange_tex/SE_woods_M.png,SE_woods_M.tga.bin
l_stockexchange_tex,SF_refl_interior,512,512,4,ETC1,0x136,9,/home/z/my-project/download/TDKR_assets/textures_png/l_stockexchange_tex/SF_refl_interior.png,SF_refl_interior.tga.bin
l_stockexchange_tex,SF_refl_interior4,512,512,4,ETC1,0x136,9,/home/z/my-project/download/TDKR_assets/textures_png/l_stockexchange_tex/SF_refl_interior4.png,SF_refl_interior4.tga.bin
l_stockexchange_tex,SF_refl_interior_2,256,256,4,ETC1,0x136,8,/home/z/my-project/download/TDKR_assets/textures_png/l_stockexchange_tex/SF_refl_interior_2.png,SF_refl_interior_2.tga.bin
l_stockexchange_tex,SF_refl_interior_3,128,128,4,ETC1,0x136,7,/home/z/my-project/download/TDKR_assets/textures_png/l_stockexchange_tex/SF_refl_interior_3.png,SF_refl_interior_3.tga.bin
l_stockexchange_tex,light_test01,2048,2048,4,ETC1,0x136,11,/home/z/my-project/download/TDKR_assets/textures_png/l_stockexchange_tex/light_test01.png,light_test01.tga.bin
l_stockexchange_tex,light_test02,2048,2048,4,ETC1,0x136,11,/home/z/my-project/download/TDKR_assets/textures_png/l_stockexchange_tex/light_test02.png,light_test02.tga.bin
l_stockexchange_tex,se_Atlas7,1024,1024,4,ETC1,0x136,10,/home/z/my-project/download/TDKR_assets/textures_png/l_stockexchange_tex/se_Atlas7.png,se_Atlas7.tga.bin
l_stockexchange_tex,se_Atlas7_var1,1024,1024,4,ETC1,0x136,10,/home/z/my-project/download/TDKR_assets/textures_png/l_stockexchange_tex/se_Atlas7_var1.png,se_Atlas7_var1.tga.bin
l_thepit_tex,Air_Duct,0,0,0,ZIP_SPLIT,0,0,,Air_Duct.tga.bin
l_thepit_tex,Air_Duct_Mask,512,512,4,ETC1,0x136,9,/home/z/my-project/download/TDKR_assets/textures_png/l_thepit_tex/Air_Duct_Mask.png,Air_Duct_Mask.tga.bin
l_thepit_tex,Bec,512,512,4,ETC1,0x136,9,/home/z/my-project/download/TDKR_assets/textures_png/l_thepit_tex/Bec.png,Bec.tga.bin
l_thepit_tex,Bec_Mask,512,512,4,ETC1,0x136,9,/home/z/my-project/download/TDKR_assets/textures_png/l_thepit_tex/Bec_Mask.png,Bec_Mask.tga.bin
l_thepit_tex,CableRoller,512,512,4,ETC1,0x136,9,/home/z/my-project/download/TDKR_assets/textures_png/l_thepit_tex/CableRoller.png,CableRoller.tga.bin
l_thepit_tex,CardboardBox,512,512,4,ETC1,0x136,9,/home/z/my-project/download/TDKR_assets/textures_png/l_thepit_tex/CardboardBox.png,CardboardBox.tga.bin
l_thepit_tex,Crate,512,512,4,ETC1,0x136,9,/home/z/my-project/download/TDKR_assets/textures_png/l_thepit_tex/Crate.png,Crate.tga.bin
l_thepit_tex,Crate_Mask,512,512,4,ETC1,0x136,9,/home/z/my-project/download/TDKR_assets/textures_png/l_thepit_tex/Crate_Mask.png,Crate_Mask.tga.bin
l_thepit_tex,Fence,0,0,0,ZIP_SPLIT,0,0,,Fence.tga.bin
l_thepit_tex,Fence_Mask,0,0,0,ZIP_SPLIT,0,0,,Fence_Mask.tga.bin
l_thepit_tex,Floor3,512,512,4,ETC1,0x136,9,/home/z/my-project/download/TDKR_assets/textures_png/l_thepit_tex/Floor3.png,Floor3.tga.bin
l_thepit_tex,GC_Residential_Props_Platform,0,0,0,ZIP_SPLIT,0,0,,GC_Residential_Props_Platform.tga.bin
l_thepit_tex,GC_Residential_Props_Platform_Mask,0,0,0,ZIP_SPLIT,0,0,,GC_Residential_Props_Platform_Mask.tga.bin
l_thepit_tex,GC_StockExchange_Dome,0,0,0,ZIP_SPLIT,0,0,,GC_StockExchange_Dome.tga.bin
l_thepit_tex,GC_StockExchange_Dome_Refl,512,512,4,ETC1,0x136,9,/home/z/my-project/download/TDKR_assets/textures_png/l_thepit_tex/GC_StockExchange_Dome_Refl.png,GC_StockExchange_Dome_Refl.tga.bin
l_thepit_tex,GC_StockExchange_glass,0,0,0,ZIP_SPLIT,0,0,,GC_StockExchange_glass.tga.bin
l_thepit_tex,GC_StockExchange_glass_Exterior,1024,1024,4,ETC1,0x136,10,/home/z/my-project/download/TDKR_assets/textures_png/l_thepit_tex/GC_StockExchange_glass_Exterior.png,GC_StockExchange_glass_Exterior.tga.bin
l_thepit_tex,GC_StockExchange_glass_Refl,1024,1024,4,ETC1,0x136,10,/home/z/my-project/download/TDKR_assets/textures_png/l_thepit_tex/GC_StockExchange_glass_Refl.png,GC_StockExchange_glass_Refl.tga.bin
l_thepit_tex,GothamCity_Skybox_Night,1024,1024,4,ETC1,0x136,10,/home/z/my-project/download/TDKR_assets/textures_png/l_thepit_tex/GothamCity_Skybox_Night.png,GothamCity_Skybox_Night.tga.bin
l_thepit_tex,HQ_Ground_01,512,512,4,ETC1,0x136,9,/home/z/my-project/download/TDKR_assets/textures_png/l_thepit_tex/HQ_Ground_01.png,HQ_Ground_01.tga.bin
l_thepit_tex,HQ_Mud_01,512,512,4,ETC1,0x136,9,/home/z/my-project/download/TDKR_assets/textures_png/l_thepit_tex/HQ_Mud_01.png,HQ_Mud_01.tga.bin
l_thepit_tex,HQ_Props_01,512,512,4,ETC1,0x136,9,/home/z/my-project/download/TDKR_assets/textures_png/l_thepit_tex/HQ_Props_01.png,HQ_Props_01.tga.bin
l_thepit_tex,HQ_Props_01_ILL,512,512,4,ETC1,0x136,9,/home/z/my-project/download/TDKR_assets/textures_png/l_thepit_tex/HQ_Props_01_ILL.png,HQ_Props_01_ILL.tga.bin
l_thepit_tex,HQ_Props_02,512,512,4,ETC1,0x136,9,/home/z/my-project/download/TDKR_assets/textures_png/l_thepit_tex/HQ_Props_02.png,HQ_Props_02.tga.bin
l_thepit_tex,HQ_Props_02_ILL,512,512,4,ETC1,0x136,9,/home/z/my-project/download/TDKR_assets/textures_png/l_thepit_tex/HQ_Props_02_ILL.png,HQ_Props_02_ILL.tga.bin
l_thepit_tex,HQ_Rock_01,512,512,4,ETC1,0x136,9,/home/z/my-project/download/TDKR_assets/textures_png/l_thepit_tex/HQ_Rock_01.png,HQ_Rock_01.tga.bin
l_thepit_tex,HQ_Rock_01_Mask,512,512,4,ETC1,0x136,9,/home/z/my-project/download/TDKR_assets/textures_png/l_thepit_tex/HQ_Rock_01_Mask.png,HQ_Rock_01_Mask.tga.bin
l_thepit_tex,HQ_Scrap_01,0,0,0,ZIP_SPLIT,0,0,,HQ_Scrap_01.tga.bin
l_thepit_tex,HQ_Scrap_02,0,0,0,ZIP_SPLIT,0,0,,HQ_Scrap_02.tga.bin
l_thepit_tex,HQ_Wall_01,1024,1024,4,ETC1,0x136,10,/home/z/my-project/download/TDKR_assets/textures_png/l_thepit_tex/HQ_Wall_01.png,HQ_Wall_01.tga.bin
l_thepit_tex,HQ_Wall_01_Mask,1024,1024,4,ETC1,0x136,10,/home/z/my-project/download/TDKR_assets/textures_png/l_thepit_tex/HQ_Wall_01_Mask.png,HQ_Wall_01_Mask.tga.bin
l_thepit_tex,HQ_Wall_01_dirt,1024,1024,4,ETC1,0x136,10,/home/z/my-project/download/TDKR_assets/textures_png/l_thepit_tex/HQ_Wall_01_dirt.png,HQ_Wall_01_dirt.tga.bin
l_thepit_tex,MM_Rocks_04,1024,1024,4,ETC1,0x136,10,/home/z/my-project/download/TDKR_assets/textures_png/l_thepit_tex/MM_Rocks_04.png,MM_Rocks_04.tga.bin
l_thepit_tex,MM_Rocks_04_mask,1024,1024,4,ETC1,0x136,10,/home/z/my-project/download/TDKR_assets/textures_png/l_thepit_tex/MM_Rocks_04_mask.png,MM_Rocks_04_mask.tga.bin
l_thepit_tex,MM_Rocks_Pit_LM,1024,1024,4,ETC1,0x136,10,/home/z/my-project/download/TDKR_assets/textures_png/l_thepit_tex/MM_Rocks_Pit_LM.png,MM_Rocks_Pit_LM.tga.bin
l_thepit_tex,MM_Rocks_Pit_LM_Low,512,512,4,ETC1,0x136,9,/home/z/my-project/download/TDKR_assets/textures_png/l_thepit_tex/MM_Rocks_Pit_LM_Low.png,MM_Rocks_Pit_LM_Low.tga.bin
l_thepit_tex,PC_Cave_Rock,512,512,4,ETC1,0x136,9,/home/z/my-project/download/TDKR_assets/textures_png/l_thepit_tex/PC_Cave_Rock.png,PC_Cave_Rock.tga.bin
l_thepit_tex,PC_Cave_Rock_Mask,512,512,4,ETC1,0x136,9,/home/z/my-project/download/TDKR_assets/textures_png/l_thepit_tex/PC_Cave_Rock_Mask.png,PC_Cave_Rock_Mask.tga.bin
l_thepit_tex,Pipe,512,512,4,ETC1,0x136,9,/home/z/my-project/download/TDKR_assets/textures_png/l_thepit_tex/Pipe.png,Pipe.tga.bin
l_thepit_tex,Pipe_Mask,512,512,4,ETC1,0x136,9,/home/z/my-project/download/TDKR_assets/textures_png/l_thepit_tex/Pipe_Mask.png,Pipe_Mask.tga.bin
l_thepit_tex,Platform,0,0,0,ZIP_SPLIT,0,0,,Platform.tga.bin
l_thepit_tex,Rock1,512,512,4,ETC1,0x136,9,/home/z/my-project/download/TDKR_assets/textures_png/l_thepit_tex/Rock1.png,Rock1.tga.bin
l_thepit_tex,Rock1_Mask,512,512,4,ETC1,0x136,9,/home/z/my-project/download/TDKR_assets/textures_png/l_thepit_tex/Rock1_Mask.png,Rock1_Mask.tga.bin
l_thepit_tex,Rock2,512,512,4,ETC1,0x136,9,/home/z/my-project/download/TDKR_assets/textures_png/l_thepit_tex/Rock2.png,Rock2.tga.bin
l_thepit_tex,Rock2_Mask,512,512,4,ETC1,0x136,9,/home/z/my-project/download/TDKR_assets/textures_png/l_thepit_tex/Rock2_Mask.png,Rock2_Mask.tga.bin
l_thepit_tex,Rock3,512,512,4,ETC1,0x136,9,/home/z/my-project/download/TDKR_assets/textures_png/l_thepit_tex/Rock3.png,Rock3.tga.bin
l_thepit_tex,Rock3_Mask,512,512,4,ETC1,0x136,9,/home/z/my-project/download/TDKR_assets/textures_png/l_thepit_tex/Rock3_Mask.png,Rock3_Mask.tga.bin
l_thepit_tex,Rock4,2048,2048,4,ETC1,0x136,11,/home/z/my-project/download/TDKR_assets/textures_png/l_thepit_tex/Rock4.png,Rock4.tga.bin
l_thepit_tex,Rock4_Mask,1024,1024,4,ETC1,0x136,10,/home/z/my-project/download/TDKR_assets/textures_png/l_thepit_tex/Rock4_Mask.png,Rock4_Mask.tga.bin
l_thepit_tex,Rock5,512,512,4,ETC1,0x136,9,/home/z/my-project/download/TDKR_assets/textures_png/l_thepit_tex/Rock5.png,Rock5.tga.bin
l_thepit_tex,Room1_LM,2048,2048,4,ETC1,0x136,11,/home/z/my-project/download/TDKR_assets/textures_png/l_thepit_tex/Room1_LM.png,Room1_LM.tga.bin
l_thepit_tex,Room1_LM_Low,1024,1024,4,ETC1,0x136,10,/home/z/my-project/download/TDKR_assets/textures_png/l_thepit_tex/Room1_LM_Low.png,Room1_LM_Low.tga.bin
l_thepit_tex,Room2_LM,2048,2048,4,ETC1,0x136,11,/home/z/my-project/download/TDKR_assets/textures_png/l_thepit_tex/Room2_LM.png,Room2_LM.tga.bin
l_thepit_tex,Room2_LM_Low,1024,1024,4,ETC1,0x136,10,/home/z/my-project/download/TDKR_assets/textures_png/l_thepit_tex/Room2_LM_Low.png,Room2_LM_Low.tga.bin
l_thepit_tex,Room3_LM,2048,2048,4,ETC1,0x136,11,/home/z/my-project/download/TDKR_assets/textures_png/l_thepit_tex/Room3_LM.png,Room3_LM.tga.bin
l_thepit_tex,Room3_LM_Low,1024,1024,4,ETC1,0x136,10,/home/z/my-project/download/TDKR_assets/textures_png/l_thepit_tex/Room3_LM_Low.png,Room3_LM_Low.tga.bin
l_thepit_tex,Room4_LM,2048,2048,4,ETC1,0x136,11,/home/z/my-project/download/TDKR_assets/textures_png/l_thepit_tex/Room4_LM.png,Room4_LM.tga.bin
l_thepit_tex,Room4_LM_Low,1024,1024,4,ETC1,0x136,10,/home/z/my-project/download/TDKR_assets/textures_png/l_thepit_tex/Room4_LM_Low.png,Room4_LM_Low.tga.bin
l_thepit_tex,Room5_LM,2048,2048,4,ETC1,0x136,11,/home/z/my-project/download/TDKR_assets/textures_png/l_thepit_tex/Room5_LM.png,Room5_LM.tga.bin
l_thepit_tex,Room5_LM_Low,1024,1024,4,ETC1,0x136,10,/home/z/my-project/download/TDKR_assets/textures_png/l_thepit_tex/Room5_LM_Low.png,Room5_LM_Low.tga.bin
l_thepit_tex,Room6_LM,2048,2048,4,ETC1,0x136,11,/home/z/my-project/download/TDKR_assets/textures_png/l_thepit_tex/Room6_LM.png,Room6_LM.tga.bin
l_thepit_tex,Room6_LM_Low,1024,1024,4,ETC1,0x136,10,/home/z/my-project/download/TDKR_assets/textures_png/l_thepit_tex/Room6_LM_Low.png,Room6_LM_Low.tga.bin
l_thepit_tex,Room6_PitExit_LM,512,512,4,ETC1,0x136,9,/home/z/my-project/download/TDKR_assets/textures_png/l_thepit_tex/Room6_PitExit_LM.png,Room6_PitExit_LM.tga.bin
l_thepit_tex,SF_Refl2_TP,512,512,4,ETC1,0x136,9,/home/z/my-project/download/TDKR_assets/textures_png/l_thepit_tex/SF_Refl2_TP.png,SF_Refl2_TP.tga.bin
l_thepit_tex,SF_Refl3_TP,512,512,4,ETC1,0x136,9,/home/z/my-project/download/TDKR_assets/textures_png/l_thepit_tex/SF_Refl3_TP.png,SF_Refl3_TP.tga.bin
l_thepit_tex,SF_Refl_TP,512,512,4,ETC1,0x136,9,/home/z/my-project/download/TDKR_assets/textures_png/l_thepit_tex/SF_Refl_TP.png,SF_Refl_TP.tga.bin
l_thepit_tex,SF_refl_interior,512,512,4,ETC1,0x136,9,/home/z/my-project/download/TDKR_assets/textures_png/l_thepit_tex/SF_refl_interior.png,SF_refl_interior.tga.bin
l_thepit_tex,SF_refl_interior4,512,512,4,ETC1,0x136,9,/home/z/my-project/download/TDKR_assets/textures_png/l_thepit_tex/SF_refl_interior4.png,SF_refl_interior4.tga.bin
l_thepit_tex,SF_refl_interior_2,256,256,4,ETC1,0x136,8,/home/z/my-project/download/TDKR_assets/textures_png/l_thepit_tex/SF_refl_interior_2.png,SF_refl_interior_2.tga.bin
l_thepit_tex,SF_refl_interior_3,128,128,4,ETC1,0x136,7,/home/z/my-project/download/TDKR_assets/textures_png/l_thepit_tex/SF_refl_interior_3.png,SF_refl_interior_3.tga.bin
l_thepit_tex,SM_Room1,256,256,4,ETC1,0x136,8,/home/z/my-project/download/TDKR_assets/textures_png/l_thepit_tex/SM_Room1.png,SM_Room1.tga.bin
l_thepit_tex,SM_Room1_Hallway,256,256,4,ETC1,0x136,8,/home/z/my-project/download/TDKR_assets/textures_png/l_thepit_tex/SM_Room1_Hallway.png,SM_Room1_Hallway.tga.bin
l_thepit_tex,SM_Room1_Tunel,256,256,4,ETC1,0x136,8,/home/z/my-project/download/TDKR_assets/textures_png/l_thepit_tex/SM_Room1_Tunel.png,SM_Room1_Tunel.tga.bin
l_thepit_tex,Sign1,512,512,4,ETC1,0x136,9,/home/z/my-project/download/TDKR_assets/textures_png/l_thepit_tex/Sign1.png,Sign1.tga.bin
l_thepit_tex,TP_BatmanDiffuse,512,512,4,ETC1,0x136,9,/home/z/my-project/download/TDKR_assets/textures_png/l_thepit_tex/TP_BatmanDiffuse.png,TP_BatmanDiffuse.tga.bin
l_thepit_tex,TP_Boiler,512,512,4,ETC1,0x136,9,/home/z/my-project/download/TDKR_assets/textures_png/l_thepit_tex/TP_Boiler.png,TP_Boiler.tga.bin
l_thepit_tex,TP_Boiler_Mask,512,512,4,ETC1,0x136,9,/home/z/my-project/download/TDKR_assets/textures_png/l_thepit_tex/TP_Boiler_Mask.png,TP_Boiler_Mask.tga.bin
l_thepit_tex,TP_CableTileTexture,256,256,4,ETC1,0x136,8,/home/z/my-project/download/TDKR_assets/textures_png/l_thepit_tex/TP_CableTileTexture.png,TP_CableTileTexture.tga.bin
l_thepit_tex,TP_Carut,512,512,4,ETC1,0x136,9,/home/z/my-project/download/TDKR_assets/textures_png/l_thepit_tex/TP_Carut.png,TP_Carut.tga.bin
l_thepit_tex,TP_Chains,512,512,4,ETC1,0x136,9,/home/z/my-project/download/TDKR_assets/textures_png/l_thepit_tex/TP_Chains.png,TP_Chains.tga.bin
l_thepit_tex,TP_Chains_Mask,512,512,4,ETC1,0x136,9,/home/z/my-project/download/TDKR_assets/textures_png/l_thepit_tex/TP_Chains_Mask.png,TP_Chains_Mask.tga.bin
l_thepit_tex,TP_Commons,512,512,4,ETC1,0x136,9,/home/z/my-project/download/TDKR_assets/textures_png/l_thepit_tex/TP_Commons.png,TP_Commons.tga.bin
l_thepit_tex,TP_Commons_Mask,512,512,4,ETC1,0x136,9,/home/z/my-project/download/TDKR_assets/textures_png/l_thepit_tex/TP_Commons_Mask.png,TP_Commons_Mask.tga.bin
l_thepit_tex,TP_Corona1,256,256,4,ETC1,0x136,8,/home/z/my-project/download/TDKR_assets/textures_png/l_thepit_tex/TP_Corona1.png,TP_Corona1.tga.bin
l_thepit_tex,TP_Dulap,512,512,4,ETC1,0x136,9,/home/z/my-project/download/TDKR_assets/textures_png/l_thepit_tex/TP_Dulap.png,TP_Dulap.tga.bin
l_thepit_tex,TP_Dulap2,512,512,4,ETC1,0x136,9,/home/z/my-project/download/TDKR_assets/textures_png/l_thepit_tex/TP_Dulap2.png,TP_Dulap2.tga.bin
l_thepit_tex,TP_Dust,512,512,4,ETC1,0x136,9,/home/z/my-project/download/TDKR_assets/textures_png/l_thepit_tex/TP_Dust.png,TP_Dust.tga.bin
l_thepit_tex,TP_Dust_Flakes,0,0,0,ZIP_SPLIT,0,0,,TP_Dust_Flakes.tga.bin
l_thepit_tex,TP_Emergency_Door,1024,1024,4,ETC1,0x136,10,/home/z/my-project/download/TDKR_assets/textures_png/l_thepit_tex/TP_Emergency_Door.png,TP_Emergency_Door.tga.bin
l_thepit_tex,TP_Floor,512,512,4,ETC1,0x136,9,/home/z/my-project/download/TDKR_assets/textures_png/l_thepit_tex/TP_Floor.png,TP_Floor.tga.bin
l_thepit_tex,TP_Floor2,512,512,4,ETC1,0x136,9,/home/z/my-project/download/TDKR_assets/textures_png/l_thepit_tex/TP_Floor2.png,TP_Floor2.tga.bin
l_thepit_tex,TP_Floor2_Puddle,512,512,4,ETC1,0x136,9,/home/z/my-project/download/TDKR_assets/textures_png/l_thepit_tex/TP_Floor2_Puddle.png,TP_Floor2_Puddle.tga.bin
l_thepit_tex,TP_Fog,8,8,4,ETC1,0x136,3,/home/z/my-project/download/TDKR_assets/textures_png/l_thepit_tex/TP_Fog.png,TP_Fog.tga.bin
l_thepit_tex,TP_MaintenanceFloor,512,512,4,ETC1,0x136,9,/home/z/my-project/download/TDKR_assets/textures_png/l_thepit_tex/TP_MaintenanceFloor.png,TP_MaintenanceFloor.tga.bin
l_thepit_tex,TP_Maintenance_Wall,512,512,4,ETC1,0x136,9,/home/z/my-project/download/TDKR_assets/textures_png/l_thepit_tex/TP_Maintenance_Wall.png,TP_Maintenance_Wall.tga.bin
l_thepit_tex,TP_MetalBars,512,512,4,ETC1,0x136,9,/home/z/my-project/download/TDKR_assets/textures_png/l_thepit_tex/TP_MetalBars.png,TP_MetalBars.tga.bin
l_thepit_tex,TP_MetalFloor,512,512,4,ETC1,0x136,9,/home/z/my-project/download/TDKR_assets/textures_png/l_thepit_tex/TP_MetalFloor.png,TP_MetalFloor.tga.bin
l_thepit_tex,TP_MetalFloor_Mask,512,512,4,ETC1,0x136,9,/home/z/my-project/download/TDKR_assets/textures_png/l_thepit_tex/TP_MetalFloor_Mask.png,TP_MetalFloor_Mask.tga.bin
l_thepit_tex,TP_Neon,512,512,4,ETC1,0x136,9,/home/z/my-project/download/TDKR_assets/textures_png/l_thepit_tex/TP_Neon.png,TP_Neon.tga.bin
l_thepit_tex,TP_Neon_Additive,512,512,4,ETC1,0x136,9,/home/z/my-project/download/TDKR_assets/textures_png/l_thepit_tex/TP_Neon_Additive.png,TP_Neon_Additive.tga.bin
l_thepit_tex,TP_Neon_Additive2,512,512,4,ETC1,0x136,9,/home/z/my-project/download/TDKR_assets/textures_png/l_thepit_tex/TP_Neon_Additive2.png,TP_Neon_Additive2.tga.bin
l_thepit_tex,TP_NoTexture,64,64,4,ETC1,0x136,6,/home/z/my-project/download/TDKR_assets/textures_png/l_thepit_tex/TP_NoTexture.png,TP_NoTexture.tga.bin
l_thepit_tex,TP_Pipe,512,512,4,ETC1,0x136,9,/home/z/my-project/download/TDKR_assets/textures_png/l_thepit_tex/TP_Pipe.png,TP_Pipe.tga.bin
l_thepit_tex,TP_Pipe_Mask,512,512,4,ETC1,0x136,9,/home/z/my-project/download/TDKR_assets/textures_png/l_thepit_tex/TP_Pipe_Mask.png,TP_Pipe_Mask.tga.bin
l_thepit_tex,TP_Pipe_Support,512,512,4,ETC1,0x136,9,/home/z/my-project/download/TDKR_assets/textures_png/l_thepit_tex/TP_Pipe_Support.png,TP_Pipe_Support.tga.bin
l_thepit_tex,TP_Plate,1024,1024,4,ETC1,0x136,10,/home/z/my-project/download/TDKR_assets/textures_png/l_thepit_tex/TP_Plate.png,TP_Plate.tga.bin
l_thepit_tex,TP_Plate_Mask,512,512,4,ETC1,0x136,9,/home/z/my-project/download/TDKR_assets/textures_png/l_thepit_tex/TP_Plate_Mask.png,TP_Plate_Mask.tga.bin
l_thepit_tex,TP_PowerDrain,1024,1024,4,ETC1,0x136,10,/home/z/my-project/download/TDKR_assets/textures_png/l_thepit_tex/TP_PowerDrain.png,TP_PowerDrain.tga.bin
l_thepit_tex,TP_PowerDrain1,1024,1024,4,ETC1,0x136,10,/home/z/my-project/download/TDKR_assets/textures_png/l_thepit_tex/TP_PowerDrain1.png,TP_PowerDrain1.tga.bin
l_thepit_tex,TP_PowerDrain1_Mask,1024,1024,4,ETC1,0x136,10,/home/z/my-project/download/TDKR_assets/textures_png/l_thepit_tex/TP_PowerDrain1_Mask.png,TP_PowerDrain1_Mask.tga.bin
l_thepit_tex,TP_PowerDrain_Mask,1024,1024,4,ETC1,0x136,10,/home/z/my-project/download/TDKR_assets/textures_png/l_thepit_tex/TP_PowerDrain_Mask.png,TP_PowerDrain_Mask.tga.bin
l_thepit_tex,TP_Railorad,512,512,4,ETC1,0x136,9,/home/z/my-project/download/TDKR_assets/textures_png/l_thepit_tex/TP_Railorad.png,TP_Railorad.tga.bin
l_thepit_tex,TP_Room3_Door,512,512,4,ETC1,0x136,9,/home/z/my-project/download/TDKR_assets/textures_png/l_thepit_tex/TP_Room3_Door.png,TP_Room3_Door.tga.bin
l_thepit_tex,TP_Room3_Door_Mask,512,512,4,ETC1,0x136,9,/home/z/my-project/download/TDKR_assets/textures_png/l_thepit_tex/TP_Room3_Door_Mask.png,TP_Room3_Door_Mask.tga.bin
l_thepit_tex,TP_Sand,512,512,4,ETC1,0x136,9,/home/z/my-project/download/TDKR_assets/textures_png/l_thepit_tex/TP_Sand.png,TP_Sand.tga.bin
l_thepit_tex,TP_Sand2,512,512,4,ETC1,0x136,9,/home/z/my-project/download/TDKR_assets/textures_png/l_thepit_tex/TP_Sand2.png,TP_Sand2.tga.bin
l_thepit_tex,TP_Sky,512,512,4,ETC1,0x136,9,/home/z/my-project/download/TDKR_assets/textures_png/l_thepit_tex/TP_Sky.png,TP_Sky.tga.bin
l_thepit_tex,TP_SkyBox,1024,1024,4,ETC1,0x136,10,/home/z/my-project/download/TDKR_assets/textures_png/l_thepit_tex/TP_SkyBox.png,TP_SkyBox.tga.bin
l_thepit_tex,TP_Smoke,512,512,4,ETC1,0x136,9,/home/z/my-project/download/TDKR_assets/textures_png/l_thepit_tex/TP_Smoke.png,TP_Smoke.tga.bin
l_thepit_tex,TP_Train,1024,1024,4,ETC1,0x136,10,/home/z/my-project/download/TDKR_assets/textures_png/l_thepit_tex/TP_Train.png,TP_Train.tga.bin
l_thepit_tex,TP_Train_Mask,512,512,4,ETC1,0x136,9,/home/z/my-project/download/TDKR_assets/textures_png/l_thepit_tex/TP_Train_Mask.png,TP_Train_Mask.tga.bin
l_thepit_tex,TP_Train_Normals,1024,1024,4,ETC1,0x136,10,/home/z/my-project/download/TDKR_assets/textures_png/l_thepit_tex/TP_Train_Normals.png,TP_Train_Normals.tga.bin
l_thepit_tex,TP_caveground,512,512,4,ETC1,0x136,9,/home/z/my-project/download/TDKR_assets/textures_png/l_thepit_tex/TP_caveground.png,TP_caveground.tga.bin
l_thepit_tex,TP_caveground2,512,512,4,ETC1,0x136,9,/home/z/my-project/download/TDKR_assets/textures_png/l_thepit_tex/TP_caveground2.png,TP_caveground2.tga.bin
l_thepit_tex,TP_caveground2_Mask,512,512,4,ETC1,0x136,9,/home/z/my-project/download/TDKR_assets/textures_png/l_thepit_tex/TP_caveground2_Mask.png,TP_caveground2_Mask.tga.bin
l_thepit_tex,TP_caveground_mud,512,512,4,ETC1,0x136,9,/home/z/my-project/download/TDKR_assets/textures_png/l_thepit_tex/TP_caveground_mud.png,TP_caveground_mud.tga.bin
l_thepit_tex,TP_refl_interior,512,512,4,ETC1,0x136,9,/home/z/my-project/download/TDKR_assets/textures_png/l_thepit_tex/TP_refl_interior.png,TP_refl_interior.tga.bin
l_thepit_tex,TP_vent,512,512,4,ETC1,0x136,9,/home/z/my-project/download/TDKR_assets/textures_png/l_thepit_tex/TP_vent.png,TP_vent.tga.bin
l_thepit_tex,TP_vent_Mask,512,512,4,ETC1,0x136,9,/home/z/my-project/download/TDKR_assets/textures_png/l_thepit_tex/TP_vent_Mask.png,TP_vent_Mask.tga.bin
l_thepit_tex,TP_vent_tube,512,512,4,ETC1,0x136,9,/home/z/my-project/download/TDKR_assets/textures_png/l_thepit_tex/TP_vent_tube.png,TP_vent_tube.tga.bin
l_thepit_tex,TP_vent_tube_Mask,512,512,4,ETC1,0x136,9,/home/z/my-project/download/TDKR_assets/textures_png/l_thepit_tex/TP_vent_tube_Mask.png,TP_vent_tube_Mask.tga.bin
l_thepit_tex,TP_waterfall,512,512,4,ETC1,0x136,9,/home/z/my-project/download/TDKR_assets/textures_png/l_thepit_tex/TP_waterfall.png,TP_waterfall.tga.bin
l_thepit_tex,TP_waterfall_02,0,0,0,ZIP_SPLIT,0,0,,TP_waterfall_02.tga.bin
l_thepit_tex,TP_wood,512,512,4,ETC1,0x136,9,/home/z/my-project/download/TDKR_assets/textures_png/l_thepit_tex/TP_wood.png,TP_wood.tga.bin
l_thepit_tex,ThePit_Skybox,1024,1024,4,ETC1,0x136,10,/home/z/my-project/download/TDKR_assets/textures_png/l_thepit_tex/ThePit_Skybox.png,ThePit_Skybox.tga.bin
l_thepit_tex,Tp_BecAdditive,256,256,4,ETC1,0x136,8,/home/z/my-project/download/TDKR_assets/textures_png/l_thepit_tex/Tp_BecAdditive.png,Tp_BecAdditive.tga.bin
l_thepit_tex,Tp_Floor4,512,512,4,ETC1,0x136,9,/home/z/my-project/download/TDKR_assets/textures_png/l_thepit_tex/Tp_Floor4.png,Tp_Floor4.tga.bin
l_thepit_tex,Tp_Floor4_Decal,512,512,4,ETC1,0x136,9,/home/z/my-project/download/TDKR_assets/textures_png/l_thepit_tex/Tp_Floor4_Decal.png,Tp_Floor4_Decal.tga.bin
l_thepit_tex,Tp_Floor4_Mask,512,512,4,ETC1,0x136,9,/home/z/my-project/download/TDKR_assets/textures_png/l_thepit_tex/Tp_Floor4_Mask.png,Tp_Floor4_Mask.tga.bin
l_thepit_tex,Tp_Stairs,512,512,4,ETC1,0x136,9,/home/z/my-project/download/TDKR_assets/textures_png/l_thepit_tex/Tp_Stairs.png,Tp_Stairs.tga.bin
l_thepit_tex,Tp_Stairs_Support,512,512,4,ETC1,0x136,9,/home/z/my-project/download/TDKR_assets/textures_png/l_thepit_tex/Tp_Stairs_Support.png,Tp_Stairs_Support.tga.bin
l_thepit_tex,Tp_Wall,512,512,4,ETC1,0x136,9,/home/z/my-project/download/TDKR_assets/textures_png/l_thepit_tex/Tp_Wall.png,Tp_Wall.tga.bin
l_thepit_tex,Tp_Wall2,512,512,4,ETC1,0x136,9,/home/z/my-project/download/TDKR_assets/textures_png/l_thepit_tex/Tp_Wall2.png,Tp_Wall2.tga.bin
l_thepit_tex,Tp_Wall2_Mask,512,512,4,ETC1,0x136,9,/home/z/my-project/download/TDKR_assets/textures_png/l_thepit_tex/Tp_Wall2_Mask.png,Tp_Wall2_Mask.tga.bin
l_thepit_tex,Tp_Wall2_Normal,512,512,4,ETC1,0x136,9,/home/z/my-project/download/TDKR_assets/textures_png/l_thepit_tex/Tp_Wall2_Normal.png,Tp_Wall2_Normal.tga.bin
l_thepit_tex,Tp_Wall3,512,512,4,ETC1,0x136,9,/home/z/my-project/download/TDKR_assets/textures_png/l_thepit_tex/Tp_Wall3.png,Tp_Wall3.tga.bin
l_thepit_tex,Tp_Wall_Assets,512,512,4,ETC1,0x136,9,/home/z/my-project/download/TDKR_assets/textures_png/l_thepit_tex/Tp_Wall_Assets.png,Tp_Wall_Assets.tga.bin
l_thepit_tex,Tp_Wall_Assets2,512,512,4,ETC1,0x136,9,/home/z/my-project/download/TDKR_assets/textures_png/l_thepit_tex/Tp_Wall_Assets2.png,Tp_Wall_Assets2.tga.bin
l_thepit_tex,Tp_Wall_Assets2_Decal,512,512,4,ETC1,0x136,9,/home/z/my-project/download/TDKR_assets/textures_png/l_thepit_tex/Tp_Wall_Assets2_Decal.png,Tp_Wall_Assets2_Decal.tga.bin
l_thepit_tex,Tp_Wall_Assets2_Decal2,512,512,4,ETC1,0x136,9,/home/z/my-project/download/TDKR_assets/textures_png/l_thepit_tex/Tp_Wall_Assets2_Decal2.png,Tp_Wall_Assets2_Decal2.tga.bin
l_thepit_tex,Tp_Wall_Assets3,512,512,4,ETC1,0x136,9,/home/z/my-project/download/TDKR_assets/textures_png/l_thepit_tex/Tp_Wall_Assets3.png,Tp_Wall_Assets3.tga.bin
l_thepit_tex,Tp_Wall_Assets3_Mask,512,512,4,ETC1,0x136,9,/home/z/my-project/download/TDKR_assets/textures_png/l_thepit_tex/Tp_Wall_Assets3_Mask.png,Tp_Wall_Assets3_Mask.tga.bin
l_thepit_tex,Tp_Wall_Decal,512,512,4,ETC1,0x136,9,/home/z/my-project/download/TDKR_assets/textures_png/l_thepit_tex/Tp_Wall_Decal.png,Tp_Wall_Decal.tga.bin
l_thepit_tex,Tp_Wall_Mask,512,512,4,ETC1,0x136,9,/home/z/my-project/download/TDKR_assets/textures_png/l_thepit_tex/Tp_Wall_Mask.png,Tp_Wall_Mask.tga.bin
l_thepit_tex,WM_NoTexture,64,64,4,ETC1,0x136,6,/home/z/my-project/download/TDKR_assets/textures_png/l_thepit_tex/WM_NoTexture.png,WM_NoTexture.tga.bin
l_thepit_tex,Water_Room1,512,512,4,ETC1,0x136,9,/home/z/my-project/download/TDKR_assets/textures_png/l_thepit_tex/Water_Room1.png,Water_Room1.tga.bin
l_thepit_tex,storyboard_thepit_intro001,0,0,0,ZIP_SPLIT,0,0,,storyboard_thepit_intro001.tga.bin
l_thepit_tex,storyboard_thepit_intro002,0,0,0,ZIP_SPLIT,0,0,,storyboard_thepit_intro002.tga.bin
l_thepit_tex,storyboard_thepit_intro003,0,0,0,ZIP_SPLIT,0,0,,storyboard_thepit_intro003.tga.bin
l_thepit_tex,storyboard_thepit_intro004,0,0,0,ZIP_SPLIT,0,0,,storyboard_thepit_intro004.tga.bin
l_thepit_tex,storyboard_thepit_intro005,0,0,0,ZIP_SPLIT,0,0,,storyboard_thepit_intro005.tga.bin
l_thepit_tex,storyboard_thepit_intro006,0,0,0,ZIP_SPLIT,0,0,,storyboard_thepit_intro006.tga.bin
l_thepit_tex,storyboard_thepit_intro007,0,0,0,ZIP_SPLIT,0,0,,storyboard_thepit_intro007.tga.bin
l_thepit_tex,storyboard_thepit_intro008,0,0,0,ZIP_SPLIT,0,0,,storyboard_thepit_intro008.tga.bin
l_thepit_tex,storyboard_thepit_intro009,0,0,0,ZIP_SPLIT,0,0,,storyboard_thepit_intro009.tga.bin
l_thepit_tex,water,512,512,4,ETC1,0x136,9,/home/z/my-project/download/TDKR_assets/textures_png/l_thepit_tex/water.png,water.tga.bin
l_underground_tex,storyboard_underground_01,1024,1024,4,ETC1,0x136,10,/home/z/my-project/download/TDKR_assets/textures_png/l_underground_tex/storyboard_underground_01.png,storyboard_underground_01.tga.bin
l_underground_tex,storyboard_underground_02,1024,1024,4,ETC1,0x136,10,/home/z/my-project/download/TDKR_assets/textures_png/l_underground_tex/storyboard_underground_02.png,storyboard_underground_02.tga.bin
l_underground_tex,storyboard_underground_03,1024,1024,4,ETC1,0x136,10,/home/z/my-project/download/TDKR_assets/textures_png/l_underground_tex/storyboard_underground_03.png,storyboard_underground_03.tga.bin
l_underground_tex,storyboard_underground_04,1024,1024,4,ETC1,0x136,10,/home/z/my-project/download/TDKR_assets/textures_png/l_underground_tex/storyboard_underground_04.png,storyboard_underground_04.tga.bin
l_underground_tex,storyboard_underground_05,1024,1024,4,ETC1,0x136,10,/home/z/my-project/download/TDKR_assets/textures_png/l_underground_tex/storyboard_underground_05.png,storyboard_underground_05.tga.bin
l_underground_tex,storyboard_underground_06,1024,1024,4,ETC1,0x136,10,/home/z/my-project/download/TDKR_assets/textures_png/l_underground_tex/storyboard_underground_06.png,storyboard_underground_06.tga.bin
l_underground_tex,underground_ROOM02_lightmap,2048,2048,4,ETC1,0x136,11,/home/z/my-project/download/TDKR_assets/textures_png/l_underground_tex/underground_ROOM02_lightmap.png,underground_ROOM02_lightmap.tga.bin
l_underground_tex,underground_ROOM02_lightmap_low,1024,1024,4,ETC1,0x136,10,/home/z/my-project/download/TDKR_assets/textures_png/l_underground_tex/underground_ROOM02_lightmap_low.png,underground_ROOM02_lightmap_low.tga.bin
l_underground_tex,underground_ROOM03_dark_lightmap,2048,2048,4,ETC1,0x136,11,/home/z/my-project/download/TDKR_assets/textures_png/l_underground_tex/underground_ROOM03_dark_lightmap.png,underground_ROOM03_dark_lightmap.tga.bin
l_underground_tex,underground_ROOM03_lightmap,2048,2048,4,ETC1,0x136,11,/home/z/my-project/download/TDKR_assets/textures_png/l_underground_tex/underground_ROOM03_lightmap.png,underground_ROOM03_lightmap.tga.bin
l_underground_tex,underground_ROOM04_lightmap,2048,2048,4,ETC1,0x136,11,/home/z/my-project/download/TDKR_assets/textures_png/l_underground_tex/underground_ROOM04_lightmap.png,underground_ROOM04_lightmap.tga.bin
l_underground_tex,underground_ROOM05_lightmap,2048,2048,4,ETC1,0x136,11,/home/z/my-project/download/TDKR_assets/textures_png/l_underground_tex/underground_ROOM05_lightmap.png,underground_ROOM05_lightmap.tga.bin
l_underground_tex,underground_alphas,0,0,0,ZIP_SPLIT,0,0,,underground_alphas.tga.bin
l_underground_tex,underground_alphas2,0,0,0,ZIP_SPLIT,0,0,,underground_alphas2.tga.bin
l_underground_tex,underground_alphas_mask,1024,1024,4,ETC1,0x136,10,/home/z/my-project/download/TDKR_assets/textures_png/l_underground_tex/underground_alphas_mask.png,underground_alphas_mask.tga.bin
l_underground_tex,underground_black_sealing,1024,1024,4,ETC1,0x136,10,/home/z/my-project/download/TDKR_assets/textures_png/l_underground_tex/underground_black_sealing.png,underground_black_sealing.tga.bin
l_underground_tex,underground_concrete_lab,1024,1024,4,ETC1,0x136,10,/home/z/my-project/download/TDKR_assets/textures_png/l_underground_tex/underground_concrete_lab.png,underground_concrete_lab.tga.bin
l_underground_tex,underground_concrete_lab_mask,1024,1024,4,ETC1,0x136,10,/home/z/my-project/download/TDKR_assets/textures_png/l_underground_tex/underground_concrete_lab_mask.png,underground_concrete_lab_mask.tga.bin
l_underground_tex,underground_diamond_plate,512,512,4,ETC1,0x136,9,/home/z/my-project/download/TDKR_assets/textures_png/l_underground_tex/underground_diamond_plate.png,underground_diamond_plate.tga.bin
l_underground_tex,underground_diamond_plate_mask,512,512,4,ETC1,0x136,9,/home/z/my-project/download/TDKR_assets/textures_png/l_underground_tex/underground_diamond_plate_mask.png,underground_diamond_plate_mask.tga.bin
l_underground_tex,underground_floor,512,512,4,ETC1,0x136,9,/home/z/my-project/download/TDKR_assets/textures_png/l_underground_tex/underground_floor.png,underground_floor.tga.bin
l_underground_tex,underground_floor_mask,512,512,4,ETC1,0x136,9,/home/z/my-project/download/TDKR_assets/textures_png/l_underground_tex/underground_floor_mask.png,underground_floor_mask.tga.bin
l_underground_tex,underground_lightmap,2048,2048,4,ETC1,0x136,11,/home/z/my-project/download/TDKR_assets/textures_png/l_underground_tex/underground_lightmap.png,underground_lightmap.tga.bin
l_underground_tex,underground_metal_walls,1024,1024,4,ETC1,0x136,10,/home/z/my-project/download/TDKR_assets/textures_png/l_underground_tex/underground_metal_walls.png,underground_metal_walls.tga.bin
l_underground_tex,underground_metal_walls_mask,1024,1024,4,ETC1,0x136,10,/home/z/my-project/download/TDKR_assets/textures_png/l_underground_tex/underground_metal_walls_mask.png,underground_metal_walls_mask.tga.bin
l_underground_tex,underground_otherprops,2048,2048,4,ETC1,0x136,11,/home/z/my-project/download/TDKR_assets/textures_png/l_underground_tex/underground_otherprops.png,underground_otherprops.tga.bin
l_underground_tex,underground_passarell,1024,1024,4,ETC1,0x136,10,/home/z/my-project/download/TDKR_assets/textures_png/l_underground_tex/underground_passarell.png,underground_passarell.tga.bin
l_underground_tex,underground_passarell_mask,1024,1024,4,ETC1,0x136,10,/home/z/my-project/download/TDKR_assets/textures_png/l_underground_tex/underground_passarell_mask.png,underground_passarell_mask.tga.bin
l_underground_tex,underground_peron,1024,1024,4,ETC1,0x136,10,/home/z/my-project/download/TDKR_assets/textures_png/l_underground_tex/underground_peron.png,underground_peron.tga.bin
l_underground_tex,underground_peron_mask,1024,1024,4,ETC1,0x136,10,/home/z/my-project/download/TDKR_assets/textures_png/l_underground_tex/underground_peron_mask.png,underground_peron_mask.tga.bin
l_underground_tex,underground_peron_mask2,1024,1024,4,ETC1,0x136,10,/home/z/my-project/download/TDKR_assets/textures_png/l_underground_tex/underground_peron_mask2.png,underground_peron_mask2.tga.bin
l_underground_tex,underground_peron_puddle,1024,1024,4,ETC1,0x136,10,/home/z/my-project/download/TDKR_assets/textures_png/l_underground_tex/underground_peron_puddle.png,underground_peron_puddle.tga.bin
l_underground_tex,underground_pipes,512,512,4,ETC1,0x136,9,/home/z/my-project/download/TDKR_assets/textures_png/l_underground_tex/underground_pipes.png,underground_pipes.tga.bin
l_underground_tex,underground_pipes_mask,512,512,4,ETC1,0x136,9,/home/z/my-project/download/TDKR_assets/textures_png/l_underground_tex/underground_pipes_mask.png,underground_pipes_mask.tga.bin
l_underground_tex,underground_pool,512,512,4,ETC1,0x136,9,/home/z/my-project/download/TDKR_assets/textures_png/l_underground_tex/underground_pool.png,underground_pool.tga.bin
l_underground_tex,underground_pool_walls,1024,1024,4,ETC1,0x136,10,/home/z/my-project/download/TDKR_assets/textures_png/l_underground_tex/underground_pool_walls.png,underground_pool_walls.tga.bin
l_underground_tex,underground_pool_walls_destroyed,1024,1024,4,ETC1,0x136,10,/home/z/my-project/download/TDKR_assets/textures_png/l_underground_tex/underground_pool_walls_destroyed.png,underground_pool_walls_destroyed.tga.bin
l_underground_tex,underground_props,2048,2048,4,ETC1,0x136,11,/home/z/my-project/download/TDKR_assets/textures_png/l_underground_tex/underground_props.png,underground_props.tga.bin
l_underground_tex,underground_props_mask,2048,2048,4,ETC1,0x136,11,/home/z/my-project/download/TDKR_assets/textures_png/l_underground_tex/underground_props_mask.png,underground_props_mask.tga.bin
l_underground_tex,underground_props_parttwo,2048,2048,4,ETC1,0x136,11,/home/z/my-project/download/TDKR_assets/textures_png/l_underground_tex/underground_props_parttwo.png,underground_props_parttwo.tga.bin
l_underground_tex,underground_props_parttwo_mask,2048,2048,4,ETC1,0x136,11,/home/z/my-project/download/TDKR_assets/textures_png/l_underground_tex/underground_props_parttwo_mask.png,underground_props_parttwo_mask.tga.bin
l_underground_tex,underground_railroad,512,512,4,ETC1,0x136,9,/home/z/my-project/download/TDKR_assets/textures_png/l_underground_tex/underground_railroad.png,underground_railroad.tga.bin
l_underground_tex,underground_railroad_mask,512,512,4,ETC1,0x136,9,/home/z/my-project/download/TDKR_assets/textures_png/l_underground_tex/underground_railroad_mask.png,underground_railroad_mask.tga.bin
l_underground_tex,underground_rain,512,512,4,ETC1,0x136,9,/home/z/my-project/download/TDKR_assets/textures_png/l_underground_tex/underground_rain.png,underground_rain.tga.bin
l_underground_tex,underground_refl_interior,512,512,4,ETC1,0x136,9,/home/z/my-project/download/TDKR_assets/textures_png/l_underground_tex/underground_refl_interior.png,underground_refl_interior.tga.bin
l_underground_tex,underground_rock_walls,512,512,4,ETC1,0x136,9,/home/z/my-project/download/TDKR_assets/textures_png/l_underground_tex/underground_rock_walls.png,underground_rock_walls.tga.bin
l_underground_tex,underground_rock_walls_mask,512,512,4,ETC1,0x136,9,/home/z/my-project/download/TDKR_assets/textures_png/l_underground_tex/underground_rock_walls_mask.png,underground_rock_walls_mask.tga.bin
l_underground_tex,underground_skybox,2048,2048,4,ETC1,0x136,11,/home/z/my-project/download/TDKR_assets/textures_png/l_underground_tex/underground_skybox.png,underground_skybox.tga.bin
l_underground_tex,underground_small_props,2048,2048,4,ETC1,0x136,11,/home/z/my-project/download/TDKR_assets/textures_png/l_underground_tex/underground_small_props.png,underground_small_props.tga.bin
l_underground_tex,underground_ventanim_alpha,0,0,0,ZIP_SPLIT,0,0,,underground_ventanim_alpha.tga.bin
l_underground_tex,underground_ventanim_fresnel,512,512,4,ETC1,0x136,9,/home/z/my-project/download/TDKR_assets/textures_png/l_underground_tex/underground_ventanim_fresnel.png,underground_ventanim_fresnel.tga.bin
l_underground_tex,underground_vertical_fog,8,8,4,ETC1,0x136,3,/home/z/my-project/download/TDKR_assets/textures_png/l_underground_tex/underground_vertical_fog.png,underground_vertical_fog.tga.bin
l_underground_tex,underground_walltiles,512,512,4,ETC1,0x136,9,/home/z/my-project/download/TDKR_assets/textures_png/l_underground_tex/underground_walltiles.png,underground_walltiles.tga.bin
l_underground_tex,underground_warning_light,0,0,0,ZIP_SPLIT,0,0,,underground_warning_light.tga.bin
l_underground_tex,underground_water,512,512,4,ETC1,0x136,9,/home/z/my-project/download/TDKR_assets/textures_png/l_underground_tex/underground_water.png,underground_water.tga.bin
l_underground_tex,underground_water_screen,512,512,4,ETC1,0x136,9,/home/z/my-project/download/TDKR_assets/textures_png/l_underground_tex/underground_water_screen.png,underground_water_screen.tga.bin
particlesystems_tex,FX_anim_6x6,0,0,0,ZIP_SPLIT,0,0,,FX_anim_6x6.tga.bin
particlesystems_tex,FX_anim_newspaper_6x6,0,0,0,ZIP_SPLIT,0,0,,FX_anim_newspaper_6x6.tga.bin
particlesystems_tex,FX_particles_add,1024,1024,4,ETC1,0x136,10,/home/z/my-project/download/TDKR_assets/textures_png/particlesystems_tex/FX_particles_add.png,FX_particles_add.tga.bin
particlesystems_tex,FX_particles_alpha,0,0,0,ZIP_SPLIT,0,0,,FX_particles_alpha.tga.bin
particlesystems_tex,FX_particles_normal,512,512,4,ETC1,0x136,9,/home/z/my-project/download/TDKR_assets/textures_png/particlesystems_tex/FX_particles_normal.png,FX_particles_normal.tga.bin
particlesystems_tex,bat,0,0,0,ZIP_SPLIT,0,0,,bat.tga.bin
vehicles_tex,20820_PoliceCarVan.PVRTC4,512,512,4,ETC1,0x136,9,/home/z/my-project/download/TDKR_assets/textures_png/vehicles_tex/20820_PoliceCarVan.PVRTC4.png,20820_PoliceCarVan.PVRTC4.tga.bin
vehicles_tex,20820_PoliceCarVan_mask.PVRTC4,256,256,4,ETC1,0x136,8,/home/z/my-project/download/TDKR_assets/textures_png/vehicles_tex/20820_PoliceCarVan_mask.PVRTC4.png,20820_PoliceCarVan_mask.PVRTC4.tga.bin
vehicles_tex,BanesVan_D,512,512,4,ETC1,0x136,9,/home/z/my-project/download/TDKR_assets/textures_png/vehicles_tex/BanesVan_D.png,BanesVan_D.tga.bin
vehicles_tex,BanesVan_D_exploded,512,512,4,ETC1,0x136,9,/home/z/my-project/download/TDKR_assets/textures_png/vehicles_tex/BanesVan_D_exploded.png,BanesVan_D_exploded.tga.bin
vehicles_tex,BanesVan_M,512,512,4,ETC1,0x136,9,/home/z/my-project/download/TDKR_assets/textures_png/vehicles_tex/BanesVan_M.png,BanesVan_M.tga.bin
vehicles_tex,BanesVan_M_exploded,512,512,4,ETC1,0x136,9,/home/z/my-project/download/TDKR_assets/textures_png/vehicles_tex/BanesVan_M_exploded.png,BanesVan_M_exploded.tga.bin
vehicles_tex,Breaklight_Stop,256,256,4,ETC1,0x136,8,/home/z/my-project/download/TDKR_assets/textures_png/vehicles_tex/Breaklight_Stop.png,Breaklight_Stop.tga.bin
vehicles_tex,Car_Body_Reflection.PVRTC4,256,256,4,ETC1,0x136,8,/home/z/my-project/download/TDKR_assets/textures_png/vehicles_tex/Car_Body_Reflection.PVRTC4.png,Car_Body_Reflection.PVRTC4.tga.bin
vehicles_tex,Car_Common_Break_Glow,128,128,4,ETC1,0x136,7,/home/z/my-project/download/TDKR_assets/textures_png/vehicles_tex/Car_Common_Break_Glow.png,Car_Common_Break_Glow.tga.bin
vehicles_tex,Car_Common_Damage,0,0,0,ZIP_SPLIT,0,0,,Car_Common_Damage.tga.bin
vehicles_tex,Car_Common_Glow.PVRTC4,128,128,4,ETC1,0x136,7,/home/z/my-project/download/TDKR_assets/textures_png/vehicles_tex/Car_Common_Glow.PVRTC4.png,Car_Common_Glow.PVRTC4.tga.bin
vehicles_tex,Car_Common_Miscellaneous,256,256,4,ETC1,0x136,8,/home/z/my-project/download/TDKR_assets/textures_png/vehicles_tex/Car_Common_Miscellaneous.png,Car_Common_Miscellaneous.tga.bin
vehicles_tex,Car_Common_Miscellaneous_mask,512,512,4,ETC1,0x136,9,/home/z/my-project/download/TDKR_assets/textures_png/vehicles_tex/Car_Common_Miscellaneous_mask.png,Car_Common_Miscellaneous_mask.tga.bin
vehicles_tex,Car_Common_headlight_billboard,256,256,4,ETC1,0x136,8,/home/z/my-project/download/TDKR_assets/textures_png/vehicles_tex/Car_Common_headlight_billboard.png,Car_Common_headlight_billboard.tga.bin
vehicles_tex,Cars_Corona_01,128,128,4,ETC1,0x136,7,/home/z/my-project/download/TDKR_assets/textures_png/vehicles_tex/Cars_Corona_01.png,Cars_Corona_01.tga.bin
vehicles_tex,Cars_Corona_02,128,128,4,ETC1,0x136,7,/home/z/my-project/download/TDKR_assets/textures_png/vehicles_tex/Cars_Corona_02.png,Cars_Corona_02.tga.bin
vehicles_tex,DeliveryVan_DIFFUSE,1024,1024,4,ETC1,0x136,10,/home/z/my-project/download/TDKR_assets/textures_png/vehicles_tex/DeliveryVan_DIFFUSE.png,DeliveryVan_DIFFUSE.tga.bin
vehicles_tex,DeliveryVan_DIFFUSE_NRM,512,512,4,ETC1,0x136,9,/home/z/my-project/download/TDKR_assets/textures_png/vehicles_tex/DeliveryVan_DIFFUSE_NRM.png,DeliveryVan_DIFFUSE_NRM.tga.bin
vehicles_tex,DeliveryVan_MASK,256,256,4,ETC1,0x136,8,/home/z/my-project/download/TDKR_assets/textures_png/vehicles_tex/DeliveryVan_MASK.png,DeliveryVan_MASK.tga.bin
vehicles_tex,GC_Truck_01,512,512,4,ETC1,0x136,9,/home/z/my-project/download/TDKR_assets/textures_png/vehicles_tex/GC_Truck_01.png,GC_Truck_01.tga.bin
vehicles_tex,GC_Truck_01_mask,256,256,4,ETC1,0x136,8,/home/z/my-project/download/TDKR_assets/textures_png/vehicles_tex/GC_Truck_01_mask.png,GC_Truck_01_mask.tga.bin
vehicles_tex,GC_Truck_wheels_01,256,256,4,ETC1,0x136,8,/home/z/my-project/download/TDKR_assets/textures_png/vehicles_tex/GC_Truck_wheels_01.png,GC_Truck_wheels_01.tga.bin
vehicles_tex,GC_refl_interior,256,256,4,ETC1,0x136,8,/home/z/my-project/download/TDKR_assets/textures_png/vehicles_tex/GC_refl_interior.png,GC_refl_interior.tga.bin
vehicles_tex,Heli_other,512,512,4,ETC1,0x136,9,/home/z/my-project/download/TDKR_assets/textures_png/vehicles_tex/Heli_other.png,Heli_other.tga.bin
vehicles_tex,Interior,256,256,4,ETC1,0x136,8,/home/z/my-project/download/TDKR_assets/textures_png/vehicles_tex/Interior.png,Interior.tga.bin
vehicles_tex,MC_Raba,1024,1024,4,ETC1,0x136,10,/home/z/my-project/download/TDKR_assets/textures_png/vehicles_tex/MC_Raba.png,MC_Raba.tga.bin
vehicles_tex,MC_Raba_M,512,512,4,ETC1,0x136,9,/home/z/my-project/download/TDKR_assets/textures_png/vehicles_tex/MC_Raba_M.png,MC_Raba_M.tga.bin
vehicles_tex,NoTexture,64,64,4,ETC1,0x136,6,/home/z/my-project/download/TDKR_assets/textures_png/vehicles_tex/NoTexture.png,NoTexture.tga.bin
vehicles_tex,PoliceHeli,512,512,4,ETC1,0x136,9,/home/z/my-project/download/TDKR_assets/textures_png/vehicles_tex/PoliceHeli.png,PoliceHeli.tga.bin
vehicles_tex,PoliceHeli_Mask,256,256,4,ETC1,0x136,8,/home/z/my-project/download/TDKR_assets/textures_png/vehicles_tex/PoliceHeli_Mask.png,PoliceHeli_Mask.tga.bin
vehicles_tex,PoliceHeli_camuflated,512,512,4,ETC1,0x136,9,/home/z/my-project/download/TDKR_assets/textures_png/vehicles_tex/PoliceHeli_camuflated.png,PoliceHeli_camuflated.tga.bin
vehicles_tex,PoliceHeli_crashed_Diffuse,512,512,4,ETC1,0x136,9,/home/z/my-project/download/TDKR_assets/textures_png/vehicles_tex/PoliceHeli_crashed_Diffuse.png,PoliceHeli_crashed_Diffuse.tga.bin
vehicles_tex,PoliceHeli_crashed_Mask,512,512,4,ETC1,0x136,9,/home/z/my-project/download/TDKR_assets/textures_png/vehicles_tex/PoliceHeli_crashed_Mask.png,PoliceHeli_crashed_Mask.tga.bin
vehicles_tex,PoliceHeli_interior,512,512,4,ETC1,0x136,9,/home/z/my-project/download/TDKR_assets/textures_png/vehicles_tex/PoliceHeli_interior.png,PoliceHeli_interior.tga.bin
vehicles_tex,SedanWhiteLimo_diffuse,512,512,4,ETC1,0x136,9,/home/z/my-project/download/TDKR_assets/textures_png/vehicles_tex/SedanWhiteLimo_diffuse.png,SedanWhiteLimo_diffuse.tga.bin
vehicles_tex,Sedan_diffuse,512,512,4,ETC1,0x136,9,/home/z/my-project/download/TDKR_assets/textures_png/vehicles_tex/Sedan_diffuse.png,Sedan_diffuse.tga.bin
vehicles_tex,Sedan_diffuse_Taxi,512,512,4,ETC1,0x136,9,/home/z/my-project/download/TDKR_assets/textures_png/vehicles_tex/Sedan_diffuse_Taxi.png,Sedan_diffuse_Taxi.tga.bin
vehicles_tex,Sedan_diffuse_Taxi_mask,256,256,4,ETC1,0x136,8,/home/z/my-project/download/TDKR_assets/textures_png/vehicles_tex/Sedan_diffuse_Taxi_mask.png,Sedan_diffuse_Taxi_mask.tga.bin
vehicles_tex,Sedan_diffuse_mask,256,256,4,ETC1,0x136,8,/home/z/my-project/download/TDKR_assets/textures_png/vehicles_tex/Sedan_diffuse_mask.png,Sedan_diffuse_mask.tga.bin
vehicles_tex,Shadow,0,0,0,ZIP_SPLIT,0,0,,Shadow.tga.bin
vehicles_tex,TheBat_D2,1024,1024,4,ETC1,0x136,10,/home/z/my-project/download/TDKR_assets/textures_png/vehicles_tex/TheBat_D2.png,TheBat_D2.tga.bin
vehicles_tex,TrafficCarSUV_mask.PVRTC4,256,256,4,ETC1,0x136,8,/home/z/my-project/download/TDKR_assets/textures_png/vehicles_tex/TrafficCarSUV_mask.PVRTC4.png,TrafficCarSUV_mask.PVRTC4.tga.bin
vehicles_tex,TrafficCarTaxi_mask.PVRTC4,256,256,4,ETC1,0x136,8,/home/z/my-project/download/TDKR_assets/textures_png/vehicles_tex/TrafficCarTaxi_mask.PVRTC4.png,TrafficCarTaxi_mask.PVRTC4.tga.bin
vehicles_tex,TrafficCarTrack_05.PVRTC4,1024,1024,4,ETC1,0x136,10,/home/z/my-project/download/TDKR_assets/textures_png/vehicles_tex/TrafficCarTrack_05.PVRTC4.png,TrafficCarTrack_05.PVRTC4.tga.bin
vehicles_tex,TrafficCarTrack_Mask.PVRTC4,512,512,4,ETC1,0x136,9,/home/z/my-project/download/TDKR_assets/textures_png/vehicles_tex/TrafficCarTrack_Mask.PVRTC4.png,TrafficCarTrack_Mask.PVRTC4.tga.bin
vehicles_tex,TrafficPolice,1024,1024,4,ETC1,0x136,10,/home/z/my-project/download/TDKR_assets/textures_png/vehicles_tex/TrafficPolice.png,TrafficPolice.tga.bin
vehicles_tex,TrafficPolice_mask,256,256,4,ETC1,0x136,8,/home/z/my-project/download/TDKR_assets/textures_png/vehicles_tex/TrafficPolice_mask.png,TrafficPolice_mask.tga.bin
vehicles_tex,TrafficSUV,1024,1024,4,ETC1,0x136,10,/home/z/my-project/download/TDKR_assets/textures_png/vehicles_tex/TrafficSUV.png,TrafficSUV.tga.bin
vehicles_tex,TrafficSUV_broken,512,512,4,ETC1,0x136,9,/home/z/my-project/download/TDKR_assets/textures_png/vehicles_tex/TrafficSUV_broken.png,TrafficSUV_broken.tga.bin
vehicles_tex,TrafficSUV_mask,512,512,4,ETC1,0x136,9,/home/z/my-project/download/TDKR_assets/textures_png/vehicles_tex/TrafficSUV_mask.png,TrafficSUV_mask.tga.bin
vehicles_tex,Tumbler_D,1024,1024,4,ETC1,0x136,10,/home/z/my-project/download/TDKR_assets/textures_png/vehicles_tex/Tumbler_D.png,Tumbler_D.tga.bin
vehicles_tex,Tumbler_D_refl,512,512,4,ETC1,0x136,9,/home/z/my-project/download/TDKR_assets/textures_png/vehicles_tex/Tumbler_D_refl.png,Tumbler_D_refl.tga.bin
vehicles_tex,Tumbler_NM,512,512,4,ETC1,0x136,9,/home/z/my-project/download/TDKR_assets/textures_png/vehicles_tex/Tumbler_NM.png,Tumbler_NM.tga.bin
vehicles_tex,Tumbler_Shadow,0,0,0,ZIP_SPLIT,0,0,,Tumbler_Shadow.tga.bin
vehicles_tex,Vehicles_NoTexture,64,64,4,ETC1,0x136,6,/home/z/my-project/download/TDKR_assets/textures_png/vehicles_tex/Vehicles_NoTexture.png,Vehicles_NoTexture.tga.bin
vehicles_tex,batPod_D,1024,1024,4,ETC1,0x136,10,/home/z/my-project/download/TDKR_assets/textures_png/vehicles_tex/batPod_D.png,batPod_D.tga.bin
vehicles_tex,batPod_M,512,512,4,ETC1,0x136,9,/home/z/my-project/download/TDKR_assets/textures_png/vehicles_tex/batPod_M.png,batPod_M.tga.bin
vehicles_tex,carLightsReflections,256,256,4,ETC1,0x136,8,/home/z/my-project/download/TDKR_assets/textures_png/vehicles_tex/carLightsReflections.png,carLightsReflections.tga.bin
vehicles_tex,coupe_diffuse,512,512,4,ETC1,0x136,9,/home/z/my-project/download/TDKR_assets/textures_png/vehicles_tex/coupe_diffuse.png,coupe_diffuse.tga.bin
vehicles_tex,coupe_diffuse_mask,512,512,4,ETC1,0x136,9,/home/z/my-project/download/TDKR_assets/textures_png/vehicles_tex/coupe_diffuse_mask.png,coupe_diffuse_mask.tga.bin
vehicles_tex,hatchback_diffuse,512,512,4,ETC1,0x136,9,/home/z/my-project/download/TDKR_assets/textures_png/vehicles_tex/hatchback_diffuse.png,hatchback_diffuse.tga.bin
vehicles_tex,hatchback_diffuse_mask,256,256,4,ETC1,0x136,8,/home/z/my-project/download/TDKR_assets/textures_png/vehicles_tex/hatchback_diffuse_mask.png,hatchback_diffuse_mask.tga.bin
vehicles_tex,helicopter_helix,0,0,0,ZIP_SPLIT,0,0,,helicopter_helix.tga.bin
vehicles_tex,military_helicopter,512,512,4,ETC1,0x136,9,/home/z/my-project/download/TDKR_assets/textures_png/vehicles_tex/military_helicopter.png,military_helicopter.tga.bin
vehicles_tex,military_helicopter_M,512,512,4,ETC1,0x136,9,/home/z/my-project/download/TDKR_assets/textures_png/vehicles_tex/military_helicopter_M.png,military_helicopter_M.tga.bin
vehicles_tex,military_hummer_D,1024,1024,4,ETC1,0x136,10,/home/z/my-project/download/TDKR_assets/textures_png/vehicles_tex/military_hummer_D.png,military_hummer_D.tga.bin
vehicles_tex,military_hummer_M,256,256,4,ETC1,0x136,8,/home/z/my-project/download/TDKR_assets/textures_png/vehicles_tex/military_hummer_M.png,military_hummer_M.tga.bin
vehicles_tex,new_headlights_glow,256,256,4,ETC1,0x136,8,/home/z/my-project/download/TDKR_assets/textures_png/vehicles_tex/new_headlights_glow.png,new_headlights_glow.tga.bin
vehicles_tex,new_headlights_spots,512,512,4,ETC1,0x136,9,/home/z/my-project/download/TDKR_assets/textures_png/vehicles_tex/new_headlights_spots.png,new_headlights_spots.tga.bin
vehicles_tex,police_coronas,256,256,4,ETC1,0x136,8,/home/z/my-project/download/TDKR_assets/textures_png/vehicles_tex/police_coronas.png,police_coronas.tga.bin
vehicles_tex,subway_train,1024,1024,4,ETC1,0x136,10,/home/z/my-project/download/TDKR_assets/textures_png/vehicles_tex/subway_train.png,subway_train.tga.bin
vehicles_tex,subway_train_mask,256,256,4,ETC1,0x136,8,/home/z/my-project/download/TDKR_assets/textures_png/vehicles_tex/subway_train_mask.png,subway_train_mask.tga.bin
vehicles_tex,thebat_M,256,256,4,ETC1,0x136,8,/home/z/my-project/download/TDKR_assets/textures_png/vehicles_tex/thebat_M.png,thebat_M.tga.bin
vehicles_tex,thebat_windows,512,512,4,ETC1,0x136,9,/home/z/my-project/download/TDKR_assets/textures_png/vehicles_tex/thebat_windows.png,thebat_windows.tga.bin
